id,tvt
000d7d20_1442,11746.41864349055
000d7d20_1443,11746.409747527036
000d7d20_1444,11746.40275606192
000d7d20_1445,11746.397587761028
000d7d20_1446,11746.394161290184
000d7d20_1447,11746.392395315223
000d7d20_1448,11746.387108501971
000d7d20_1449,11746.388419516257
000d7d20_1450,11746.391147023904
000d7d20_1451,11746.395161989672
000d7d20_1452,11746.393268575572
000d7d20_1453,11746.399683453352
000d7d20_1454,11746.407215075686
000d7d20_1455,11746.410756668383
000d7d20_1456,11746.420306808926
000d7d20_1457,11746.430773845466
000d7d20_1458,11746.437150741378
000d7d20_1459,11746.449388602363
000d7d20_1460,11746.457171031027
000d7d20_1461,11746.470774989746
000d7d20_1462,11746.48019317171
000d7d20_1463,11746.488171546824
000d7d20_1464,11746.50405590031
000d7d20_1465,11746.515214096493
000d7d20_1466,11746.52687243501
000d7d20_1467,11746.544045009823
000d7d20_1468,11746.556441832698
000d7d20_1469,11746.568844024165
000d7d20_1470,11746.581210410655
000d7d20_1471,11746.593401126887
000d7d20_1472,11746.605172538351
000d7d20_1473,11746.614260165832
000d7d20_1474,11746.619752811956
000d7d20_1475,11746.626464014498
000d7d20_1476,11746.638182637935
000d7d20_1477,11746.649452439384
000d7d20_1478,11746.65835262871
000d7d20_1479,11746.66649342591
000d7d20_1480,11746.673456117154
000d7d20_1481,11746.679544103366
000d7d20_1482,11746.684272085071
000d7d20_1483,11746.682747248899
000d7d20_1484,11746.6826906768
000d7d20_1485,11746.682259748293
000d7d20_1486,11746.67441813419
000d7d20_1487,11746.669686416972
000d7d20_1488,11746.663144180253
000d7d20_1489,11746.652250899806
000d7d20_1490,11746.644563265378
000d7d20_1491,11746.631190697193
000d7d20_1492,11746.61925450697
000d7d20_1493,11746.604299317298
000d7d20_1494,11746.589981210022
000d7d20_1495,11746.573609368068
000d7d20_1496,11746.554353593738
000d7d20_1497,11746.541742659818
000d7d20_1498,11746.523409002517
000d7d20_1499,11746.503285083723
000d7d20_1500,11746.48687535263
000d7d20_1501,11746.48043465356
000d7d20_1502,11746.471257836074
000d7d20_1503,11746.459572982083
000d7d20_1504,11746.448808007612
000d7d20_1505,11746.44546648581
000d7d20_1506,11746.440237694915
000d7d20_1507,11746.43944936551
000d7d20_1508,11746.439396981661
000d7d20_1509,11746.438593306077
000d7d20_1510,11746.438193570459
000d7d20_1511,11746.441434158894
000d7d20_1512,11746.442164491953
000d7d20_1513,11746.44220929236
000d7d20_1514,11746.445170682073
000d7d20_1515,11746.446067490568
000d7d20_1516,11746.4515098536
000d7d20_1517,11746.455189497945
000d7d20_1518,11746.455453448641
000d7d20_1519,11746.456314593637
000d7d20_1520,11746.459404846279
000d7d20_1521,11746.457457939268
000d7d20_1522,11746.455006306529
000d7d20_1523,11746.453110302702
000d7d20_1524,11746.449428141666
000d7d20_1525,11746.446590522373
000d7d20_1526,11746.446931684477
000d7d20_1527,11746.446545318322
000d7d20_1528,11746.446064855738
000d7d20_1529,11746.445903739668
000d7d20_1530,11746.440254400382
000d7d20_1531,11746.43967268891
000d7d20_1532,11746.441452812775
000d7d20_1533,11746.443144001636
000d7d20_1534,11746.443814822964
000d7d20_1535,11746.447443215528
000d7d20_1536,11746.450827131925
000d7d20_1537,11746.448108992081
000d7d20_1538,11746.446665673964
000d7d20_1539,11746.438751818203
000d7d20_1540,11746.439663545916
000d7d20_1541,11746.442331069517
000d7d20_1542,11746.441278005082
000d7d20_1543,11746.43861220268
000d7d20_1544,11746.436353603898
000d7d20_1545,11746.427098510341
000d7d20_1546,11746.425128013447
000d7d20_1547,11746.425094376544
000d7d20_1548,11746.422680746944
000d7d20_1549,11746.415444464497
000d7d20_1550,11746.41259961489
000d7d20_1551,11746.407288907227
000d7d20_1552,11746.40189308043
000d7d20_1553,11746.392660083848
000d7d20_1554,11746.38519591919
000d7d20_1555,11746.378130587058
000d7d20_1556,11746.366854100741
000d7d20_1557,11746.357452381606
000d7d20_1558,11746.347377699283
000d7d20_1559,11746.338302128755
000d7d20_1560,11746.321707301293
000d7d20_1561,11746.311303551272
000d7d20_1562,11746.298108175568
000d7d20_1563,11746.288180237869
000d7d20_1564,11746.278242989878
000d7d20_1565,11746.265864155117
000d7d20_1566,11746.25682572634
000d7d20_1567,11746.24419189198
000d7d20_1568,11746.239404164618
000d7d20_1569,11746.229379116128
000d7d20_1570,11746.212829162188
000d7d20_1571,11746.202200642121
000d7d20_1572,11746.18197144727
000d7d20_1573,11746.166526256198
000d7d20_1574,11746.149589713332
000d7d20_1575,11746.133488726591
000d7d20_1576,11746.111235075707
000d7d20_1577,11746.097323139526
000d7d20_1578,11746.074937826645
000d7d20_1579,11746.057478637456
000d7d20_1580,11746.035044362117
000d7d20_1581,11746.017836551755
000d7d20_1582,11745.999922884912
000d7d20_1583,11745.986959613692
000d7d20_1584,11745.969610262331
000d7d20_1585,11745.958528436782
000d7d20_1586,11745.940787136362
000d7d20_1587,11745.923436364956
000d7d20_1588,11745.914370930815
000d7d20_1589,11745.898787840597
000d7d20_1590,11745.889794980863
000d7d20_1591,11745.878375376038
000d7d20_1592,11745.866600146586
000d7d20_1593,11745.859961686576
000d7d20_1594,11745.852273606062
000d7d20_1595,11745.84291891159
000d7d20_1596,11745.840360185213
000d7d20_1597,11745.835667236304
000d7d20_1598,11745.829247872647
000d7d20_1599,11745.82894029591
000d7d20_1600,11745.826112806895
000d7d20_1601,11745.817418912426
000d7d20_1602,11745.813498633664
000d7d20_1603,11745.80676992494
000d7d20_1604,11745.797907202676
000d7d20_1605,11745.794987198038
000d7d20_1606,11745.788900418023
000d7d20_1607,11745.778710498555
000d7d20_1608,11745.773969716654
000d7d20_1609,11745.766463714139
000d7d20_1610,11745.761958023682
000d7d20_1611,11745.752270641653
000d7d20_1612,11745.74510037445
000d7d20_1613,11745.74206485827
000d7d20_1614,11745.733590764645
000d7d20_1615,11745.727885367654
000d7d20_1616,11745.724744573394
000d7d20_1617,11745.715672992921
000d7d20_1618,11745.713513156174
000d7d20_1619,11745.703939308387
000d7d20_1620,11745.694201754635
000d7d20_1621,11745.690445265114
000d7d20_1622,11745.680774408424
000d7d20_1623,11745.671105155894
000d7d20_1624,11745.66632228937
000d7d20_1625,11745.655207000007
000d7d20_1626,11745.6486960709
000d7d20_1627,11745.635458187153
000d7d20_1628,11745.624319204273
000d7d20_1629,11745.615821062576
000d7d20_1630,11745.601816062459
000d7d20_1631,11745.586738815815
000d7d20_1632,11745.566103639063
000d7d20_1633,11745.545811038766
000d7d20_1634,11745.533970732096
000d7d20_1635,11745.51489737244
000d7d20_1636,11745.501526941696
000d7d20_1637,11745.485015763596
000d7d20_1638,11745.470203380035
000d7d20_1639,11745.457430352582
000d7d20_1640,11745.439144568812
000d7d20_1641,11745.425775605787
000d7d20_1642,11745.407620786309
000d7d20_1643,11745.391972256992
000d7d20_1644,11745.371052014616
000d7d20_1645,11745.350281412619
000d7d20_1646,11745.338394509436
000d7d20_1647,11745.317920687754
000d7d20_1648,11745.302733595829
000d7d20_1649,11745.28143725495
000d7d20_1650,11745.267988255064
000d7d20_1651,11745.248245865794
000d7d20_1652,11745.234354138634
000d7d20_1653,11745.215280100485
000d7d20_1654,11745.199131641331
000d7d20_1655,11745.18485276576
000d7d20_1656,11745.166823334179
000d7d20_1657,11745.152842429086
000d7d20_1658,11745.137587866506
000d7d20_1659,11745.125608085753
000d7d20_1660,11745.108381963095
000d7d20_1661,11745.096405287106
000d7d20_1662,11745.082224576883
000d7d20_1663,11745.063800554124
000d7d20_1664,11745.050398802428
000d7d20_1665,11745.031937167572
000d7d20_1666,11745.020429697975
000d7d20_1667,11745.002277589389
000d7d20_1668,11744.990497206916
000d7d20_1669,11744.973505663802
000d7d20_1670,11744.964823084585
000d7d20_1671,11744.950151765079
000d7d20_1672,11744.94108812065
000d7d20_1673,11744.927302656728
000d7d20_1674,11744.92076704125
000d7d20_1675,11744.907471494313
000d7d20_1676,11744.899842397925
000d7d20_1677,11744.887332434002
000d7d20_1678,11744.882658581824
000d7d20_1679,11744.870890022657
000d7d20_1680,11744.864217109258
000d7d20_1681,11744.852603253403
000d7d20_1682,11744.847733036175
000d7d20_1683,11744.836633809547
000d7d20_1684,11744.830034744495
000d7d20_1685,11744.817452544266
000d7d20_1686,11744.81431515122
000d7d20_1687,11744.804639759072
000d7d20_1688,11744.800536551149
000d7d20_1689,11744.793947696686
000d7d20_1690,11744.793535082343
000d7d20_1691,11744.787194091394
000d7d20_1692,11744.785405649462
000d7d20_1693,11744.779684431585
000d7d20_1694,11744.781551741147
000d7d20_1695,11744.7817177623
000d7d20_1696,11744.775225312158
000d7d20_1697,11744.772419609151
000d7d20_1698,11744.771418987086
000d7d20_1699,11744.766220335376
000d7d20_1700,11744.754870034409
000d7d20_1701,11744.747337875928
000d7d20_1702,11744.742701252062
000d7d20_1703,11744.73608202674
000d7d20_1704,11744.729033442134
000d7d20_1705,11744.72144362953
000d7d20_1706,11744.708400076037
000d7d20_1707,11744.698214710632
000d7d20_1708,11744.687828126716
000d7d20_1709,11744.676843350437
000d7d20_1710,11744.668432287337
000d7d20_1711,11744.658200610364
000d7d20_1712,11744.64761269353
000d7d20_1713,11744.635842341104
000d7d20_1714,11744.627638903497
000d7d20_1715,11744.622052772804
000d7d20_1716,11744.610074648373
000d7d20_1717,11744.597732128703
000d7d20_1718,11744.588432692406
000d7d20_1719,11744.574340830495
000d7d20_1720,11744.560473606698
000d7d20_1721,11744.552561481343
000d7d20_1722,11744.54033810102
000d7d20_1723,11744.525361967353
000d7d20_1724,11744.51209435182
000d7d20_1725,11744.50385108035
000d7d20_1726,11744.493247695382
000d7d20_1727,11744.48086866688
000d7d20_1728,11744.472308367029
000d7d20_1729,11744.458020665004
000d7d20_1730,11744.451779490664
000d7d20_1731,11744.43843131965
000d7d20_1732,11744.429759815488
000d7d20_1733,11744.416139113275
000d7d20_1734,11744.410200267295
000d7d20_1735,11744.398250078984
000d7d20_1736,11744.390631500897
000d7d20_1737,11744.379194609617
000d7d20_1738,11744.374690714023
000d7d20_1739,11744.368472318913
000d7d20_1740,11744.35671679257
000d7d20_1741,11744.350960641914
000d7d20_1742,11744.349303292824
000d7d20_1743,11744.34163535968
000d7d20_1744,11744.338371116723
000d7d20_1745,11744.336263869329
000d7d20_1746,11744.337904775242
000d7d20_1747,11744.336735152501
000d7d20_1748,11744.33228187275
000d7d20_1749,11744.33498628972
000d7d20_1750,11744.336433773671
000d7d20_1751,11744.338162182
000d7d20_1752,11744.339704171922
000d7d20_1753,11744.342002822705
000d7d20_1754,11744.3454184438
000d7d20_1755,11744.347572230849
000d7d20_1756,11744.348304289959
000d7d20_1757,11744.34975658739
000d7d20_1758,11744.353588263497
000d7d20_1759,11744.354672561622
000d7d20_1760,11744.355288520062
000d7d20_1761,11744.355901433806
000d7d20_1762,11744.359598063222
000d7d20_1763,11744.367587660367
000d7d20_1764,11744.371345560367
000d7d20_1765,11744.37731322251
000d7d20_1766,11744.385786378467
000d7d20_1767,11744.393774481461
000d7d20_1768,11744.406401392844
000d7d20_1769,11744.41990441238
000d7d20_1770,11744.430016751154
000d7d20_1771,11744.44513215647
000d7d20_1772,11744.453222151813
000d7d20_1773,11744.461321593197
000d7d20_1774,11744.472645616337
000d7d20_1775,11744.47606033706
000d7d20_1776,11744.481333344062
000d7d20_1777,11744.482882594806
000d7d20_1778,11744.486928917333
000d7d20_1779,11744.484967447646
000d7d20_1780,11744.488592970996
000d7d20_1781,11744.488947765218
000d7d20_1782,11744.492103922446
000d7d20_1783,11744.494968824394
000d7d20_1784,11744.494048865712
000d7d20_1785,11744.5019922851
000d7d20_1786,11744.499150327374
000d7d20_1787,11744.500997472089
000d7d20_1788,11744.496775072736
000d7d20_1789,11744.500523404387
000d7d20_1790,11744.49715036232
000d7d20_1791,11744.498300837291
000d7d20_1792,11744.491242086795
000d7d20_1793,11744.490668305902
000d7d20_1794,11744.483690473106
000d7d20_1795,11744.476418707902
000d7d20_1796,11744.471998378507
000d7d20_1797,11744.464949422734
000d7d20_1798,11744.459300597613
000d7d20_1799,11744.448111103335
000d7d20_1800,11744.437706961176
000d7d20_1801,11744.429725804928
000d7d20_1802,11744.426074953302
000d7d20_1803,11744.416024190155
000d7d20_1804,11744.4049928642
000d7d20_1805,11744.396767467748
000d7d20_1806,11744.392744554407
000d7d20_1807,11744.383523878181
000d7d20_1808,11744.375592920169
000d7d20_1809,11744.369659316013
000d7d20_1810,11744.36261960532
000d7d20_1811,11744.358147101142
000d7d20_1812,11744.357859616375
000d7d20_1813,11744.35588220631
000d7d20_1814,11744.352693856279
000d7d20_1815,11744.35009128569
000d7d20_1816,11744.347128099183
000d7d20_1817,11744.346590708668
000d7d20_1818,11744.34350994979
000d7d20_1819,11744.34167505896
000d7d20_1820,11744.339860799282
000d7d20_1821,11744.342450290475
000d7d20_1822,11744.34629136142
000d7d20_1823,11744.348695602423
000d7d20_1824,11744.35165319483
000d7d20_1825,11744.357928478641
000d7d20_1826,11744.355840346227
000d7d20_1827,11744.359381392056
000d7d20_1828,11744.363540380158
000d7d20_1829,11744.370371479057
000d7d20_1830,11744.375456347363
000d7d20_1831,11744.381381664472
000d7d20_1832,11744.381142546095
000d7d20_1833,11744.387826263084
000d7d20_1834,11744.39177011933
000d7d20_1835,11744.395525340042
000d7d20_1836,11744.39303309716
000d7d20_1837,11744.397263809871
000d7d20_1838,11744.401456936732
000d7d20_1839,11744.399000811414
000d7d20_1840,11744.402161962105
000d7d20_1841,11744.407099552576
000d7d20_1842,11744.403818860457
000d7d20_1843,11744.405082721747
000d7d20_1844,11744.402688746271
000d7d20_1845,11744.405092633511
000d7d20_1846,11744.402377002534
000d7d20_1847,11744.40782580257
000d7d20_1848,11744.406357129821
000d7d20_1849,11744.409109703003
000d7d20_1850,11744.406169496771
000d7d20_1851,11744.409674155422
000d7d20_1852,11744.406029307132
000d7d20_1853,11744.41208007035
000d7d20_1854,11744.412376808847
000d7d20_1855,11744.418036763473
000d7d20_1856,11744.417069659245
000d7d20_1857,11744.418886634563
000d7d20_1858,11744.422084957154
000d7d20_1859,11744.42139072362
000d7d20_1860,11744.418743640092
000d7d20_1861,11744.425369083207
000d7d20_1862,11744.426319848786
000d7d20_1863,11744.429642231793
000d7d20_1864,11744.43135646384
000d7d20_1865,11744.441980758822
000d7d20_1866,11744.4460427593
000d7d20_1867,11744.452826847384
000d7d20_1868,11744.457167565402
000d7d20_1869,11744.464063568372
000d7d20_1870,11744.469008657716
000d7d20_1871,11744.479523993476
000d7d20_1872,11744.482355851567
000d7d20_1873,11744.486249674868
000d7d20_1874,11744.487162564492
000d7d20_1875,11744.487421140277
000d7d20_1876,11744.489342221586
000d7d20_1877,11744.488753539661
000d7d20_1878,11744.490027791013
000d7d20_1879,11744.489811778763
000d7d20_1880,11744.49078837294
000d7d20_1881,11744.487626201559
000d7d20_1882,11744.486839950234
000d7d20_1883,11744.48351686764
000d7d20_1884,11744.486896317176
000d7d20_1885,11744.484910426328
000d7d20_1886,11744.484490940762
000d7d20_1887,11744.480726967275
000d7d20_1888,11744.479369915967
000d7d20_1889,11744.475531774839
000d7d20_1890,11744.479143485303
000d7d20_1891,11744.474813736333
000d7d20_1892,11744.471517756181
000d7d20_1893,11744.464928380368
000d7d20_1894,11744.460126122869
000d7d20_1895,11744.45979963946
000d7d20_1896,11744.454864366719
000d7d20_1897,11744.446995162974
000d7d20_1898,11744.44259417255
000d7d20_1899,11744.440000955392
000d7d20_1900,11744.433439418946
000d7d20_1901,11744.425576532334
000d7d20_1902,11744.42625934901
000d7d20_1903,11744.420079250118
000d7d20_1904,11744.415694973364
000d7d20_1905,11744.413561218422
000d7d20_1906,11744.407612088686
000d7d20_1907,11744.398491304024
000d7d20_1908,11744.395958030529
000d7d20_1909,11744.384574025014
000d7d20_1910,11744.383160047088
000d7d20_1911,11744.376430692144
000d7d20_1912,11744.371745055323
000d7d20_1913,11744.368640275286
000d7d20_1914,11744.36191207172
000d7d20_1915,11744.360469716372
000d7d20_1916,11744.354304241679
000d7d20_1917,11744.356133985557
000d7d20_1918,11744.349840446306
000d7d20_1919,11744.35166523512
000d7d20_1920,11744.346840666529
000d7d20_1921,11744.351202649741
000d7d20_1922,11744.344300393592
000d7d20_1923,11744.346356086935
000d7d20_1924,11744.341780663064
000d7d20_1925,11744.34649135089
000d7d20_1926,11744.349576822737
000d7d20_1927,11744.345956970843
000d7d20_1928,11744.349696378544
000d7d20_1929,11744.35425786672
000d7d20_1930,11744.36553465974
000d7d20_1931,11744.383982830508
000d7d20_1932,11744.39924689959
000d7d20_1933,11744.426908157624
000d7d20_1934,11744.457166799872
000d7d20_1935,11744.483316783138
000d7d20_1936,11744.512594351163
000d7d20_1937,11744.54180961761
000d7d20_1938,11744.56196310931
000d7d20_1939,11744.587452622192
000d7d20_1940,11744.604804199957
000d7d20_1941,11744.620675521497
000d7d20_1942,11744.626961988346
000d7d20_1943,11744.635625565159
000d7d20_1944,11744.644285304632
000d7d20_1945,11744.653295075806
000d7d20_1946,11744.661941950566
000d7d20_1947,11744.668089216542
000d7d20_1948,11744.678989966287
000d7d20_1949,11744.692507226424
000d7d20_1950,11744.70309677826
000d7d20_1951,11744.71314931546
000d7d20_1952,11744.721898724689
000d7d20_1953,11744.729066649656
000d7d20_1954,11744.72992488002
000d7d20_1955,11744.733083233217
000d7d20_1956,11744.73002657685
000d7d20_1957,11744.720376715984
000d7d20_1958,11744.708219499016
000d7d20_1959,11744.689413352851
000d7d20_1960,11744.66732509078
000d7d20_1961,11744.64370737564
000d7d20_1962,11744.619087710858
000d7d20_1963,11744.590317667402
000d7d20_1964,11744.563236747788
000d7d20_1965,11744.53682042858
000d7d20_1966,11744.513998357146
000d7d20_1967,11744.492159346031
000d7d20_1968,11744.475538767743
000d7d20_1969,11744.461464765613
000d7d20_1970,11744.451667659065
000d7d20_1971,11744.440913612543
000d7d20_1972,11744.42675257038
000d7d20_1973,11744.41334046376
000d7d20_1974,11744.39876858451
000d7d20_1975,11744.381778312176
000d7d20_1976,11744.367121566163
000d7d20_1977,11744.350135157027
000d7d20_1978,11744.333685745363
000d7d20_1979,11744.321010595879
000d7d20_1980,11744.306296784778
000d7d20_1981,11744.28902445804
000d7d20_1982,11744.274309545577
000d7d20_1983,11744.263363675473
000d7d20_1984,11744.250200105715
000d7d20_1985,11744.237905301117
000d7d20_1986,11744.233257447017
000d7d20_1987,11744.223792778535
000d7d20_1988,11744.217874547707
000d7d20_1989,11744.219336348466
000d7d20_1990,11744.21661305974
000d7d20_1991,11744.22277107663
000d7d20_1992,11744.223905711566
000d7d20_1993,11744.236107556886
000d7d20_1994,11744.241245080237
000d7d20_1995,11744.250408872756
000d7d20_1996,11744.253602752444
000d7d20_1997,11744.26444259902
000d7d20_1998,11744.270272938267
000d7d20_1999,11744.28369673511
000d7d20_2000,11744.290953204792
000d7d20_2001,11744.305516745277
000d7d20_2002,11744.313387416574
000d7d20_2003,11744.329343902646
000d7d20_2004,11744.344784089924
000d7d20_2005,11744.358276009994
000d7d20_2006,11744.376634395165
000d7d20_2007,11744.399283526313
000d7d20_2008,11744.416442804024
000d7d20_2009,11744.439890700738
000d7d20_2010,11744.463701504868
000d7d20_2011,11744.492441631683
000d7d20_2012,11744.51792548254
000d7d20_2013,11744.553404814858
000d7d20_2014,11744.588058919468
000d7d20_2015,11744.626244251624
000d7d20_2016,11744.662573392889
000d7d20_2017,11744.69526746873
000d7d20_2018,11744.72917726761
000d7d20_2019,11744.761898096564
000d7d20_2020,11744.789272889513
000d7d20_2021,11744.815068431219
000d7d20_2022,11744.836943793654
000d7d20_2023,11744.86073126559
000d7d20_2024,11744.878515476907
000d7d20_2025,11744.897016670922
000d7d20_2026,11744.914010677423
000d7d20_2027,11744.929242622724
000d7d20_2028,11744.945863788995
000d7d20_2029,11744.961121520884
000d7d20_2030,11744.979331989376
000d7d20_2031,11744.994549017234
000d7d20_2032,11745.011879225585
000d7d20_2033,11745.027792743558
000d7d20_2034,11745.047696818156
000d7d20_2035,11745.056757204533
000d7d20_2036,11745.065208284155
000d7d20_2037,11745.068312499083
000d7d20_2038,11745.071932865922
000d7d20_2039,11745.075698977744
000d7d20_2040,11745.076328896339
000d7d20_2041,11745.074173082572
000d7d20_2042,11745.06883745853
000d7d20_2043,11745.066385335225
000d7d20_2044,11745.066726556699
000d7d20_2045,11745.06401670036
000d7d20_2046,11745.06609283566
000d7d20_2047,11745.06038634544
000d7d20_2048,11745.05893401468
000d7d20_2049,11745.061748072367
000d7d20_2050,11745.058952030462
000d7d20_2051,11745.058853274673
000d7d20_2052,11745.057436767249
000d7d20_2053,11745.055475371133
000d7d20_2054,11745.060917196886
000d7d20_2055,11745.060835551392
000d7d20_2056,11745.070073372819
000d7d20_2057,11745.073597965978
000d7d20_2058,11745.085077987162
000d7d20_2059,11745.097305465713
000d7d20_2060,11745.109551210324
000d7d20_2061,11745.122108040647
000d7d20_2062,11745.131421039448
000d7d20_2063,11745.147884983548
000d7d20_2064,11745.161901266061
000d7d20_2065,11745.173344652183
000d7d20_2066,11745.188445757954
000d7d20_2067,11745.20657982309
000d7d20_2068,11745.216897407936
000d7d20_2069,11745.235861820598
000d7d20_2070,11745.251000650085
000d7d20_2071,11745.274745871273
000d7d20_2072,11745.297376050221
000d7d20_2073,11745.319024774924
000d7d20_2074,11745.343381821931
000d7d20_2075,11745.365307394932
000d7d20_2076,11745.38999320519
000d7d20_2077,11745.411674159579
000d7d20_2078,11745.435298314174
000d7d20_2079,11745.459986200818
000d7d20_2080,11745.476037203867
000d7d20_2081,11745.499918875787
000d7d20_2082,11745.51513331219
000d7d20_2083,11745.53630399355
000d7d20_2084,11745.545642066832
000d7d20_2085,11745.564307952856
000d7d20_2086,11745.576073246095
000d7d20_2087,11745.59446990384
000d7d20_2088,11745.60586595526
000d7d20_2089,11745.625230839269
000d7d20_2090,11745.635833258428
000d7d20_2091,11745.646653956375
000d7d20_2092,11745.659433077053
000d7d20_2093,11745.667390013754
000d7d20_2094,11745.677196084907
000d7d20_2095,11745.685203702977
000d7d20_2096,11745.696251525509
000d7d20_2097,11745.704512935772
000d7d20_2098,11745.710919713765
000d7d20_2099,11745.723139834081
000d7d20_2100,11745.728995916263
000d7d20_2101,11745.736779795123
000d7d20_2102,11745.739969385239
000d7d20_2103,11745.744726512377
000d7d20_2104,11745.752395063299
000d7d20_2105,11745.755874977036
000d7d20_2106,11745.762135587702
000d7d20_2107,11745.771202037395
000d7d20_2108,11745.777293208126
000d7d20_2109,11745.7848302456
000d7d20_2110,11745.796235770902
000d7d20_2111,11745.805367344845
000d7d20_2112,11745.815832399061
000d7d20_2113,11745.830888458266
000d7d20_2114,11745.8397676223
000d7d20_2115,11745.848588677738
000d7d20_2116,11745.860037685665
000d7d20_2117,11745.876532746955
000d7d20_2118,11745.889864495513
000d7d20_2119,11745.901602229778
000d7d20_2120,11745.913943761823
000d7d20_2121,11745.933671069279
000d7d20_2122,11745.945445445625
000d7d20_2123,11745.956130779832
000d7d20_2124,11745.96654482573
000d7d20_2125,11745.978465907112
000d7d20_2126,11745.993880780483
000d7d20_2127,11746.002782769687
000d7d20_2128,11746.009963091956
000d7d20_2129,11746.016744946337
000d7d20_2130,11746.022384802549
000d7d20_2131,11746.032161460165
000d7d20_2132,11746.037171878705
000d7d20_2133,11746.04217801666
000d7d20_2134,11746.04836370845
000d7d20_2135,11746.052099728502
000d7d20_2136,11746.054574597027
000d7d20_2137,11746.057632722452
000d7d20_2138,11746.063342258898
000d7d20_2139,11746.07119064364
000d7d20_2140,11746.0718174662
000d7d20_2141,11746.07016719625
000d7d20_2142,11746.065543998237
000d7d20_2143,11746.061536851728
000d7d20_2144,11746.053511725524
000d7d20_2145,11746.04542430883
000d7d20_2146,11746.03725699081
000d7d20_2147,11746.031441564533
000d7d20_2148,11746.024075694088
000d7d20_2149,11746.01614363794
000d7d20_2150,11746.00878929181
000d7d20_2151,11746.001430147717
000d7d20_2152,11745.996326243036
000d7d20_2153,11745.994989068919
000d7d20_2154,11745.997233129277
000d7d20_2155,11746.002196557267
000d7d20_2156,11746.009831063111
000d7d20_2157,11746.016999813115
000d7d20_2158,11746.024121399952
000d7d20_2159,11746.029976938742
000d7d20_2160,11746.039194135676
000d7d20_2161,11746.045777139534
000d7d20_2162,11746.050497104683
000d7d20_2163,11746.053666098924
000d7d20_2164,11746.05867237868
000d7d20_2165,11746.063889639961
000d7d20_2166,11746.065843444412
000d7d20_2167,11746.067883442061
000d7d20_2168,11746.072624839857
000d7d20_2169,11746.08185019447
000d7d20_2170,11746.088156022764
000d7d20_2171,11746.096519428103
000d7d20_2172,11746.101806931496
000d7d20_2173,11746.108424639267
000d7d20_2174,11746.109432719324
000d7d20_2175,11746.108758913446
000d7d20_2176,11746.10761350835
000d7d20_2177,11746.10419676933
000d7d20_2178,11746.1012094221
000d7d20_2179,11746.093817120513
000d7d20_2180,11746.088313489865
000d7d20_2181,11746.083507150235
000d7d20_2182,11746.08323457363
000d7d20_2183,11746.086662808637
000d7d20_2184,11746.087747016667
000d7d20_2185,11746.089007017657
000d7d20_2186,11746.093352261649
000d7d20_2187,11746.096998566365
000d7d20_2188,11746.099298776944
000d7d20_2189,11746.102030636688
000d7d20_2190,11746.105368493836
000d7d20_2191,11746.112441740861
000d7d20_2192,11746.123865131594
000d7d20_2193,11746.130860362246
000d7d20_2194,11746.137155939074
000d7d20_2195,11746.147204321798
000d7d20_2196,11746.155492493921
000d7d20_2197,11746.162761093437
000d7d20_2198,11746.17006836204
000d7d20_2199,11746.183476466422
000d7d20_2200,11746.190777432805
000d7d20_2201,11746.194622952537
000d7d20_2202,11746.199690562655
000d7d20_2203,11746.208148870199
000d7d20_2204,11746.224792152276
000d7d20_2205,11746.236378993746
000d7d20_2206,11746.247573534627
000d7d20_2207,11746.260005745447
000d7d20_2208,11746.280277397236
000d7d20_2209,11746.2929086826
000d7d20_2210,11746.304977929402
000d7d20_2211,11746.317003566966
000d7d20_2212,11746.330327728156
000d7d20_2213,11746.34529187197
000d7d20_2214,11746.354428999453
000d7d20_2215,11746.362493432143
000d7d20_2216,11746.373975548693
000d7d20_2217,11746.380325391394
000d7d20_2218,11746.386383970203
000d7d20_2219,11746.392036580175
000d7d20_2220,11746.403053990252
000d7d20_2221,11746.411960314897
000d7d20_2222,11746.418293165883
000d7d20_2223,11746.428647601919
000d7d20_2224,11746.433847326432
000d7d20_2225,11746.440337030337
000d7d20_2226,11746.450746531405
000d7d20_2227,11746.45627540704
000d7d20_2228,11746.461528615706
000d7d20_2229,11746.470513915378
000d7d20_2230,11746.477407529768
000d7d20_2231,11746.482021010692
000d7d20_2232,11746.490401075382
000d7d20_2233,11746.494320492755
000d7d20_2234,11746.501063199157
000d7d20_2235,11746.510436669187
000d7d20_2236,11746.514453256881
000d7d20_2237,11746.525124842818
000d7d20_2238,11746.533364727758
000d7d20_2239,11746.537847621275
000d7d20_2240,11746.550041430102
000d7d20_2241,11746.558312067973
000d7d20_2242,11746.57356279304
000d7d20_2243,11746.584240762808
000d7d20_2244,11746.593759130097
000d7d20_2245,11746.606908358877
000d7d20_2246,11746.616181478315
000d7d20_2247,11746.630564429921
000d7d20_2248,11746.637079207114
000d7d20_2249,11746.648232753705
000d7d20_2250,11746.653985297875
000d7d20_2251,11746.666799272814
000d7d20_2252,11746.674481459038
000d7d20_2253,11746.68632868083
000d7d20_2254,11746.693076118565
000d7d20_2255,11746.7004667757
000d7d20_2256,11746.714443822122
000d7d20_2257,11746.720263123856
000d7d20_2258,11746.726069657641
000d7d20_2259,11746.73114600575
000d7d20_2260,11746.73948060457
000d7d20_2261,11746.74355885668
000d7d20_2262,11746.754337675704
000d7d20_2263,11746.760215103794
000d7d20_2264,11746.762367338779
000d7d20_2265,11746.767103087368
000d7d20_2266,11746.772388728623
000d7d20_2267,11746.775703337866
000d7d20_2268,11746.77868663155
000d7d20_2269,11746.783528985176
000d7d20_2270,11746.78217568283
000d7d20_2271,11746.786957997592
000d7d20_2272,11746.787240776825
000d7d20_2273,11746.794016071624
000d7d20_2274,11746.79563084067
000d7d20_2275,11746.80131735955
000d7d20_2276,11746.80150153437
000d7d20_2277,11746.808525275179
000d7d20_2278,11746.80846468538
000d7d20_2279,11746.80738925289
000d7d20_2280,11746.805468221602
000d7d20_2281,11746.809044209076
000d7d20_2282,11746.809826858154
000d7d20_2283,11746.805115366245
000d7d20_2284,11746.801835125458
000d7d20_2285,11746.798585782435
000d7d20_2286,11746.797837819573
000d7d20_2287,11746.795524317893
000d7d20_2288,11746.786542086335
000d7d20_2289,11746.77850552023
000d7d20_2290,11746.776144497962
000d7d20_2291,11746.771602641864
000d7d20_2292,11746.763208250111
000d7d20_2293,11746.761936562176
000d7d20_2294,11746.761343609953
000d7d20_2295,11746.75710176659
000d7d20_2296,11746.755724900018
000d7d20_2297,11746.7488872
000d7d20_2298,11746.738773006204
000d7d20_2299,11746.732622506799
000d7d20_2300,11746.7222196552
000d7d20_2301,11746.709696462836
000d7d20_2302,11746.694575756035
000d7d20_2303,11746.68314812128
000d7d20_2304,11746.667624498277
000d7d20_2305,11746.645238793866
000d7d20_2306,11746.629549565814
000d7d20_2307,11746.612373242613
000d7d20_2308,11746.598114645727
000d7d20_2309,11746.58262054601
000d7d20_2310,11746.562424509651
000d7d20_2311,11746.546271639898
000d7d20_2312,11746.531118814608
000d7d20_2313,11746.514509173376
000d7d20_2314,11746.493813846064
000d7d20_2315,11746.4804676252
000d7d20_2316,11746.466089565356
000d7d20_2317,11746.447624284629
000d7d20_2318,11746.42535687146
000d7d20_2319,11746.408724053017
000d7d20_2320,11746.386720134658
000d7d20_2321,11746.37256908339
000d7d20_2322,11746.356750359517
000d7d20_2323,11746.340649420374
000d7d20_2324,11746.326187686718
000d7d20_2325,11746.31627096255
000d7d20_2326,11746.314272389189
000d7d20_2327,11746.305002552675
000d7d20_2328,11746.303302685788
000d7d20_2329,11746.303891792237
000d7d20_2330,11746.307725656341
000d7d20_2331,11746.30603008287
000d7d20_2332,11746.307467894838
000d7d20_2333,11746.303382285503
000d7d20_2334,11746.298180957723
000d7d20_2335,11746.285893526374
000d7d20_2336,11746.278963793775
000d7d20_2337,11746.27105027886
000d7d20_2338,11746.25903614266
000d7d20_2339,11746.245582925307
000d7d20_2340,11746.226382374245
000d7d20_2341,11746.212348219515
000d7d20_2342,11746.190003412208
000d7d20_2343,11746.165621268792
000d7d20_2344,11746.146024924943
000d7d20_2345,11746.119321367794
000d7d20_2346,11746.089762643867
000d7d20_2347,11746.059725883268
000d7d20_2348,11746.025275807915
000d7d20_2349,11745.990580216685
000d7d20_2350,11745.958595619626
000d7d20_2351,11745.93070094924
000d7d20_2352,11745.905363439295
000d7d20_2353,11745.874275665741
000d7d20_2354,11745.844311150318
000d7d20_2355,11745.809754678288
000d7d20_2356,11745.776427318957
000d7d20_2357,11745.741850651266
000d7d20_2358,11745.708478133027
000d7d20_2359,11745.678415842372
000d7d20_2360,11745.645403814055
000d7d20_2361,11745.612799579627
000d7d20_2362,11745.58094487805
000d7d20_2363,11745.549323272335
000d7d20_2364,11745.514182576746
000d7d20_2365,11745.48095251507
000d7d20_2366,11745.449786322071
000d7d20_2367,11745.41398270339
000d7d20_2368,11745.369808293455
000d7d20_2369,11745.331910926363
000d7d20_2370,11745.294261682588
000d7d20_2371,11745.261876910517
000d7d20_2372,11745.233642209332
000d7d20_2373,11745.20763650995
000d7d20_2374,11745.182095647302
000d7d20_2375,11745.153662884593
000d7d20_2376,11745.128504935186
000d7d20_2377,11745.098972330634
000d7d20_2378,11745.07549685154
000d7d20_2379,11745.05274290566
000d7d20_2380,11745.030548216453
000d7d20_2381,11745.01209077227
000d7d20_2382,11744.989204691363
000d7d20_2383,11744.972412252208
000d7d20_2384,11744.957673460929
000d7d20_2385,11744.942513632708
000d7d20_2386,11744.93392191012
000d7d20_2387,11744.921189109613
000d7d20_2388,11744.915260505939
000d7d20_2389,11744.905266937596
000d7d20_2390,11744.89026154537
000d7d20_2391,11744.884562367715
000d7d20_2392,11744.879384599444
000d7d20_2393,11744.875702536263
000d7d20_2394,11744.865490099783
000d7d20_2395,11744.861469577289
000d7d20_2396,11744.862025327715
000d7d20_2397,11744.854870369534
000d7d20_2398,11744.853672655336
000d7d20_2399,11744.854538139254
000d7d20_2400,11744.850013614709
000d7d20_2401,11744.85152964923
000d7d20_2402,11744.849435967602
000d7d20_2403,11744.849526613754
000d7d20_2404,11744.848752707268
000d7d20_2405,11744.837226871974
000d7d20_2406,11744.833654369053
000d7d20_2407,11744.825273657567
000d7d20_2408,11744.822206721576
000d7d20_2409,11744.811361494383
000d7d20_2410,11744.801714078276
000d7d20_2411,11744.786647219049
000d7d20_2412,11744.774610263026
000d7d20_2413,11744.75351094982
000d7d20_2414,11744.737035002967
000d7d20_2415,11744.711481112816
000d7d20_2416,11744.690367260326
000d7d20_2417,11744.665572108403
000d7d20_2418,11744.644085653596
000d7d20_2419,11744.614813979762
000d7d20_2420,11744.588314012275
000d7d20_2421,11744.552756735036
000d7d20_2422,11744.526475475715
000d7d20_2423,11744.492784845159
000d7d20_2424,11744.458025155942
000d7d20_2425,11744.426649521223
000d7d20_2426,11744.386718971022
000d7d20_2427,11744.351352216101
000d7d20_2428,11744.312536632697
000d7d20_2429,11744.274881195746
000d7d20_2430,11744.243046140475
000d7d20_2431,11744.203071707796
000d7d20_2432,11744.166223055488
000d7d20_2433,11744.135297450819
000d7d20_2434,11744.098498872561
000d7d20_2435,11744.062396448931
000d7d20_2436,11744.028484067308
000d7d20_2437,11743.98675151425
000d7d20_2438,11743.949376375858
000d7d20_2439,11743.912088288038
000d7d20_2440,11743.88257213538
000d7d20_2441,11743.847675777186
000d7d20_2442,11743.816950608516
000d7d20_2443,11743.786112703547
000d7d20_2444,11743.760119685528
000d7d20_2445,11743.729692803397
000d7d20_2446,11743.699358957609
000d7d20_2447,11743.663976233436
000d7d20_2448,11743.629484573848
000d7d20_2449,11743.598270185677
000d7d20_2450,11743.561915248716
000d7d20_2451,11743.526287343357
000d7d20_2452,11743.486227403537
000d7d20_2453,11743.447137374129
000d7d20_2454,11743.412805469929
000d7d20_2455,11743.374215587457
000d7d20_2456,11743.340380139784
000d7d20_2457,11743.305435373291
000d7d20_2458,11743.27183496936
000d7d20_2459,11743.234653465222
000d7d20_2460,11743.202932549393
000d7d20_2461,11743.169358996453
000d7d20_2462,11743.134019131583
000d7d20_2463,11743.101069485747
000d7d20_2464,11743.068899256468
000d7d20_2465,11743.03760447837
000d7d20_2466,11743.00796854285
000d7d20_2467,11742.977432745745
000d7d20_2468,11742.946690460469
000d7d20_2469,11742.916000571353
000d7d20_2470,11742.889253200945
000d7d20_2471,11742.864187681565
000d7d20_2472,11742.843406054559
000d7d20_2473,11742.82205134918
000d7d20_2474,11742.801309759168
000d7d20_2475,11742.780068619591
000d7d20_2476,11742.764118832929
000d7d20_2477,11742.739323081058
000d7d20_2478,11742.714873731613
000d7d20_2479,11742.69267997265
000d7d20_2480,11742.662755850986
000d7d20_2481,11742.636282145413
000d7d20_2482,11742.601876024892
000d7d20_2483,11742.572496169149
000d7d20_2484,11742.53548856758
000d7d20_2485,11742.50612827525
000d7d20_2486,11742.480349513222
000d7d20_2487,11742.447643308824
000d7d20_2488,11742.42343672876
000d7d20_2489,11742.400341667832
000d7d20_2490,11742.37726984364
000d7d20_2491,11742.34917552117
000d7d20_2492,11742.326826091243
000d7d20_2493,11742.302663992941
000d7d20_2494,11742.27989850417
000d7d20_2495,11742.257704759604
000d7d20_2496,11742.235405596435
000d7d20_2497,11742.213922537328
000d7d20_2498,11742.191498945274
000d7d20_2499,11742.17034736195
000d7d20_2500,11742.149620034508
000d7d20_2501,11742.127629689527
000d7d20_2502,11742.105313289267
000d7d20_2503,11742.085637601569
000d7d20_2504,11742.063032841437
000d7d20_2505,11742.039459994961
000d7d20_2506,11742.01586597383
000d7d20_2507,11742.000333168802
000d7d20_2508,11741.977857523954
000d7d20_2509,11741.957133451428
000d7d20_2510,11741.942337948727
000d7d20_2511,11741.923051544249
000d7d20_2512,11741.908945713247
000d7d20_2513,11741.88910583434
000d7d20_2514,11741.87752704112
000d7d20_2515,11741.860972602046
000d7d20_2516,11741.84921631396
000d7d20_2517,11741.832280289116
000d7d20_2518,11741.818464452383
000d7d20_2519,11741.809376445082
000d7d20_2520,11741.79377619857
000d7d20_2521,11741.782795191055
000d7d20_2522,11741.772536769955
000d7d20_2523,11741.76219304107
000d7d20_2524,11741.750362869869
000d7d20_2525,11741.740137108703
000d7d20_2526,11741.724512600005
000d7d20_2527,11741.714073829266
000d7d20_2528,11741.702202912205
000d7d20_2529,11741.688338382297
000d7d20_2530,11741.67831959595
000d7d20_2531,11741.66799323988
000d7d20_2532,11741.66171059182
000d7d20_2533,11741.65037727106
000d7d20_2534,11741.636110885822
000d7d20_2535,11741.623732877542
000d7d20_2536,11741.6102796926
000d7d20_2537,11741.59607074815
000d7d20_2538,11741.587971406167
000d7d20_2539,11741.572853420257
000d7d20_2540,11741.560626245246
000d7d20_2541,11741.548804792394
000d7d20_2542,11741.54285787177
000d7d20_2543,11741.531231118232
000d7d20_2544,11741.517842712154
000d7d20_2545,11741.512667028928
000d7d20_2546,11741.50420305524
000d7d20_2547,11741.495042139857
000d7d20_2548,11741.490974682274
000d7d20_2549,11741.479649021789
000d7d20_2550,11741.476779252062
000d7d20_2551,11741.468083330923
000d7d20_2552,11741.459534052234
000d7d20_2553,11741.456512053253
000d7d20_2554,11741.449037276336
000d7d20_2555,11741.444233745311
000d7d20_2556,11741.43468171959
000d7d20_2557,11741.43332193235
000d7d20_2558,11741.429480982359
000d7d20_2559,11741.432047056154
000d7d20_2560,11741.4284546544
000d7d20_2561,11741.432719454293
000d7d20_2562,11741.433255702224
000d7d20_2563,11741.439286418097
000d7d20_2564,11741.445213346593
000d7d20_2565,11741.445541721569
000d7d20_2566,11741.454488119649
000d7d20_2567,11741.45860105838
000d7d20_2568,11741.467533864183
000d7d20_2569,11741.476536505608
000d7d20_2570,11741.478002309646
000d7d20_2571,11741.48550895361
000d7d20_2572,11741.492330627592
000d7d20_2573,11741.496095406086
000d7d20_2574,11741.502903250606
000d7d20_2575,11741.506603294445
000d7d20_2576,11741.505363486493
000d7d20_2577,11741.508584269792
000d7d20_2578,11741.510675690914
000d7d20_2579,11741.511665524817
000d7d20_2580,11741.509891266114
000d7d20_2581,11741.504370630324
000d7d20_2582,11741.50353043129
000d7d20_2583,11741.502167187733
000d7d20_2584,11741.500185607892
000d7d20_2585,11741.497667699718
000d7d20_2586,11741.49361107716
000d7d20_2587,11741.486047277838
000d7d20_2588,11741.482652336057
000d7d20_2589,11741.479474305048
000d7d20_2590,11741.47433589055
000d7d20_2591,11741.466793274769
000d7d20_2592,11741.459483105016
000d7d20_2593,11741.45181285336
000d7d20_2594,11741.441793091584
000d7d20_2595,11741.435981498555
000d7d20_2596,11741.43055415416
000d7d20_2597,11741.424553288605
000d7d20_2598,11741.417873506962
000d7d20_2599,11741.413737695944
000d7d20_2600,11741.409679383294
000d7d20_2601,11741.403626657175
000d7d20_2602,11741.400158355409
000d7d20_2603,11741.396807943307
000d7d20_2604,11741.391630737227
000d7d20_2605,11741.387008267204
000d7d20_2606,11741.386106430924
000d7d20_2607,11741.381779174895
000d7d20_2608,11741.376703551978
000d7d20_2609,11741.370093269401
000d7d20_2610,11741.366553729527
000d7d20_2611,11741.359967851156
000d7d20_2612,11741.361671529192
000d7d20_2613,11741.356683042673
000d7d20_2614,11741.353892443247
000d7d20_2615,11741.351894321599
000d7d20_2616,11741.348075491718
000d7d20_2617,11741.351941711217
000d7d20_2618,11741.347454509538
000d7d20_2619,11741.344987511362
000d7d20_2620,11741.345947889873
000d7d20_2621,11741.345004993938
000d7d20_2622,11741.344963197644
000d7d20_2623,11741.34833652277
000d7d20_2624,11741.34871143955
000d7d20_2625,11741.346216414975
000d7d20_2626,11741.350429209708
000d7d20_2627,11741.345751687906
000d7d20_2628,11741.348481140376
000d7d20_2629,11741.345959190114
000d7d20_2630,11741.341526025062
000d7d20_2631,11741.345547201767
000d7d20_2632,11741.341890455373
000d7d20_2633,11741.346078640185
000d7d20_2634,11741.343354790308
000d7d20_2635,11741.343910749256
000d7d20_2636,11741.349702728721
000d7d20_2637,11741.348469179307
000d7d20_2638,11741.354520311415
000d7d20_2639,11741.354639794532
000d7d20_2640,11741.355576146649
000d7d20_2641,11741.361333437548
000d7d20_2642,11741.365175248868
000d7d20_2643,11741.368598952919
000d7d20_2644,11741.375745522317
000d7d20_2645,11741.38000028479
000d7d20_2646,11741.38289639191
000d7d20_2647,11741.387617355304
000d7d20_2648,11741.398837676606
000d7d20_2649,11741.402982060103
000d7d20_2650,11741.409520957523
000d7d20_2651,11741.419169823726
000d7d20_2652,11741.424862600936
000d7d20_2653,11741.42938614091
000d7d20_2654,11741.434309507382
000d7d20_2655,11741.444436460284
000d7d20_2656,11741.446733240356
000d7d20_2657,11741.451924434636
000d7d20_2658,11741.455172575555
000d7d20_2659,11741.459907950994
000d7d20_2660,11741.467250306476
000d7d20_2661,11741.47179833235
000d7d20_2662,11741.476029664445
000d7d20_2663,11741.478321389844
000d7d20_2664,11741.482690922556
000d7d20_2665,11741.490153570832
000d7d20_2666,11741.49513747112
000d7d20_2667,11741.497069879286
000d7d20_2668,11741.501501563034
000d7d20_2669,11741.50575720471
000d7d20_2670,11741.506607744763
000d7d20_2671,11741.50965504977
000d7d20_2672,11741.511491954621
000d7d20_2673,11741.519443025296
000d7d20_2674,11741.522067298252
000d7d20_2675,11741.521641120811
000d7d20_2676,11741.520386594959
000d7d20_2677,11741.517962852016
000d7d20_2678,11741.518128466885
000d7d20_2679,11741.516811664194
000d7d20_2680,11741.517456074002
000d7d20_2681,11741.51822700883
000d7d20_2682,11741.515980233775
000d7d20_2683,11741.514293965722
000d7d20_2684,11741.510746639633
000d7d20_2685,11741.508731041671
000d7d20_2686,11741.505239498058
000d7d20_2687,11741.504386277782
000d7d20_2688,11741.502668958314
000d7d20_2689,11741.498221028196
000d7d20_2690,11741.495186497965
000d7d20_2691,11741.488314911996
000d7d20_2692,11741.481397365225
000d7d20_2693,11741.474719585283
000d7d20_2694,11741.47041676821
000d7d20_2695,11741.466059566177
000d7d20_2696,11741.45905454704
000d7d20_2697,11741.454792015978
000d7d20_2698,11741.449008345451
000d7d20_2699,11741.446203094041
000d7d20_2700,11741.441782688624
000d7d20_2701,11741.429035190307
000d7d20_2702,11741.423832841356
000d7d20_2703,11741.417369144809
000d7d20_2704,11741.413225898921
000d7d20_2705,11741.408292439437
000d7d20_2706,11741.40648503106
000d7d20_2707,11741.406756286675
000d7d20_2708,11741.40605989466
000d7d20_2709,11741.403118862065
000d7d20_2710,11741.403602329141
000d7d20_2711,11741.40726230364
000d7d20_2712,11741.40989876031
000d7d20_2713,11741.414232549616
000d7d20_2714,11741.413392745584
000d7d20_2715,11741.416547110312
000d7d20_2716,11741.420659318857
000d7d20_2717,11741.424830734675
000d7d20_2718,11741.431510087157
000d7d20_2719,11741.43282692102
000d7d20_2720,11741.440905477504
000d7d20_2721,11741.449858707481
000d7d20_2722,11741.456099537796
000d7d20_2723,11741.459148464122
000d7d20_2724,11741.46668818763
000d7d20_2725,11741.478381660148
000d7d20_2726,11741.483995845203
000d7d20_2727,11741.499647884884
000d7d20_2728,11741.515990821546
000d7d20_2729,11741.525715845635
000d7d20_2730,11741.543521982601
000d7d20_2731,11741.560099063301
000d7d20_2732,11741.573533370341
000d7d20_2733,11741.591312014825
000d7d20_2734,11741.607370575764
000d7d20_2735,11741.618018865225
000d7d20_2736,11741.629864377683
000d7d20_2737,11741.638253907353
000d7d20_2738,11741.64777709197
000d7d20_2739,11741.653991680156
000d7d20_2740,11741.667607287804
000d7d20_2741,11741.674783978448
000d7d20_2742,11741.688819010633
000d7d20_2743,11741.694043298652
000d7d20_2744,11741.707335160856
000d7d20_2745,11741.713648208846
000d7d20_2746,11741.72646382262
000d7d20_2747,11741.734752726312
000d7d20_2748,11741.746858169452
000d7d20_2749,11741.757371233249
000d7d20_2750,11741.765606818066
000d7d20_2751,11741.779558074059
000d7d20_2752,11741.78571390697
000d7d20_2753,11741.79342781442
000d7d20_2754,11741.806350765826
000d7d20_2755,11741.8119226758
000d7d20_2756,11741.817997421942
000d7d20_2757,11741.826437471625
000d7d20_2758,11741.829415963033
000d7d20_2759,11741.828921042263
000d7d20_2760,11741.83222558532
000d7d20_2761,11741.83063648695
000d7d20_2762,11741.827736952484
000d7d20_2763,11741.82601749223
000d7d20_2764,11741.821992799312
000d7d20_2765,11741.82332014455
000d7d20_2766,11741.818362242891
000d7d20_2767,11741.810580064652
000d7d20_2768,11741.803833387981
000d7d20_2769,11741.794055888122
000d7d20_2770,11741.785688779251
000d7d20_2771,11741.775942261322
000d7d20_2772,11741.771374927279
000d7d20_2773,11741.758096427435
000d7d20_2774,11741.74469022182
000d7d20_2775,11741.73173384335
000d7d20_2776,11741.715992452697
000d7d20_2777,11741.701475011745
000d7d20_2778,11741.687661581309
000d7d20_2779,11741.671786906809
000d7d20_2780,11741.656603625732
000d7d20_2781,11741.643427901276
000d7d20_2782,11741.63243671604
000d7d20_2783,11741.62294895422
000d7d20_2784,11741.614443358456
000d7d20_2785,11741.603671838631
000d7d20_2786,11741.592865693208
000d7d20_2787,11741.5819797685
000d7d20_2788,11741.568170482737
000d7d20_2789,11741.55819961752
000d7d20_2790,11741.548117032085
000d7d20_2791,11741.5386647554
000d7d20_2792,11741.530427534653
000d7d20_2793,11741.52090979396
000d7d20_2794,11741.510630741743
000d7d20_2795,11741.495355859595
000d7d20_2796,11741.488408692047
000d7d20_2797,11741.479468084959
000d7d20_2798,11741.469834912485
000d7d20_2799,11741.455751023284
000d7d20_2800,11741.446218613717
000d7d20_2801,11741.43879381323
000d7d20_2802,11741.430468200648
000d7d20_2803,11741.417357963226
000d7d20_2804,11741.412524720203
000d7d20_2805,11741.409565735226
000d7d20_2806,11741.399676525623
000d7d20_2807,11741.394232179868
000d7d20_2808,11741.389918968514
000d7d20_2809,11741.383039508342
000d7d20_2810,11741.378682612463
000d7d20_2811,11741.369513575019
000d7d20_2812,11741.366085518024
000d7d20_2813,11741.364769017004
000d7d20_2814,11741.356671841058
000d7d20_2815,11741.353783109298
000d7d20_2816,11741.344630772164
000d7d20_2817,11741.342990780742
000d7d20_2818,11741.33406152235
000d7d20_2819,11741.329349387011
000d7d20_2820,11741.318923301778
000d7d20_2821,11741.316665292941
000d7d20_2822,11741.306604924823
000d7d20_2823,11741.301857947285
000d7d20_2824,11741.292740595025
000d7d20_2825,11741.290517785666
000d7d20_2826,11741.281282622833
000d7d20_2827,11741.2775113101
000d7d20_2828,11741.268506632481
000d7d20_2829,11741.267502731953
000d7d20_2830,11741.260162520473
000d7d20_2831,11741.25194773557
000d7d20_2832,11741.24792599998
000d7d20_2833,11741.24268198981
000d7d20_2834,11741.239901498195
000d7d20_2835,11741.231492984858
000d7d20_2836,11741.229140678679
000d7d20_2837,11741.22557490752
000d7d20_2838,11741.22434449756
000d7d20_2839,11741.219284263158
000d7d20_2840,11741.214200756214
000d7d20_2841,11741.215811777689
000d7d20_2842,11741.210238244603
000d7d20_2843,11741.20956609181
000d7d20_2844,11741.203479331038
000d7d20_2845,11741.205984520097
000d7d20_2846,11741.201622950495
000d7d20_2847,11741.196825111134
000d7d20_2848,11741.196646421162
000d7d20_2849,11741.194622826617
000d7d20_2850,11741.188939387896
000d7d20_2851,11741.188522208986
000d7d20_2852,11741.18355733875
000d7d20_2853,11741.185269374611
000d7d20_2854,11741.182513176558
000d7d20_2855,11741.178933381365
000d7d20_2856,11741.178835556802
000d7d20_2857,11741.173949695116
000d7d20_2858,11741.171140557297
000d7d20_2859,11741.17155528184
000d7d20_2860,11741.167018644777
000d7d20_2861,11741.16809261265
000d7d20_2862,11741.167089524906
000d7d20_2863,11741.162057471978
000d7d20_2864,11741.160528733115
000d7d20_2865,11741.153485066377
000d7d20_2866,11741.14793505291
000d7d20_2867,11741.144199449063
000d7d20_2868,11741.13531690384
000d7d20_2869,11741.124621306102
000d7d20_2870,11741.120634449173
000d7d20_2871,11741.110008418862
000d7d20_2872,11741.098293755676
000d7d20_2873,11741.086923973206
000d7d20_2874,11741.083252231841
000d7d20_2875,11741.072433359166
000d7d20_2876,11741.062290502832
000d7d20_2877,11741.057348389302
000d7d20_2878,11741.050100726583
000d7d20_2879,11741.039134147595
000d7d20_2880,11741.02821341551
000d7d20_2881,11741.02247533159
000d7d20_2882,11741.01218314927
000d7d20_2883,11740.999559731135
000d7d20_2884,11740.992070078704
000d7d20_2885,11740.979582587273
000d7d20_2886,11740.969241774133
000d7d20_2887,11740.956243114248
000d7d20_2888,11740.947068057947
000d7d20_2889,11740.933282939737
000d7d20_2890,11740.921417244212
000d7d20_2891,11740.907383034297
000d7d20_2892,11740.900586399548
000d7d20_2893,11740.890298235327
000d7d20_2894,11740.883113655673
000d7d20_2895,11740.87426605189
000d7d20_2896,11740.865671133102
000d7d20_2897,11740.862434841532
000d7d20_2898,11740.853137205238
000d7d20_2899,11740.847365251788
000d7d20_2900,11740.838771464114
000d7d20_2901,11740.835697421699
000d7d20_2902,11740.826588147505
000d7d20_2903,11740.819223999999
000d7d20_2904,11740.808809379552
000d7d20_2905,11740.79848175823
000d7d20_2906,11740.787785444529
000d7d20_2907,11740.784385735285
000d7d20_2908,11740.775495122827
000d7d20_2909,11740.76646023236
000d7d20_2910,11740.7584330758
000d7d20_2911,11740.753587242409
000d7d20_2912,11740.75213615839
000d7d20_2913,11740.745746952427
000d7d20_2914,11740.738197721228
000d7d20_2915,11740.732651581333
000d7d20_2916,11740.725318628021
000d7d20_2917,11740.723976753565
000d7d20_2918,11740.714239389508
000d7d20_2919,11740.707087789302
000d7d20_2920,11740.696940812442
000d7d20_2921,11740.691495272185
000d7d20_2922,11740.680309199135
000d7d20_2923,11740.67135441918
000d7d20_2924,11740.666641460668
000d7d20_2925,11740.656703470435
000d7d20_2926,11740.647097109939
000d7d20_2927,11740.645250528794
000d7d20_2928,11740.636266000349
000d7d20_2929,11740.632711755794
000d7d20_2930,11740.625629172522
000d7d20_2931,11740.623460719342
000d7d20_2932,11740.619474838222
000d7d20_2933,11740.620190716836
000d7d20_2934,11740.615011097501
000d7d20_2935,11740.613757839408
000d7d20_2936,11740.609112302203
000d7d20_2937,11740.607181464105
000d7d20_2938,11740.600432226898
000d7d20_2939,11740.59810557455
000d7d20_2940,11740.596277385454
000d7d20_2941,11740.588208876703
000d7d20_2942,11740.585812730602
000d7d20_2943,11740.58500880684
000d7d20_2944,11740.581781514642
000d7d20_2945,11740.582346361969
000d7d20_2946,11740.582014759078
000d7d20_2947,11740.577358965933
000d7d20_2948,11740.580448951656
000d7d20_2949,11740.581922184065
000d7d20_2950,11740.581544429726
000d7d20_2951,11740.575478656865
000d7d20_2952,11740.574571294546
000d7d20_2953,11740.569638628547
000d7d20_2954,11740.563485352519
000d7d20_2955,11740.555259217756
000d7d20_2956,11740.54777597545
000d7d20_2957,11740.539386844956
000d7d20_2958,11740.53094469725
000d7d20_2959,11740.518282000572
000d7d20_2960,11740.511960415399
000d7d20_2961,11740.504252209252
000d7d20_2962,11740.49575430341
000d7d20_2963,11740.48805596929
000d7d20_2964,11740.483706062438
000d7d20_2965,11740.47786554283
000d7d20_2966,11740.471726034546
000d7d20_2967,11740.47104887438
000d7d20_2968,11740.466048011996
000d7d20_2969,11740.458912688906
000d7d20_2970,11740.45277192358
000d7d20_2971,11740.44542242104
000d7d20_2972,11740.440178452387
000d7d20_2973,11740.432297724701
000d7d20_2974,11740.428688798494
000d7d20_2975,11740.420385021007
000d7d20_2976,11740.413761790765
000d7d20_2977,11740.404590154489
000d7d20_2978,11740.395420331239
000d7d20_2979,11740.392781440434
000d7d20_2980,11740.388560032803
000d7d20_2981,11740.384169236906
000d7d20_2982,11740.384255001525
000d7d20_2983,11740.380164646896
000d7d20_2984,11740.378134815983
000d7d20_2985,11740.378644190492
000d7d20_2986,11740.375260241632
000d7d20_2987,11740.371483773648
000d7d20_2988,11740.372991987739
000d7d20_2989,11740.37213842975
000d7d20_2990,11740.37405786416
000d7d20_2991,11740.370074124181
000d7d20_2992,11740.37226158895
000d7d20_2993,11740.372581645473
000d7d20_2994,11740.3758321405
000d7d20_2995,11740.373989325013
000d7d20_2996,11740.37877611003
000d7d20_2997,11740.38162481404
000d7d20_2998,11740.386554585812
000d7d20_2999,11740.391536335695
000d7d20_3000,11740.392648244842
000d7d20_3001,11740.401786089878
000d7d20_3002,11740.410244585322
000d7d20_3003,11740.41135027981
000d7d20_3004,11740.417827724334
000d7d20_3005,11740.42560135387
000d7d20_3006,11740.42497480916
000d7d20_3007,11740.429527098464
000d7d20_3008,11740.43461821312
000d7d20_3009,11740.436669277591
000d7d20_3010,11740.440848967555
000d7d20_3011,11740.445608165153
000d7d20_3012,11740.450587869414
000d7d20_3013,11740.452710142203
000d7d20_3014,11740.457157619483
000d7d20_3015,11740.461754377506
000d7d20_3016,11740.461882492562
000d7d20_3017,11740.46915589415
000d7d20_3018,11740.47547114771
000d7d20_3019,11740.476107028364
000d7d20_3020,11740.48181465051
000d7d20_3021,11740.484607143979
000d7d20_3022,11740.489216924776
000d7d20_3023,11740.493131312034
000d7d20_3024,11740.492752426497
000d7d20_3025,11740.497547120274
000d7d20_3026,11740.495805369825
000d7d20_3027,11740.500324027324
000d7d20_3028,11740.505619332675
000d7d20_3029,11740.509889233523
000d7d20_3030,11740.516721604417
000d7d20_3031,11740.518788166319
000d7d20_3032,11740.525863615052
000d7d20_3033,11740.529592092938
000d7d20_3034,11740.535395019397
000d7d20_3035,11740.536144257261
000d7d20_3036,11740.540975221298
000d7d20_3037,11740.540742896821
000d7d20_3038,11740.545881209822
000d7d20_3039,11740.543166940577
000d7d20_3040,11740.544231978618
000d7d20_3041,11740.536540674471
000d7d20_3042,11740.538089202113
000d7d20_3043,11740.53365390812
000d7d20_3044,11740.535117843472
000d7d20_3045,11740.5323871882
000d7d20_3046,11740.536777884292
000d7d20_3047,11740.533752237843
000d7d20_3048,11740.53019553344
000d7d20_3049,11740.53146896572
000d7d20_3050,11740.53012075701
000d7d20_3051,11740.53210235351
000d7d20_3052,11740.528707267124
000d7d20_3053,11740.52545280024
000d7d20_3054,11740.528462905542
000d7d20_3055,11740.524473559171
000d7d20_3056,11740.52575882198
000d7d20_3057,11740.520921976531
000d7d20_3058,11740.518583763369
000d7d20_3059,11740.519948092715
000d7d20_3060,11740.516604676679
000d7d20_3061,11740.513579842169
000d7d20_3062,11740.516816853637
000d7d20_3063,11740.511434323775
000d7d20_3064,11740.508469133856
000d7d20_3065,11740.510913166832
000d7d20_3066,11740.511483044793
000d7d20_3067,11740.510732166797
000d7d20_3068,11740.511378031277
000d7d20_3069,11740.517491595085
000d7d20_3070,11740.52057238085
000d7d20_3071,11740.522233370983
000d7d20_3072,11740.523342384782
000d7d20_3073,11740.52929475068
000d7d20_3074,11740.531926602518
000d7d20_3075,11740.533391714784
000d7d20_3076,11740.534635238677
000d7d20_3077,11740.54126175568
000d7d20_3078,11740.544772976704
000d7d20_3079,11740.5445288922
000d7d20_3080,11740.545126307472
000d7d20_3081,11740.546175334184
000d7d20_3082,11740.551399249269
000d7d20_3083,11740.561433301216
000d7d20_3084,11740.567260073929
000d7d20_3085,11740.573459558997
000d7d20_3086,11740.581658243938
000d7d20_3087,11740.588256827388
000d7d20_3088,11740.593406019827
000d7d20_3089,11740.598545414003
000d7d20_3090,11740.610289243814
000d7d20_3091,11740.615363148965
000d7d20_3092,11740.620517954947
000d7d20_3093,11740.625989901206
000d7d20_3094,11740.630358280483
000d7d20_3095,11740.63552902417
000d7d20_3096,11740.638624828149
000d7d20_3097,11740.64219013958
000d7d20_3098,11740.645441552531
000d7d20_3099,11740.651154813833
000d7d20_3100,11740.653958910098
000d7d20_3101,11740.657629790388
000d7d20_3102,11740.662656585253
000d7d20_3103,11740.670067188883
000d7d20_3104,11740.6760788924
000d7d20_3105,11740.68294120266
000d7d20_3106,11740.6890600783
000d7d20_3107,11740.702872120835
000d7d20_3108,11740.708066260804
000d7d20_3109,11740.71382855052
000d7d20_3110,11740.717407698317
000d7d20_3111,11740.72339755013
000d7d20_3112,11740.728077222215
000d7d20_3113,11740.732532746533
000d7d20_3114,11740.736947318146
000d7d20_3115,11740.743872349285
000d7d20_3116,11740.748486227909
000d7d20_3117,11740.753128841341
000d7d20_3118,11740.758173027367
000d7d20_3119,11740.766192024825
000d7d20_3120,11740.773111391605
000d7d20_3121,11740.779422280477
000d7d20_3122,11740.785870641046
000d7d20_3123,11740.799318334655
000d7d20_3124,11740.804358592843
000d7d20_3125,11740.808062819116
000d7d20_3126,11740.810672235046
000d7d20_3127,11740.816234180074
000d7d20_3128,11740.817862332075
000d7d20_3129,11740.818387740701
000d7d20_3130,11740.819222973372
000d7d20_3131,11740.820533948281
000d7d20_3132,11740.818279578452
000d7d20_3133,11740.815757755274
000d7d20_3134,11740.8107855489
000d7d20_3135,11740.812863797943
000d7d20_3136,11740.806936391918
000d7d20_3137,11740.80022677508
000d7d20_3138,11740.793682725449
000d7d20_3139,11740.789116111766
000d7d20_3140,11740.782749181602
000d7d20_3141,11740.775999472462
000d7d20_3142,11740.769298911911
000d7d20_3143,11740.763189989872
000d7d20_3144,11740.754507613376
000d7d20_3145,11740.750205332446
000d7d20_3146,11740.742053367656
000d7d20_3147,11740.735502176289
000d7d20_3148,11740.725692735334
000d7d20_3149,11740.717073180957
000d7d20_3150,11740.707748076222
000d7d20_3151,11740.70156059934
000d7d20_3152,11740.69417328505
000d7d20_3153,11740.691852074167
000d7d20_3154,11740.685045794231
000d7d20_3155,11740.681056593137
000d7d20_3156,11740.67532163956
000d7d20_3157,11740.670077556451
000d7d20_3158,11740.66537559318
000d7d20_3159,11740.658941987114
000d7d20_3160,11740.660561568238
000d7d20_3161,11740.655046579412
000d7d20_3162,11740.64878798536
000d7d20_3163,11740.643033993234
000d7d20_3164,11740.638771759226
000d7d20_3165,11740.632286330881
000d7d20_3166,11740.624692486672
000d7d20_3167,11740.623491778439
000d7d20_3168,11740.619230905879
000d7d20_3169,11740.614204493128
000d7d20_3170,11740.608115515715
000d7d20_3171,11740.602919473138
000d7d20_3172,11740.600367082085
000d7d20_3173,11740.601102562032
000d7d20_3174,11740.594554506924
000d7d20_3175,11740.58830799078
000d7d20_3176,11740.585437597698
000d7d20_3177,11740.579549388816
000d7d20_3178,11740.575225030498
000d7d20_3179,11740.577287377724
000d7d20_3180,11740.576531418537
000d7d20_3181,11740.57331970953
000d7d20_3182,11740.570157230566
000d7d20_3183,11740.567466998331
000d7d20_3184,11740.572928980106
000d7d20_3185,11740.571163578574
000d7d20_3186,11740.571224759853
000d7d20_3187,11740.570775206588
000d7d20_3188,11740.573369846377
000d7d20_3189,11740.575138352875
000d7d20_3190,11740.581817254017
000d7d20_3191,11740.580074139698
000d7d20_3192,11740.581009403972
000d7d20_3193,11740.578325034883
000d7d20_3194,11740.576974020896
000d7d20_3195,11740.577257236062
000d7d20_3196,11740.570116063485
000d7d20_3197,11740.564196119714
000d7d20_3198,11740.557729238513
000d7d20_3199,11740.557092231596
000d7d20_3200,11740.554070056716
000d7d20_3201,11740.544914882572
000d7d20_3202,11740.542191438655
000d7d20_3203,11740.537995179719
000d7d20_3204,11740.532256678292
000d7d20_3205,11740.532057449065
000d7d20_3206,11740.530482687931
000d7d20_3207,11740.526004198502
000d7d20_3208,11740.526661070344
000d7d20_3209,11740.52211784299
000d7d20_3210,11740.515020431358
000d7d20_3211,11740.512019807556
000d7d20_3212,11740.501583807443
000d7d20_3213,11740.49957725849
000d7d20_3214,11740.490668603052
000d7d20_3215,11740.484778638769
000d7d20_3216,11740.475600062116
000d7d20_3217,11740.46888080304
000d7d20_3218,11740.457201900215
000d7d20_3219,11740.451906615124
000d7d20_3220,11740.445894903733
000d7d20_3221,11740.434215562247
000d7d20_3222,11740.429319336563
000d7d20_3223,11740.417331685345
000d7d20_3224,11740.409590577954
000d7d20_3225,11740.400521808268
000d7d20_3226,11740.388324810665
000d7d20_3227,11740.37907351282
000d7d20_3228,11740.368749853471
000d7d20_3229,11740.354338724675
000d7d20_3230,11740.34280184476
000d7d20_3231,11740.33163179556
000d7d20_3232,11740.322177275193
000d7d20_3233,11740.304840948294
000d7d20_3234,11740.293312167476
000d7d20_3235,11740.286981973728
000d7d20_3236,11740.278270803079
000d7d20_3237,11740.268098661069
000d7d20_3238,11740.25473318773
000d7d20_3239,11740.247969014687
000d7d20_3240,11740.238239402624
000d7d20_3241,11740.229941945832
000d7d20_3242,11740.224204022517
000d7d20_3243,11740.217840684945
000d7d20_3244,11740.21150770397
000d7d20_3245,11740.207893631035
000d7d20_3246,11740.202448592368
000d7d20_3247,11740.196531411448
000d7d20_3248,11740.194496552229
000d7d20_3249,11740.18990656472
000d7d20_3250,11740.185755402104
000d7d20_3251,11740.181512055377
000d7d20_3252,11740.178882609795
000d7d20_3253,11740.173152078074
000d7d20_3254,11740.168236959797
000d7d20_3255,11740.165204776153
000d7d20_3256,11740.160905995303
000d7d20_3257,11740.157341302074
000d7d20_3258,11740.156457869005
000d7d20_3259,11740.15302749493
000d7d20_3260,11740.15519417934
000d7d20_3261,11740.153189942183
000d7d20_3262,11740.149433823535
000d7d20_3263,11740.144793683454
000d7d20_3264,11740.142022061584
000d7d20_3265,11740.14636682659
000d7d20_3266,11740.145191987152
000d7d20_3267,11740.14458276387
000d7d20_3268,11740.14666769207
000d7d20_3269,11740.15124255759
000d7d20_3270,11740.151983570036
000d7d20_3271,11740.154144597462
000d7d20_3272,11740.159315008996
000d7d20_3273,11740.1600982842
000d7d20_3274,11740.162871204053
000d7d20_3275,11740.168720840276
000d7d20_3276,11740.171045533283
000d7d20_3277,11740.17810568957
000d7d20_3278,11740.182425423172
000d7d20_3279,11740.189960885424
000d7d20_3280,11740.193982203415
000d7d20_3281,11740.200015059898
000d7d20_3282,11740.209309026151
000d7d20_3283,11740.21297738333
000d7d20_3284,11740.225049632905
000d7d20_3285,11740.235808744044
000d7d20_3286,11740.243686617516
000d7d20_3287,11740.25957894451
000d7d20_3288,11740.268879965719
000d7d20_3289,11740.284777203356
000d7d20_3290,11740.29558125346
000d7d20_3291,11740.313617359545
000d7d20_3292,11740.329169445478
000d7d20_3293,11740.339306517553
000d7d20_3294,11740.356062420322
000d7d20_3295,11740.365362938623
000d7d20_3296,11740.37868813911
000d7d20_3297,11740.387526089995
000d7d20_3298,11740.399318369644
000d7d20_3299,11740.404796406521
000d7d20_3300,11740.41379364059
000d7d20_3301,11740.425889935092
000d7d20_3302,11740.433682780631
000d7d20_3303,11740.440711072568
000d7d20_3304,11740.455095260213
000d7d20_3305,11740.46094901221
000d7d20_3306,11740.466084653035
000d7d20_3307,11740.479125932892
000d7d20_3308,11740.482406595305
000d7d20_3309,11740.48408634882
000d7d20_3310,11740.486315578964
000d7d20_3311,11740.48962483609
000d7d20_3312,11740.487435194525
000d7d20_3313,11740.484373497762
000d7d20_3314,11740.480733065986
000d7d20_3315,11740.476820773914
000d7d20_3316,11740.472472221285
000d7d20_3317,11740.470293234666
000d7d20_3318,11740.471143585444
000d7d20_3319,11740.466237223061
000d7d20_3320,11740.464607164227
000d7d20_3321,11740.459236727642
000d7d20_3322,11740.45512774351
000d7d20_3323,11740.453319038937
000d7d20_3324,11740.450609025804
000d7d20_3325,11740.446181498208
000d7d20_3326,11740.440004614968
000d7d20_3327,11740.434929070196
000d7d20_3328,11740.430778644311
000d7d20_3329,11740.424377300445
000d7d20_3330,11740.422297706134
000d7d20_3331,11740.418463475742
000d7d20_3332,11740.414681025391
000d7d20_3333,11740.408474710996
000d7d20_3334,11740.406698974904
000d7d20_3335,11740.405305938366
000d7d20_3336,11740.405611499773
000d7d20_3337,11740.399408798321
000d7d20_3338,11740.397578549262
000d7d20_3339,11740.399315269198
000d7d20_3340,11740.394025561676
000d7d20_3341,11740.392657897679
000d7d20_3342,11740.390632711875
000d7d20_3343,11740.384330601126
000d7d20_3344,11740.381396364732
000d7d20_3345,11740.372992124998
000d7d20_3346,11740.371861591793
000d7d20_3347,11740.368670528824
000d7d20_3348,11740.359829846275
000d7d20_3349,11740.356654993451
000d7d20_3350,11740.346653617944
000d7d20_3351,11740.342379614529
000d7d20_3352,11740.335502057957
000d7d20_3353,11740.327325343787
000d7d20_3354,11740.325450025392
000d7d20_3355,11740.318969233713
000d7d20_3356,11740.320965089499
000d7d20_3357,11740.314831447988
000d7d20_3358,11740.30975296848
000d7d20_3359,11740.310964887398
000d7d20_3360,11740.304732757508
000d7d20_3361,11740.300099578793
000d7d20_3362,11740.2985163673
000d7d20_3363,11740.30004149081
000d7d20_3364,11740.29658609659
000d7d20_3365,11740.295141446728
000d7d20_3366,11740.292409113266
000d7d20_3367,11740.288165967824
000d7d20_3368,11740.288975553014
000d7d20_3369,11740.286306892009
000d7d20_3370,11740.281627305685
000d7d20_3371,11740.276158873727
000d7d20_3372,11740.273244486587
000d7d20_3373,11740.267653928575
000d7d20_3374,11740.264194784202
000d7d20_3375,11740.261800441793
000d7d20_3376,11740.257379954674
000d7d20_3377,11740.2529514827
000d7d20_3378,11740.249820898614
000d7d20_3379,11740.24918895297
000d7d20_3380,11740.2474953753
000d7d20_3381,11740.24365165368
000d7d20_3382,11740.242099658082
000d7d20_3383,11740.232586493928
000d7d20_3384,11740.227415619014
000d7d20_3385,11740.22432266521
000d7d20_3386,11740.219184957052
000d7d20_3387,11740.212363480572
000d7d20_3388,11740.208956771436
000d7d20_3389,11740.202615798542
000d7d20_3390,11740.198604420906
000d7d20_3391,11740.189966885278
000d7d20_3392,11740.187974331207
000d7d20_3393,11740.185678131302
000d7d20_3394,11740.180429973183
000d7d20_3395,11740.175725472525
000d7d20_3396,11740.170350570681
000d7d20_3397,11740.164318741974
000d7d20_3398,11740.156992540444
000d7d20_3399,11740.145851975169
000d7d20_3400,11740.13676564406
000d7d20_3401,11740.133689730314
000d7d20_3402,11740.128608337329
000d7d20_3403,11740.12271409701
000d7d20_3404,11740.11568747857
000d7d20_3405,11740.107669905883
000d7d20_3406,11740.099724905762
000d7d20_3407,11740.090202053958
000d7d20_3408,11740.080019196284
000d7d20_3409,11740.06489503157
000d7d20_3410,11740.05536197174
000d7d20_3411,11740.045338450378
000d7d20_3412,11740.03723141268
000d7d20_3413,11740.029137229783
000d7d20_3414,11740.021453748077
000d7d20_3415,11740.013337903758
000d7d20_3416,11740.006355491587
000d7d20_3417,11739.998801220769
000d7d20_3418,11739.992617197702
000d7d20_3419,11739.989282204086
000d7d20_3420,11739.9836546625
000d7d20_3421,11739.973909878665
000d7d20_3422,11739.967906684553
000d7d20_3423,11739.961195918622
000d7d20_3424,11739.95393993052
000d7d20_3425,11739.946546077615
000d7d20_3426,11739.938565403221
000d7d20_3427,11739.931008777065
000d7d20_3428,11739.924094479287
000d7d20_3429,11739.915934416498
000d7d20_3430,11739.907656619871
000d7d20_3431,11739.89841336302
000d7d20_3432,11739.88839612938
000d7d20_3433,11739.879211475534
000d7d20_3434,11739.870708687607
000d7d20_3435,11739.86296933017
000d7d20_3436,11739.854827240499
000d7d20_3437,11739.84685539615
000d7d20_3438,11739.833166193599
000d7d20_3439,11739.824174519741
000d7d20_3440,11739.814679987816
000d7d20_3441,11739.802980833154
000d7d20_3442,11739.79402973367
000d7d20_3443,11739.785672304919
000d7d20_3444,11739.778041016436
000d7d20_3445,11739.771760069045
000d7d20_3446,11739.765784068317
000d7d20_3447,11739.760560201505
000d7d20_3448,11739.755729947457
000d7d20_3449,11739.753152691876
000d7d20_3450,11739.751586538208
000d7d20_3451,11739.750280451495
000d7d20_3452,11739.749877615053
000d7d20_3453,11739.749124673821
000d7d20_3454,11739.752717966057
000d7d20_3455,11739.753902496006
000d7d20_3456,11739.755394624819
000d7d20_3457,11739.756935017453
000d7d20_3458,11739.758215130056
000d7d20_3459,11739.759728934594
000d7d20_3460,11739.761314535597
000d7d20_3461,11739.764249732223
000d7d20_3462,11739.768032163029
000d7d20_3463,11739.77250000941
000d7d20_3464,11739.777360099015
000d7d20_3465,11739.7826817733
000d7d20_3466,11739.787630375151
000d7d20_3467,11739.791433052196
000d7d20_3468,11739.795112875072
000d7d20_3469,11739.798963356072
000d7d20_3470,11739.800578297327
000d7d20_3471,11739.801877336266
000d7d20_3472,11739.805269654174
000d7d20_3473,11739.805170354732
000d7d20_3474,11739.804544052953
000d7d20_3475,11739.801350196936
000d7d20_3476,11739.80060751217
000d7d20_3477,11739.799703142435
000d7d20_3478,11739.797189305953
000d7d20_3479,11739.794592717273
000d7d20_3480,11739.790340986372
000d7d20_3481,11739.785749642484
000d7d20_3482,11739.780757322724
000d7d20_3483,11739.776818846796
000d7d20_3484,11739.77167837823
000d7d20_3485,11739.765838709089
000d7d20_3486,11739.75778151449
000d7d20_3487,11739.749129374411
000d7d20_3488,11739.73864503522
000d7d20_3489,11739.726035247442
000d7d20_3490,11739.71470769656
000d7d20_3491,11739.700067095662
000d7d20_3492,11739.684757373305
000d7d20_3493,11739.669276748533
000d7d20_3494,11739.647756964428
000d7d20_3495,11739.631817742578
000d7d20_3496,11739.614854266769
000d7d20_3497,11739.600166105152
000d7d20_3498,11739.587944143948
000d7d20_3499,11739.576330678097
000d7d20_3500,11739.5592169474
000d7d20_3501,11739.547514752481
000d7d20_3502,11739.538494125078
000d7d20_3503,11739.528915903362
000d7d20_3504,11739.514206165815
000d7d20_3505,11739.50448760451
000d7d20_3506,11739.494881187386
000d7d20_3507,11739.487283511084
000d7d20_3508,11739.472802355725
000d7d20_3509,11739.463765846998
000d7d20_3510,11739.454801591792
000d7d20_3511,11739.442120051972
000d7d20_3512,11739.434042698613
000d7d20_3513,11739.42761019276
000d7d20_3514,11739.414653162878
000d7d20_3515,11739.406390021371
000d7d20_3516,11739.398282845632
000d7d20_3517,11739.38549477385
000d7d20_3518,11739.37806085567
000d7d20_3519,11739.368356551495
000d7d20_3520,11739.362804540502
000d7d20_3521,11739.35255605921
000d7d20_3522,11739.346908928695
000d7d20_3523,11739.340749671957
000d7d20_3524,11739.328375520632
000d7d20_3525,11739.32213761437
000d7d20_3526,11739.308518492213
000d7d20_3527,11739.300487812885
000d7d20_3528,11739.287923826027
000d7d20_3529,11739.280604829833
000d7d20_3530,11739.267740399675
000d7d20_3531,11739.256014416544
000d7d20_3532,11739.248963006867
000d7d20_3533,11739.237676381046
000d7d20_3534,11739.230710580061
000d7d20_3535,11739.220618166857
000d7d20_3536,11739.215886440832
000d7d20_3537,11739.204721919426
000d7d20_3538,11739.192576069005
000d7d20_3539,11739.187272815232
000d7d20_3540,11739.177193423322
000d7d20_3541,11739.16672897475
000d7d20_3542,11739.16266216418
000d7d20_3543,11739.155606660483
000d7d20_3544,11739.144727905805
000d7d20_3545,11739.139074705265
000d7d20_3546,11739.128433638418
000d7d20_3547,11739.116003709965
000d7d20_3548,11739.104002015796
000d7d20_3549,11739.098077413093
000d7d20_3550,11739.086343499519
000d7d20_3551,11739.075721618145
000d7d20_3552,11739.06480892847
000d7d20_3553,11739.058995125808
000d7d20_3554,11739.047722633815
000d7d20_3555,11739.03857345954
000d7d20_3556,11739.02862932654
000d7d20_3557,11739.018249319692
000d7d20_3558,11739.007672470925
000d7d20_3559,11739.002429603253
000d7d20_3560,11738.991634514914
000d7d20_3561,11738.981859557869
000d7d20_3562,11738.970775662741
000d7d20_3563,11738.95812023646
000d7d20_3564,11738.947054099994
000d7d20_3565,11738.935820811566
000d7d20_3566,11738.924598329435
000d7d20_3567,11738.914195212685
000d7d20_3568,11738.903932156416
000d7d20_3569,11738.892957547825
000d7d20_3570,11738.881712269289
000d7d20_3571,11738.87083667509
000d7d20_3572,11738.859788630845
000d7d20_3573,11738.849732388968
000d7d20_3574,11738.838407823321
000d7d20_3575,11738.827955638884
000d7d20_3576,11738.81607249195
000d7d20_3577,11738.805971075268
000d7d20_3578,11738.794167877166
000d7d20_3579,11738.78290533257
000d7d20_3580,11738.76949672816
000d7d20_3581,11738.75493185846
000d7d20_3582,11738.738373746632
000d7d20_3583,11738.721053537662
000d7d20_3584,11738.69799994455
000d7d20_3585,11738.678819298832
000d7d20_3586,11738.660386601656
000d7d20_3587,11738.641117775562
000d7d20_3588,11738.621433799071
000d7d20_3589,11738.602074536986
000d7d20_3590,11738.584363605529
000d7d20_3591,11738.560354276582
000d7d20_3592,11738.541576130865
000d7d20_3593,11738.524941035754
000d7d20_3594,11738.506187650823
000d7d20_3595,11738.487746406252
000d7d20_3596,11738.464038915707
000d7d20_3597,11738.444722818738
000d7d20_3598,11738.42635799876
000d7d20_3599,11738.406107489132
000d7d20_3600,11738.380043607864
000d7d20_3601,11738.357188638829
000d7d20_3602,11738.334916247724
000d7d20_3603,11738.304196415422
000d7d20_3604,11738.27873397676
000d7d20_3605,11738.254477294868
000d7d20_3606,11738.223752345357
000d7d20_3607,11738.197890060881
000d7d20_3608,11738.17252468247
000d7d20_3609,11738.142525955827
000d7d20_3610,11738.116231206242
000d7d20_3611,11738.091264436469
000d7d20_3612,11738.062374084926
000d7d20_3613,11738.036836388714
000d7d20_3614,11738.010090401338
000d7d20_3615,11737.98107985662
000d7d20_3616,11737.957071278084
000d7d20_3617,11737.927809934878
000d7d20_3618,11737.905948056003
000d7d20_3619,11737.87844965651
000d7d20_3620,11737.855529032695
000d7d20_3621,11737.828632132288
000d7d20_3622,11737.809474947098
000d7d20_3623,11737.7892027964
000d7d20_3624,11737.765980890148
000d7d20_3625,11737.747793655093
000d7d20_3626,11737.726941691242
000d7d20_3627,11737.711202473914
000d7d20_3628,11737.690903426024
000d7d20_3629,11737.670717004232
000d7d20_3630,11737.658076131542
000d7d20_3631,11737.64216224359
000d7d20_3632,11737.630834477122
000d7d20_3633,11737.614266465413
000d7d20_3634,11737.606002572498
000d7d20_3635,11737.590173096698
000d7d20_3636,11737.571943393394
000d7d20_3637,11737.562457476553
000d7d20_3638,11737.547936234121
000d7d20_3639,11737.53946325961
000d7d20_3640,11737.528227393628
000d7d20_3641,11737.517241625257
000d7d20_3642,11737.510437472723
000d7d20_3643,11737.498735586974
000d7d20_3644,11737.487437464952
000d7d20_3645,11737.480065673906
000d7d20_3646,11737.467323858815
000d7d20_3647,11737.454256744413
000d7d20_3648,11737.439251565807
000d7d20_3649,11737.428933018533
000d7d20_3650,11737.413900123393
000d7d20_3651,11737.395527526318
000d7d20_3652,11737.381032067336
000d7d20_3653,11737.365368300623
000d7d20_3654,11737.347857546967
000d7d20_3655,11737.329668257338
000d7d20_3656,11737.311143088744
000d7d20_3657,11737.2975566069
000d7d20_3658,11737.278773250642
000d7d20_3659,11737.260395086058
000d7d20_3660,11737.242670970169
000d7d20_3661,11737.22415558933
000d7d20_3662,11737.211001848598
000d7d20_3663,11737.193394965316
000d7d20_3664,11737.176634029285
000d7d20_3665,11737.156842375007
000d7d20_3666,11737.137210675428
000d7d20_3667,11737.115750870165
000d7d20_3668,11737.093152815138
000d7d20_3669,11737.070693251957
000d7d20_3670,11737.046493028009
000d7d20_3671,11737.029455639684
000d7d20_3672,11737.005376887671
000d7d20_3673,11736.981146153536
000d7d20_3674,11736.95598425227
000d7d20_3675,11736.933660050696
000d7d20_3676,11736.910497802324
000d7d20_3677,11736.888324085923
000d7d20_3678,11736.86576762608
000d7d20_3679,11736.844142913666
000d7d20_3680,11736.822177636957
000d7d20_3681,11736.806403626419
000d7d20_3682,11736.786350430313
000d7d20_3683,11736.76459403112
000d7d20_3684,11736.743116429785
000d7d20_3685,11736.721387780213
000d7d20_3686,11736.69969641817
000d7d20_3687,11736.677554402846
000d7d20_3688,11736.656755459342
000d7d20_3689,11736.637021014923
000d7d20_3690,11736.613790585936
000d7d20_3691,11736.585908210564
000d7d20_3692,11736.560173559312
000d7d20_3693,11736.534399197673
000d7d20_3694,11736.515406907894
000d7d20_3695,11736.491505466744
000d7d20_3696,11736.468999338784
000d7d20_3697,11736.446448760798
000d7d20_3698,11736.424676199376
000d7d20_3699,11736.403760760186
000d7d20_3700,11736.383675012128
000d7d20_3701,11736.36349842167
000d7d20_3702,11736.342326879858
000d7d20_3703,11736.321070912767
000d7d20_3704,11736.300880577706
000d7d20_3705,11736.28026082266
000d7d20_3706,11736.260415673598
000d7d20_3707,11736.243373071049
000d7d20_3708,11736.225801905039
000d7d20_3709,11736.21017283421
000d7d20_3710,11736.19723246149
000d7d20_3711,11736.18429194688
000d7d20_3712,11736.169040520923
000d7d20_3713,11736.155769963767
000d7d20_3714,11736.145935844872
000d7d20_3715,11736.13828503892
000d7d20_3716,11736.133195725573
000d7d20_3717,11736.12971399397
000d7d20_3718,11736.133073025729
000d7d20_3719,11736.126774280914
000d7d20_3720,11736.125420804003
000d7d20_3721,11736.125263429298
000d7d20_3722,11736.128733499787
000d7d20_3723,11736.131653017539
000d7d20_3724,11736.131548194227
000d7d20_3725,11736.137392904759
000d7d20_3726,11736.141237088292
000d7d20_3727,11736.136153115733
000d7d20_3728,11736.125055220182
000d7d20_3729,11736.10978375209
000d7d20_3730,11736.093552812132
000d7d20_3731,11736.075062832884
000d7d20_3732,11736.049855874828
000d7d20_3733,11736.018923352385
000d7d20_3734,11735.983842530526
000d7d20_3735,11735.941607714914
000d7d20_3736,11735.90051613115
000d7d20_3737,11735.860565150704
000d7d20_3738,11735.814553846518
000d7d20_3739,11735.772583425474
000d7d20_3740,11735.731943843795
000d7d20_3741,11735.692294214865
000d7d20_3742,11735.649580475816
000d7d20_3743,11735.601211418669
000d7d20_3744,11735.55394707149
000d7d20_3745,11735.49938669857
000d7d20_3746,11735.441897233664
000d7d20_3747,11735.38423590997
000d7d20_3748,11735.319065704974
000d7d20_3749,11735.247085220904
000d7d20_3750,11735.173474886473
000d7d20_3751,11735.098029491932
000d7d20_3752,11735.027236851543
000d7d20_3753,11734.956529568179
000d7d20_3754,11734.887124778
000d7d20_3755,11734.821628938898
000d7d20_3756,11734.763868460142
000d7d20_3757,11734.708409273167
000d7d20_3758,11734.659263444868
000d7d20_3759,11734.609953884556
000d7d20_3760,11734.56332041581
000d7d20_3761,11734.51799085159
000d7d20_3762,11734.476160531238
000d7d20_3763,11734.435337641778
000d7d20_3764,11734.394324211553
000d7d20_3765,11734.354953262795
000d7d20_3766,11734.317909255436
000d7d20_3767,11734.282072821055
000d7d20_3768,11734.246873524477
000d7d20_3769,11734.212209583751
000d7d20_3770,11734.178723656547
000d7d20_3771,11734.144171472613
000d7d20_3772,11734.113266394055
000d7d20_3773,11734.08275997827
000d7d20_3774,11734.053235760812
000d7d20_3775,11734.02359694102
000d7d20_3776,11733.99466533777
000d7d20_3777,11733.967094295556
000d7d20_3778,11733.941238188094
000d7d20_3779,11733.915133703551
000d7d20_3780,11733.888688759194
000d7d20_3781,11733.86408464074
000d7d20_3782,11733.839143321135
000d7d20_3783,11733.811166152336
000d7d20_3784,11733.782893327858
000d7d20_3785,11733.755752737085
000d7d20_3786,11733.7229592764
000d7d20_3787,11733.689625934756
000d7d20_3788,11733.656559203471
000d7d20_3789,11733.62404274007
000d7d20_3790,11733.589166482783
000d7d20_3791,11733.555061671013
000d7d20_3792,11733.519520465707
000d7d20_3793,11733.48555861454
000d7d20_3794,11733.452088458718
000d7d20_3795,11733.416996790456
000d7d20_3796,11733.383782618535
000d7d20_3797,11733.351016071352
000d7d20_3798,11733.317141394837
000d7d20_3799,11733.282858038656
000d7d20_3800,11733.252814770753
000d7d20_3801,11733.219105358847
000d7d20_3802,11733.184464070811
000d7d20_3803,11733.149886222167
000d7d20_3804,11733.116178529071
000d7d20_3805,11733.082366591767
000d7d20_3806,11733.047529056777
000d7d20_3807,11733.01097131871
000d7d20_3808,11732.973339842107
000d7d20_3809,11732.937380957741
000d7d20_3810,11732.905031104448
000d7d20_3811,11732.872789870064
000d7d20_3812,11732.838320203646
000d7d20_3813,11732.808895319318
000d7d20_3814,11732.783773646017
000d7d20_3815,11732.760422863506
000d7d20_3816,11732.73821836272
000d7d20_3817,11732.714457006045
000d7d20_3818,11732.690281354498
000d7d20_3819,11732.66865393291
000d7d20_3820,11732.644733481495
000d7d20_3821,11732.62104435277
000d7d20_3822,11732.59567307913
000d7d20_3823,11732.575158455309
000d7d20_3824,11732.549716199748
000d7d20_3825,11732.525744338007
000d7d20_3826,11732.500956303305
000d7d20_3827,11732.476895756019
000d7d20_3828,11732.451674251883
000d7d20_3829,11732.433298661173
000d7d20_3830,11732.415021043329
000d7d20_3831,11732.396789491915
000d7d20_3832,11732.381381116425
000d7d20_3833,11732.36411402679
000d7d20_3834,11732.347105008294
000d7d20_3835,11732.329703092244
000d7d20_3836,11732.314773169785
000d7d20_3837,11732.303392258338
000d7d20_3838,11732.288992173817
000d7d20_3839,11732.271276102207
000d7d20_3840,11732.255205641384
000d7d20_3841,11732.23855974766
000d7d20_3842,11732.219991288654
000d7d20_3843,11732.200160366685
000d7d20_3844,11732.177145568197
000d7d20_3845,11732.155241225468
000d7d20_3846,11732.129026098331
000d7d20_3847,11732.103832267261
000d7d20_3848,11732.082281627958
000d7d20_3849,11732.054606777672
000d7d20_3850,11732.02498799486
000d7d20_3851,11731.996684577607
000d7d20_3852,11731.968144774239
000d7d20_3853,11731.940934531638
000d7d20_3854,11731.913812507146
000d7d20_3855,11731.886208261256
000d7d20_3856,11731.859266025722
000d7d20_3857,11731.835062159389
000d7d20_3858,11731.804922170972
000d7d20_3859,11731.774725643496
000d7d20_3860,11731.744284345921
000d7d20_3861,11731.714743627766
000d7d20_3862,11731.685454351624
000d7d20_3863,11731.661371118065
000d7d20_3864,11731.63362675725
000d7d20_3865,11731.605152308868
000d7d20_3866,11731.575478123168
000d7d20_3867,11731.551515126346
000d7d20_3868,11731.524701103306
000d7d20_3869,11731.497071404432
000d7d20_3870,11731.473064832358
000d7d20_3871,11731.443429134453
000d7d20_3872,11731.41620732213
000d7d20_3873,11731.395851097976
000d7d20_3874,11731.37108252351
000d7d20_3875,11731.351778409367
000d7d20_3876,11731.323899788445
000d7d20_3877,11731.294489663142
000d7d20_3878,11731.270311330758
000d7d20_3879,11731.242156934408
000d7d20_3880,11731.217843957216
000d7d20_3881,11731.19224485998
000d7d20_3882,11731.170775076778
000d7d20_3883,11731.145141657347
000d7d20_3884,11731.125769431797
000d7d20_3885,11731.102889667283
000d7d20_3886,11731.086813442082
000d7d20_3887,11731.068773545605
000d7d20_3888,11731.04372319308
000d7d20_3889,11731.024706808872
000d7d20_3890,11730.999162632635
000d7d20_3891,11730.976439136042
000d7d20_3892,11730.951454971851
000d7d20_3893,11730.919929875115
000d7d20_3894,11730.89670469496
000d7d20_3895,11730.870155521392
000d7d20_3896,11730.8392011123
000d7d20_3897,11730.812296339122
000d7d20_3898,11730.786553590697
000d7d20_3899,11730.76118969186
000d7d20_3900,11730.733551653586
000d7d20_3901,11730.713589946328
000d7d20_3902,11730.6936794725
000d7d20_3903,11730.675913124276
000d7d20_3904,11730.656073044538
000d7d20_3905,11730.642821656504
000d7d20_3906,11730.625191341358
000d7d20_3907,11730.610757319559
000d7d20_3908,11730.597990446066
000d7d20_3909,11730.587274077898
000d7d20_3910,11730.572370265574
000d7d20_3911,11730.556876197912
000d7d20_3912,11730.53854062186
000d7d20_3913,11730.51775107277
000d7d20_3914,11730.498358471657
000d7d20_3915,11730.479045630484
000d7d20_3916,11730.46471377749
000d7d20_3917,11730.45241119682
000d7d20_3918,11730.44013716343
000d7d20_3919,11730.429755807014
000d7d20_3920,11730.419699320484
000d7d20_3921,11730.413506349561
000d7d20_3922,11730.401735222276
000d7d20_3923,11730.389105966962
000d7d20_3924,11730.381916701324
000d7d20_3925,11730.368835427704
000d7d20_3926,11730.352028169375
000d7d20_3927,11730.335729958697
000d7d20_3928,11730.320301984137
000d7d20_3929,11730.301628633202
000d7d20_3930,11730.291871918736
000d7d20_3931,11730.276162102375
000d7d20_3932,11730.260988107872
000d7d20_3933,11730.242092943994
000d7d20_3934,11730.227514594615
000d7d20_3935,11730.208003489239
000d7d20_3936,11730.186848278605
000d7d20_3937,11730.17368094109
000d7d20_3938,11730.159384259714
000d7d20_3939,11730.146178259947
000d7d20_3940,11730.139728990982
000d7d20_3941,11730.128925019511
000d7d20_3942,11730.116874390524
000d7d20_3943,11730.109930802868
000d7d20_3944,11730.099947006473
000d7d20_3945,11730.091868195697
000d7d20_3946,11730.077726391331
000d7d20_3947,11730.069020872112
000d7d20_3948,11730.05692387373
000d7d20_3949,11730.051830702574
000d7d20_3950,11730.037253553266
000d7d20_3951,11730.024521830677
000d7d20_3952,11730.005499528834
000d7d20_3953,11729.99181747018
000d7d20_3954,11729.975192876604
000d7d20_3955,11729.961676793468
000d7d20_3956,11729.942039769354
000d7d20_3957,11729.928465709283
000d7d20_3958,11729.913967664295
000d7d20_3959,11729.896241541657
000d7d20_3960,11729.882048441643
000d7d20_3961,11729.86122318049
000d7d20_3962,11729.844985955562
000d7d20_3963,11729.827694302425
000d7d20_3964,11729.804418055848
000d7d20_3965,11729.78667469663
000d7d20_3966,11729.76828359713
000d7d20_3967,11729.743157271303
000d7d20_3968,11729.727450990325
000d7d20_3969,11729.71148614634
000d7d20_3970,11729.690936802672
000d7d20_3971,11729.675101759849
000d7d20_3972,11729.659278062612
000d7d20_3973,11729.646301468136
000d7d20_3974,11729.626164748763
000d7d20_3975,11729.611463259062
000d7d20_3976,11729.600205761064
000d7d20_3977,11729.590323844703
000d7d20_3978,11729.578860080921
000d7d20_3979,11729.573487498059
000d7d20_3980,11729.570827896117
000d7d20_3981,11729.570432073007
000d7d20_3982,11729.570340532864
000d7d20_3983,11729.567371440306
000d7d20_3984,11729.567054838088
000d7d20_3985,11729.567962182076
000d7d20_3986,11729.569791416525
000d7d20_3987,11729.575046513271
000d7d20_3988,11729.57646754476
000d7d20_3989,11729.570996723141
000d7d20_3990,11729.575597707477
000d7d20_3991,11729.584061843507
000d7d20_3992,11729.597972553169
000d7d20_3993,11729.611087239442
000d7d20_3994,11729.627734928463
000d7d20_3995,11729.643604195999
000d7d20_3996,11729.659099849418
000d7d20_3997,11729.675026772378
000d7d20_3998,11729.68675177171
000d7d20_3999,11729.694434155776
000d7d20_4000,11729.700981842587
000d7d20_4001,11729.70884936183
000d7d20_4002,11729.717587665857
000d7d20_4003,11729.722408840622
000d7d20_4004,11729.725388067513
000d7d20_4005,11729.728824300768
000d7d20_4006,11729.733507132263
000d7d20_4007,11729.740618868522
000d7d20_4008,11729.745186396236
000d7d20_4009,11729.748239504952
000d7d20_4010,11729.74853485042
000d7d20_4011,11729.750014325165
000d7d20_4012,11729.750256264566
000d7d20_4013,11729.749692793805
000d7d20_4014,11729.747863579469
000d7d20_4015,11729.744625909341
000d7d20_4016,11729.74770381034
000d7d20_4017,11729.743078528623
000d7d20_4018,11729.736636786542
000d7d20_4019,11729.729324013537
000d7d20_4020,11729.718712117588
000d7d20_4021,11729.708032957447
000d7d20_4022,11729.701441458856
000d7d20_4023,11729.690889934263
000d7d20_4024,11729.683501567868
000d7d20_4025,11729.675994909961
000d7d20_4026,11729.670874981155
000d7d20_4027,11729.667133692
000d7d20_4028,11729.658356594262
000d7d20_4029,11729.648606575924
000d7d20_4030,11729.63730459335
000d7d20_4031,11729.631433564355
000d7d20_4032,11729.616636496597
000d7d20_4033,11729.60127316707
000d7d20_4034,11729.586554815345
000d7d20_4035,11729.579606173469
000d7d20_4036,11729.567449306527
000d7d20_4037,11729.555802346636
000d7d20_4038,11729.54925806021
000d7d20_4039,11729.537972269913
000d7d20_4040,11729.52820240252
000d7d20_4041,11729.523233996024
000d7d20_4042,11729.513696183454
000d7d20_4043,11729.508738223354
000d7d20_4044,11729.499542344112
000d7d20_4045,11729.493320851714
000d7d20_4046,11729.489798956898
000d7d20_4047,11729.480220648307
000d7d20_4048,11729.47010050363
000d7d20_4049,11729.465501610612
000d7d20_4050,11729.456168986875
000d7d20_4051,11729.446239715646
000d7d20_4052,11729.44129261492
000d7d20_4053,11729.431837205422
000d7d20_4054,11729.42231531567
000d7d20_4055,11729.42053952615
000d7d20_4056,11729.414195265726
000d7d20_4057,11729.408835389728
000d7d20_4058,11729.40504524354
000d7d20_4059,11729.408810467088
000d7d20_4060,11729.407148456787
000d7d20_4061,11729.405744643238
000d7d20_4062,11729.404970374355
000d7d20_4063,11729.409958995799
000d7d20_4064,11729.412721451052
000d7d20_4065,11729.414233683972
000d7d20_4066,11729.413817188994
000d7d20_4067,11729.419655249407
000d7d20_4068,11729.418381705153
000d7d20_4069,11729.416774608986
000d7d20_4070,11729.415553984429
000d7d20_4071,11729.414579319884
000d7d20_4072,11729.414638235477
000d7d20_4073,11729.420309934449
000d7d20_4074,11729.422534004249
000d7d20_4075,11729.423487003372
000d7d20_4076,11729.424655280556
000d7d20_4077,11729.424597638736
000d7d20_4078,11729.427023585591
000d7d20_4079,11729.428303283472
000d7d20_4080,11729.43422528762
000d7d20_4081,11729.435807183485
000d7d20_4082,11729.437285621727
000d7d20_4083,11729.438021863778
000d7d20_4084,11729.431891089565
000d7d20_4085,11729.425469516882
000d7d20_4086,11729.421635073486
000d7d20_4087,11729.415488875216
000d7d20_4088,11729.41269761288
000d7d20_4089,11729.408885997229
000d7d20_4090,11729.402980248964
000d7d20_4091,11729.398285161695
000d7d20_4092,11729.391536103674
000d7d20_4093,11729.387902437964
000d7d20_4094,11729.381300542176
000d7d20_4095,11729.373257252933
000d7d20_4096,11729.365877108638
000d7d20_4097,11729.358011308308
000d7d20_4098,11729.351449339207
000d7d20_4099,11729.342474910167
000d7d20_4100,11729.333126705937
000d7d20_4101,11729.325899305713
000d7d20_4102,11729.319240611985
000d7d20_4103,11729.30945148812
000d7d20_4104,11729.299496888918
000d7d20_4105,11729.291554195901
000d7d20_4106,11729.282186597527
000d7d20_4107,11729.276111273843
000d7d20_4108,11729.264642528367
000d7d20_4109,11729.258374043417
000d7d20_4110,11729.25110828752
000d7d20_4111,11729.245477554052
000d7d20_4112,11729.24195175873
000d7d20_4113,11729.23619589751
000d7d20_4114,11729.228475677868
000d7d20_4115,11729.22073917068
000d7d20_4116,11729.207274100736
000d7d20_4117,11729.200509105869
000d7d20_4118,11729.190747064771
000d7d20_4119,11729.180239573163
000d7d20_4120,11729.168974672357
000d7d20_4121,11729.153828559763
000d7d20_4122,11729.142270699276
000d7d20_4123,11729.131803547534
000d7d20_4124,11729.11971206278
000d7d20_4125,11729.107076796678
000d7d20_4126,11729.092916010628
000d7d20_4127,11729.081944916594
000d7d20_4128,11729.070803399383
000d7d20_4129,11729.061751385281
000d7d20_4130,11729.04793186445
000d7d20_4131,11729.0423593722
000d7d20_4132,11729.033044125455
000d7d20_4133,11729.024593582668
000d7d20_4134,11729.011976365957
000d7d20_4135,11729.004607635008
000d7d20_4136,11728.999406419101
000d7d20_4137,11728.98825878595
000d7d20_4138,11728.981652221195
000d7d20_4139,11728.977368884469
000d7d20_4140,11728.96617929967
000d7d20_4141,11728.962026541547
000d7d20_4142,11728.954885610023
000d7d20_4143,11728.947533018356
000d7d20_4144,11728.93722367443
000d7d20_4145,11728.935872047736
000d7d20_4146,11728.935436218067
000d7d20_4147,11728.932221671084
000d7d20_4148,11728.924076070085
000d7d20_4149,11728.923324578376
000d7d20_4150,11728.92442452497
000d7d20_4151,11728.922922003718
000d7d20_4152,11728.920485194782
000d7d20_4153,11728.921420522795
000d7d20_4154,11728.914091192268
000d7d20_4155,11728.915316689534
000d7d20_4156,11728.912943628398
000d7d20_4157,11728.909490266815
000d7d20_4158,11728.903821005366
000d7d20_4159,11728.896941268478
000d7d20_4160,11728.892868266736
000d7d20_4161,11728.88366160804
000d7d20_4162,11728.87753583679
000d7d20_4163,11728.87067527917
000d7d20_4164,11728.862258813995
000d7d20_4165,11728.85621821844
000d7d20_4166,11728.85156189898
000d7d20_4167,11728.841011188255
000d7d20_4168,11728.826803389427
000d7d20_4169,11728.81475722099
000d7d20_4170,11728.79590093984
000d7d20_4171,11728.770773485405
000d7d20_4172,11728.740099499682
000d7d20_4173,11728.706238841096
000d7d20_4174,11728.669388789884
000d7d20_4175,11728.635406011119
000d7d20_4176,11728.600040541993
000d7d20_4177,11728.568062926312
000d7d20_4178,11728.536670951875
000d7d20_4179,11728.508925560513
000d7d20_4180,11728.486561571495
000d7d20_4181,11728.470390973664
000d7d20_4182,11728.467571466976
000d7d20_4183,11728.455388568733
000d7d20_4184,11728.449144007835
000d7d20_4185,11728.451823947933
000d7d20_4186,11728.447466607584
000d7d20_4187,11728.442144853969
000d7d20_4188,11728.436088051785
000d7d20_4189,11728.430012228715
000d7d20_4190,11728.433499365286
000d7d20_4191,11728.426670888804
000d7d20_4192,11728.421001007948
000d7d20_4193,11728.416945782865
000d7d20_4194,11728.411059478345
000d7d20_4195,11728.411471592837
000d7d20_4196,11728.405853756785
000d7d20_4197,11728.400911658264
000d7d20_4198,11728.399881142159
000d7d20_4199,11728.404836821392
000d7d20_4200,11728.402611982987
000d7d20_4201,11728.403470295254
000d7d20_4202,11728.402420821287
000d7d20_4203,11728.404123777913
000d7d20_4204,11728.4014622269
000d7d20_4205,11728.398035680391
000d7d20_4206,11728.397347256272
000d7d20_4207,11728.393381706086
000d7d20_4208,11728.387191909487
000d7d20_4209,11728.388438556118
000d7d20_4210,11728.38267963369
000d7d20_4211,11728.372097437248
000d7d20_4212,11728.367831173142
000d7d20_4213,11728.360442608486
000d7d20_4214,11728.350043505288
000d7d20_4215,11728.346217520048
000d7d20_4216,11728.33627244395
000d7d20_4217,11728.33197486769
000d7d20_4218,11728.322046116366
000d7d20_4219,11728.316115962352
000d7d20_4220,11728.308459688968
000d7d20_4221,11728.303548839864
000d7d20_4222,11728.29371764767
000d7d20_4223,11728.28629548864
000d7d20_4224,11728.286502195864
000d7d20_4225,11728.280292306736
000d7d20_4226,11728.279503115471
000d7d20_4227,11728.27267070393
000d7d20_4228,11728.27362337467
000d7d20_4229,11728.272891265231
000d7d20_4230,11728.266284229865
000d7d20_4231,11728.26811270781
000d7d20_4232,11728.266147666705
000d7d20_4233,11728.268004664054
000d7d20_4234,11728.264952431171
000d7d20_4235,11728.266051358609
000d7d20_4236,11728.26799728466
000d7d20_4237,11728.264287968232
000d7d20_4238,11728.265296628939
000d7d20_4239,11728.26953264021
000d7d20_4240,11728.267759221408
000d7d20_4241,11728.2727169382
000d7d20_4242,11728.279337385973
000d7d20_4243,11728.284218507715
000d7d20_4244,11728.29148382539
000d7d20_4245,11728.294204821334
000d7d20_4246,11728.301606776526
000d7d20_4247,11728.309284463596
000d7d20_4248,11728.31787754102
000d7d20_4249,11728.327504940946
000d7d20_4250,11728.339549851462
000d7d20_4251,11728.348943999466
000d7d20_4252,11728.359847902488
000d7d20_4253,11728.3712464099
000d7d20_4254,11728.380976485441
000d7d20_4255,11728.392714324029
000d7d20_4256,11728.40483105278
000d7d20_4257,11728.416034241907
000d7d20_4258,11728.428518803856
000d7d20_4259,11728.438807777224
000d7d20_4260,11728.45112913433
000d7d20_4261,11728.462476890805
000d7d20_4262,11728.475231528075
000d7d20_4263,11728.485144332313
000d7d20_4264,11728.494839259964
000d7d20_4265,11728.503612117813
000d7d20_4266,11728.51199631729
000d7d20_4267,11728.522261712282
000d7d20_4268,11728.528703857195
000d7d20_4269,11728.53239954666
000d7d20_4270,11728.542003778228
000d7d20_4271,11728.54974854871
000d7d20_4272,11728.557207729817
000d7d20_4273,11728.568862927823
000d7d20_4274,11728.57754431418
000d7d20_4275,11728.58670149426
000d7d20_4276,11728.591244200865
000d7d20_4277,11728.602163058378
000d7d20_4278,11728.603402952016
000d7d20_4279,11728.61393552175
000d7d20_4280,11728.61767814084
000d7d20_4281,11728.624789224872
000d7d20_4282,11728.628177926366
000d7d20_4283,11728.632394218872
000d7d20_4284,11728.633365686994
000d7d20_4285,11728.63335493606
000d7d20_4286,11728.635993917023
000d7d20_4287,11728.637460785127
000d7d20_4288,11728.642975426486
000d7d20_4289,11728.6468879792
000d7d20_4290,11728.653323449173
000d7d20_4291,11728.6494697009
000d7d20_4292,11728.652158586447
000d7d20_4293,11728.656988705268
000d7d20_4294,11728.656172231951
000d7d20_4295,11728.656777775766
000d7d20_4296,11728.652994758315
000d7d20_4297,11728.65498512799
000d7d20_4298,11728.657707873834
000d7d20_4299,11728.65792751934
000d7d20_4300,11728.655467468634
000d7d20_4301,11728.653869585087
000d7d20_4302,11728.653347585752
000d7d20_4303,11728.654822379562
000d7d20_4304,11728.655189983017
000d7d20_4305,11728.654898116067
000d7d20_4306,11728.657920813024
000d7d20_4307,11728.66059649265
000d7d20_4308,11728.66459459388
000d7d20_4309,11728.672188829518
000d7d20_4310,11728.681433659258
000d7d20_4311,11728.688680503601
000d7d20_4312,11728.696808414696
000d7d20_4313,11728.703303415046
000d7d20_4314,11728.710757838267
000d7d20_4315,11728.724842490454
000d7d20_4316,11728.731040974071
000d7d20_4317,11728.737572903548
000d7d20_4318,11728.745625266527
000d7d20_4319,11728.76124527309
000d7d20_4320,11728.772309982094
000d7d20_4321,11728.786465280507
000d7d20_4322,11728.799463626288
000d7d20_4323,11728.813022440678
000d7d20_4324,11728.832061080682
000d7d20_4325,11728.849512014807
000d7d20_4326,11728.868845941539
000d7d20_4327,11728.88717442644
000d7d20_4328,11728.912046642936
000d7d20_4329,11728.932762713615
000d7d20_4330,11728.956786247192
000d7d20_4331,11728.985617746608
000d7d20_4332,11729.006175400962
000d7d20_4333,11729.034273968959
000d7d20_4334,11729.058047315732
000d7d20_4335,11729.079294561867
000d7d20_4336,11729.107188976897
000d7d20_4337,11729.12738130691
000d7d20_4338,11729.153209244618
000d7d20_4339,11729.17375233801
000d7d20_4340,11729.191442528849
000d7d20_4341,11729.215963544913
000d7d20_4342,11729.231635991748
000d7d20_4343,11729.24654617509
000d7d20_4344,11729.262474720774
000d7d20_4345,11729.281535542832
000d7d20_4346,11729.297935075356
000d7d20_4347,11729.312597593811
000d7d20_4348,11729.324926338086
000d7d20_4349,11729.341243456294
000d7d20_4350,11729.352323221368
000d7d20_4351,11729.36048966684
000d7d20_4352,11729.372936889005
000d7d20_4353,11729.379043728784
000d7d20_4354,11729.391722153341
000d7d20_4355,11729.402386471007
000d7d20_4356,11729.411318794319
000d7d20_4357,11729.42089736115
000d7d20_4358,11729.427803665298
000d7d20_4359,11729.43639504475
000d7d20_4360,11729.447377060118
000d7d20_4361,11729.459145438605
000d7d20_4362,11729.476826934704
000d7d20_4363,11729.490637616447
000d7d20_4364,11729.501602916585
000d7d20_4365,11729.515811160818
000d7d20_4366,11729.531525874156
000d7d20_4367,11729.544516235435
000d7d20_4368,11729.559982891857
000d7d20_4369,11729.575303250687
000d7d20_4370,11729.588133907197
000d7d20_4371,11729.604125181882
000d7d20_4372,11729.618239900507
000d7d20_4373,11729.633451854199
000d7d20_4374,11729.649794543831
000d7d20_4375,11729.66476820971
000d7d20_4376,11729.6818825243
000d7d20_4377,11729.695766444365
000d7d20_4378,11729.716566943345
000d7d20_4379,11729.738979945743
000d7d20_4380,11729.759937034532
000d7d20_4381,11729.780957366405
000d7d20_4382,11729.802278911908
000d7d20_4383,11729.819997849678
000d7d20_4384,11729.839046109493
000d7d20_4385,11729.853489898818
000d7d20_4386,11729.870366620242
000d7d20_4387,11729.888583218424
000d7d20_4388,11729.906784892788
000d7d20_4389,11729.919960512798
000d7d20_4390,11729.929554904746
000d7d20_4391,11729.940601293254
000d7d20_4392,11729.955301731805
000d7d20_4393,11729.969636632333
000d7d20_4394,11729.977379568032
000d7d20_4395,11729.991380572608
000d7d20_4396,11730.005125277703
000d7d20_4397,11730.011800570888
000d7d20_4398,11730.023806761932
000d7d20_4399,11730.033652758437
000d7d20_4400,11730.040118113986
000d7d20_4401,11730.052324226843
000d7d20_4402,11730.061446444684
000d7d20_4403,11730.066264129837
000d7d20_4404,11730.076045570086
000d7d20_4405,11730.078849497399
000d7d20_4406,11730.083242516255
000d7d20_4407,11730.087615518936
000d7d20_4408,11730.086159651852
000d7d20_4409,11730.092750348587
000d7d20_4410,11730.09331242918
000d7d20_4411,11730.102162807267
000d7d20_4412,11730.107492747735
000d7d20_4413,11730.113235244537
000d7d20_4414,11730.119427667778
000d7d20_4415,11730.132259509555
000d7d20_4416,11730.139278042852
000d7d20_4417,11730.154109696545
000d7d20_4418,11730.163882413352
000d7d20_4419,11730.183249958314
000d7d20_4420,11730.198452078464
000d7d20_4421,11730.216363402833
000d7d20_4422,11730.230314570072
000d7d20_4423,11730.245130729876
000d7d20_4424,11730.262453809977
000d7d20_4425,11730.277318449233
000d7d20_4426,11730.297485776973
000d7d20_4427,11730.311232295182
000d7d20_4428,11730.32982011695
000d7d20_4429,11730.343235812594
000d7d20_4430,11730.365424738138
000d7d20_4431,11730.383536868601
000d7d20_4432,11730.401051034702
000d7d20_4433,11730.427157161294
000d7d20_4434,11730.448149892109
000d7d20_4435,11730.470117448776
000d7d20_4436,11730.487890245755
000d7d20_4437,11730.50991346924
000d7d20_4438,11730.52849639797
000d7d20_4439,11730.549389151718
000d7d20_4440,11730.562566604447
000d7d20_4441,11730.582071035733
000d7d20_4442,11730.595816531752
000d7d20_4443,11730.613136027316
000d7d20_4444,11730.625253426413
000d7d20_4445,11730.641161874904
000d7d20_4446,11730.663817972221
000d7d20_4447,11730.68031271422
000d7d20_4448,11730.698864514905
000d7d20_4449,11730.714157026192
000d7d20_4450,11730.734818747875
000d7d20_4451,11730.747593572047
000d7d20_4452,11730.768093695724
000d7d20_4453,11730.780878964317
000d7d20_4454,11730.799304735165
000d7d20_4455,11730.810566481274
000d7d20_4456,11730.824628022845
000d7d20_4457,11730.833366544342
000d7d20_4458,11730.845759526514
000d7d20_4459,11730.850241149416
000d7d20_4460,11730.861726656669
000d7d20_4461,11730.868313491454
000d7d20_4462,11730.877847956603
000d7d20_4463,11730.882650890808
000d7d20_4464,11730.891748061524
000d7d20_4465,11730.896667310893
000d7d20_4466,11730.90616046
000d7d20_4467,11730.911301661494
000d7d20_4468,11730.923866835703
000d7d20_4469,11730.930839877376
000d7d20_4470,11730.939020738551
000d7d20_4471,11730.942732227431
000d7d20_4472,11730.948003717182
000d7d20_4473,11730.954715876424
000d7d20_4474,11730.957111020105
000d7d20_4475,11730.966495068806
000d7d20_4476,11730.97094484988
000d7d20_4477,11730.978874447801
000d7d20_4478,11730.98088478424
000d7d20_4479,11730.98935923641
000d7d20_4480,11730.99039933768
000d7d20_4481,11730.997716083864
000d7d20_4482,11731.001091465212
000d7d20_4483,11731.008845245857
000d7d20_4484,11731.013726741901
000d7d20_4485,11731.02481842172
000d7d20_4486,11731.033782914092
000d7d20_4487,11731.037309821344
000d7d20_4488,11731.043913070505
000d7d20_4489,11731.047010958246
000d7d20_4490,11731.054981675054
000d7d20_4491,11731.055761011903
000d7d20_4492,11731.06400390164
000d7d20_4493,11731.065790047822
000d7d20_4494,11731.070473342796
000d7d20_4495,11731.078826676603
000d7d20_4496,11731.083181811835
000d7d20_4497,11731.0930975334
000d7d20_4498,11731.100294739004
000d7d20_4499,11731.110859546185
000d7d20_4500,11731.119601280587
000d7d20_4501,11731.134961560289
000d7d20_4502,11731.148904373265
000d7d20_4503,11731.15795934808
000d7d20_4504,11731.17116279666
000d7d20_4505,11731.177653904166
000d7d20_4506,11731.190122132644
000d7d20_4507,11731.201473966152
000d7d20_4508,11731.20982107343
000d7d20_4509,11731.222431018305
000d7d20_4510,11731.2282856751
000d7d20_4511,11731.242621787678
000d7d20_4512,11731.256200624528
000d7d20_4513,11731.264490882693
000d7d20_4514,11731.281021541468
000d7d20_4515,11731.291590094137
000d7d20_4516,11731.310470997534
000d7d20_4517,11731.329042112075
000d7d20_4518,11731.34101306694
000d7d20_4519,11731.35880621262
000d7d20_4520,11731.371547224131
000d7d20_4521,11731.38693303494
000d7d20_4522,11731.399259966747
000d7d20_4523,11731.412938810645
000d7d20_4524,11731.42599620556
000d7d20_4525,11731.431564922994
000d7d20_4526,11731.441982856151
000d7d20_4527,11731.449776764483
000d7d20_4528,11731.463019020412
000d7d20_4529,11731.474010902108
000d7d20_4530,11731.48246245965
000d7d20_4531,11731.49420939164
000d7d20_4532,11731.503894626663
000d7d20_4533,11731.518838049338
000d7d20_4534,11731.525870768985
000d7d20_4535,11731.538954663522
000d7d20_4536,11731.550444199858
000d7d20_4537,11731.555784122087
000d7d20_4538,11731.569344083851
000d7d20_4539,11731.57613233004
000d7d20_4540,11731.589660127831
000d7d20_4541,11731.59966942728
000d7d20_4542,11731.613111801775
000d7d20_4543,11731.623099601075
000d7d20_4544,11731.637357414824
000d7d20_4545,11731.648531046245
000d7d20_4546,11731.657654448802
000d7d20_4547,11731.671700173152
000d7d20_4548,11731.681890289983
000d7d20_4549,11731.697634414562
000d7d20_4550,11731.706067062867
000d7d20_4551,11731.72108964153
000d7d20_4552,11731.729962663561
000d7d20_4553,11731.741709631278
000d7d20_4554,11731.750608074039
000d7d20_4555,11731.764977381412
000d7d20_4556,11731.770833987397
000d7d20_4557,11731.784319195503
000d7d20_4558,11731.79010298528
000d7d20_4559,11731.802138380863
000d7d20_4560,11731.814366486575
000d7d20_4561,11731.817740744787
000d7d20_4562,11731.829587047432
000d7d20_4563,11731.837474288855
000d7d20_4564,11731.85028066921
000d7d20_4565,11731.86049444756
000d7d20_4566,11731.87345360166
000d7d20_4567,11731.882104070413
000d7d20_4568,11731.894909093215
000d7d20_4569,11731.901714269072
000d7d20_4570,11731.913636802663
000d7d20_4571,11731.920331308664
000d7d20_4572,11731.929495424149
000d7d20_4573,11731.934218674856
000d7d20_4574,11731.940819137733
000d7d20_4575,11731.941882617795
000d7d20_4576,11731.946274086804
000d7d20_4577,11731.94258900483
000d7d20_4578,11731.949239655041
000d7d20_4579,11731.951277788614
000d7d20_4580,11731.95739680482
000d7d20_4581,11731.961136548667
000d7d20_4582,11731.96435451156
000d7d20_4583,11731.969223110736
000d7d20_4584,11731.973537509359
000d7d20_4585,11731.981948062526
000d7d20_4586,11731.98733632787
000d7d20_4587,11731.9984017282
000d7d20_4588,11732.002376794704
000d7d20_4589,11732.013281402322
000d7d20_4590,11732.018887399261
000d7d20_4591,11732.027717181143
000d7d20_4592,11732.035246421688
000d7d20_4593,11732.044649700894
000d7d20_4594,11732.051131563509
000d7d20_4595,11732.063739550918
000d7d20_4596,11732.07040980674
000d7d20_4597,11732.078716756801
000d7d20_4598,11732.09154286432
000d7d20_4599,11732.09668998887
000d7d20_4600,11732.110281866535
000d7d20_4601,11732.119788508895
000d7d20_4602,11732.13055204412
000d7d20_4603,11732.13914091773
000d7d20_4604,11732.152095313846
000d7d20_4605,11732.1593130963
000d7d20_4606,11732.166529710279
000d7d20_4607,11732.179081429676
000d7d20_4608,11732.182942737985
000d7d20_4609,11732.192650426885
000d7d20_4610,11732.19964984545
000d7d20_4611,11732.206533342232
000d7d20_4612,11732.220483357505
000d7d20_4613,11732.226490926027
000d7d20_4614,11732.233219959042
000d7d20_4615,11732.24728822138
000d7d20_4616,11732.254204365101
000d7d20_4617,11732.261702248776
000d7d20_4618,11732.275203005167
000d7d20_4619,11732.280818230054
000d7d20_4620,11732.285979414413
000d7d20_4621,11732.289244347558
000d7d20_4622,11732.294205490265
000d7d20_4623,11732.301281543594
000d7d20_4624,11732.30262760635
000d7d20_4625,11732.306448810836
000d7d20_4626,11732.306853926028
000d7d20_4627,11732.306749427535
000d7d20_4628,11732.308941936062
000d7d20_4629,11732.309411507988
000d7d20_4630,11732.30969279215
000d7d20_4631,11732.309931891854
000d7d20_4632,11732.3124293834
000d7d20_4633,11732.313428388825
000d7d20_4634,11732.315389400264
000d7d20_4635,11732.319215025831
000d7d20_4636,11732.321804545947
000d7d20_4637,11732.324681699258
000d7d20_4638,11732.329201671157
000d7d20_4639,11732.330115193447
000d7d20_4640,11732.324415958701
000d7d20_4641,11732.324293718248
000d7d20_4642,11732.325788366765
000d7d20_4643,11732.32430953727
000d7d20_4644,11732.324249723704
000d7d20_4645,11732.320167188023
000d7d20_4646,11732.319060809605
000d7d20_4647,11732.317649481542
000d7d20_4648,11732.317939253451
000d7d20_4649,11732.311419165995
000d7d20_4650,11732.30895731027
000d7d20_4651,11732.306777120697
000d7d20_4652,11732.30098074889
000d7d20_4653,11732.297565072739
000d7d20_4654,11732.28905663963
000d7d20_4655,11732.287335151383
000d7d20_4656,11732.277482234964
000d7d20_4657,11732.272832832039
000d7d20_4658,11732.266676259704
000d7d20_4659,11732.25697605766
000d7d20_4660,11732.246072383597
000d7d20_4661,11732.239824894496
000d7d20_4662,11732.228444999324
000d7d20_4663,11732.219446608406
000d7d20_4664,11732.20470410589
000d7d20_4665,11732.197909924907
000d7d20_4666,11732.18451812281
000d7d20_4667,11732.172575697425
000d7d20_4668,11732.164672110273
000d7d20_4669,11732.155423353688
000d7d20_4670,11732.144281084715
000d7d20_4671,11732.133715695623
000d7d20_4672,11732.131383116164
000d7d20_4673,11732.120755109798
000d7d20_4674,11732.111849019126
000d7d20_4675,11732.103828994472
000d7d20_4676,11732.098967245845
000d7d20_4677,11732.088308506829
000d7d20_4678,11732.078991691189
000d7d20_4679,11732.073183117413
000d7d20_4680,11732.064579242604
000d7d20_4681,11732.058170587698
000d7d20_4682,11732.055463425208
000d7d20_4683,11732.052403828844
000d7d20_4684,11732.04993737425
000d7d20_4685,11732.049777186527
000d7d20_4686,11732.048075247396
000d7d20_4687,11732.047787124258
000d7d20_4688,11732.0483499364
000d7d20_4689,11732.051199215399
000d7d20_4690,11732.052882191514
000d7d20_4691,11732.054663793315
000d7d20_4692,11732.059591779434
000d7d20_4693,11732.061895420276
000d7d20_4694,11732.062216377792
000d7d20_4695,11732.057008688735
000d7d20_4696,11732.054648187335
000d7d20_4697,11732.053285555365
000d7d20_4698,11732.051659320048
000d7d20_4699,11732.046527123719
000d7d20_4700,11732.04569087419
000d7d20_4701,11732.043393046828
000d7d20_4702,11732.041721591657
000d7d20_4703,11732.031979652906
000d7d20_4704,11732.02774689188
000d7d20_4705,11732.02364003775
000d7d20_4706,11732.012547075752
000d7d20_4707,11732.004850406007
000d7d20_4708,11731.996999636933
000d7d20_4709,11731.991347476294
000d7d20_4710,11731.979916318023
000d7d20_4711,11731.962936925434
000d7d20_4712,11731.954417245062
000d7d20_4713,11731.944356786244
000d7d20_4714,11731.933639593963
000d7d20_4715,11731.923629952977
000d7d20_4716,11731.91619428326
000d7d20_4717,11731.90388859284
000d7d20_4718,11731.892353117642
000d7d20_4719,11731.88368713955
000d7d20_4720,11731.87026496683
000d7d20_4721,11731.856264519578
000d7d20_4722,11731.845290657917
000d7d20_4723,11731.83097230552
000d7d20_4724,11731.816322576313
000d7d20_4725,11731.802091321493
000d7d20_4726,11731.789947987425
000d7d20_4727,11731.773880886949
000d7d20_4728,11731.762903070397
000d7d20_4729,11731.749501523496
000d7d20_4730,11731.736186732858
000d7d20_4731,11731.724338053129
000d7d20_4732,11731.71167389147
000d7d20_4733,11731.70037988829
000d7d20_4734,11731.685257784302
000d7d20_4735,11731.66946975891
000d7d20_4736,11731.660109422808
000d7d20_4737,11731.64514315402
000d7d20_4738,11731.633843426607
000d7d20_4739,11731.628061061041
000d7d20_4740,11731.615119700291
000d7d20_4741,11731.603696539749
000d7d20_4742,11731.596196881601
000d7d20_4743,11731.5832139833
000d7d20_4744,11731.576786902486
000d7d20_4745,11731.565741426635
000d7d20_4746,11731.563527694183
000d7d20_4747,11731.554742026356
000d7d20_4748,11731.548934515951
000d7d20_4749,11731.539325870486
000d7d20_4750,11731.534330094979
000d7d20_4751,11731.524895568104
000d7d20_4752,11731.522947858442
000d7d20_4753,11731.519460951113
000d7d20_4754,11731.51071476141
000d7d20_4755,11731.505179622602
000d7d20_4756,11731.502918631466
000d7d20_4757,11731.491295746224
000d7d20_4758,11731.48230298824
000d7d20_4759,11731.477605913347
000d7d20_4760,11731.468422310661
000d7d20_4761,11731.461982866356
000d7d20_4762,11731.459129859653
000d7d20_4763,11731.455705276432
000d7d20_4764,11731.451279283436
000d7d20_4765,11731.440833626586
000d7d20_4766,11731.439588410696
000d7d20_4767,11731.43685861558
000d7d20_4768,11731.43710270276
000d7d20_4769,11731.437458037919
000d7d20_4770,11731.433508095752
000d7d20_4771,11731.430737777184
000d7d20_4772,11731.429318844164
000d7d20_4773,11731.426917234401
000d7d20_4774,11731.424835354981
000d7d20_4775,11731.425004390854
000d7d20_4776,11731.426677565329
000d7d20_4777,11731.42489408185
000d7d20_4778,11731.425738093778
000d7d20_4779,11731.42697623343
000d7d20_4780,11731.426134346035
000d7d20_4781,11731.433999166835
000d7d20_4782,11731.437378088216
000d7d20_4783,11731.441856335317
000d7d20_4784,11731.444983199064
000d7d20_4785,11731.448850898261
000d7d20_4786,11731.454733476869
000d7d20_4787,11731.464357844892
000d7d20_4788,11731.47146994371
000d7d20_4789,11731.481252400004
000d7d20_4790,11731.493400800062
000d7d20_4791,11731.498132956885
000d7d20_4792,11731.501740097838
000d7d20_4793,11731.51141792037
000d7d20_4794,11731.516866074177
000d7d20_4795,11731.5220674388
000d7d20_4796,11731.535883456898
000d7d20_4797,11731.54523590302
000d7d20_4798,11731.556881936385
000d7d20_4799,11731.566304499502
000d7d20_4800,11731.579250452014
000d7d20_4801,11731.58896427476
000d7d20_4802,11731.599277079964
000d7d20_4803,11731.617338079108
000d7d20_4804,11731.6288350158
000d7d20_4805,11731.639991224743
000d7d20_4806,11731.655384384332
000d7d20_4807,11731.66245278883
000d7d20_4808,11731.668824920225
000d7d20_4809,11731.682458967785
000d7d20_4810,11731.688967789629
000d7d20_4811,11731.695117540861
000d7d20_4812,11731.70567198603
000d7d20_4813,11731.71338751686
000d7d20_4814,11731.718739114436
000d7d20_4815,11731.729318795855
000d7d20_4816,11731.737214983747
000d7d20_4817,11731.74048385457
000d7d20_4818,11731.748410779757
000d7d20_4819,11731.752215904246
000d7d20_4820,11731.755259298281
000d7d20_4821,11731.754537038054
000d7d20_4822,11731.758816525933
000d7d20_4823,11731.757451683936
000d7d20_4824,11731.755650768531
000d7d20_4825,11731.752311895982
000d7d20_4826,11731.749814081795
000d7d20_4827,11731.748843381856
000d7d20_4828,11731.743607243068
000d7d20_4829,11731.737319131484
000d7d20_4830,11731.729862087243
000d7d20_4831,11731.720248201986
000d7d20_4832,11731.71223074718
000d7d20_4833,11731.701551992719
000d7d20_4834,11731.686412655286
000d7d20_4835,11731.672379176736
000d7d20_4836,11731.660421548979
000d7d20_4837,11731.646419250781
000d7d20_4838,11731.633029543122
000d7d20_4839,11731.622641672995
000d7d20_4840,11731.603415106394
000d7d20_4841,11731.58536852654
000d7d20_4842,11731.565073112706
000d7d20_4843,11731.547336352178
000d7d20_4844,11731.530271366893
000d7d20_4845,11731.512969642743
000d7d20_4846,11731.49882469275
000d7d20_4847,11731.482192391337
000d7d20_4848,11731.46803794321
000d7d20_4849,11731.45506909596
000d7d20_4850,11731.442796971844
000d7d20_4851,11731.433973755491
000d7d20_4852,11731.42599286044
000d7d20_4853,11731.415317260427
000d7d20_4854,11731.406517171072
000d7d20_4855,11731.393689085362
000d7d20_4856,11731.38230091511
000d7d20_4857,11731.371366785908
000d7d20_4858,11731.361346281707
000d7d20_4859,11731.356599041937
000d7d20_4860,11731.350117161153
000d7d20_4861,11731.347222941702
000d7d20_4862,11731.34394396258
000d7d20_4863,11731.339145964594
000d7d20_4864,11731.33756547368
000d7d20_4865,11731.338134658457
000d7d20_4866,11731.337260931054
000d7d20_4867,11731.338424193615
000d7d20_4868,11731.339157435928
000d7d20_4869,11731.34162630095
000d7d20_4870,11731.339135998887
000d7d20_4871,11731.340856959192
000d7d20_4872,11731.343233860527
000d7d20_4873,11731.34485227471
000d7d20_4874,11731.349415012608
000d7d20_4875,11731.351249851989
000d7d20_4876,11731.34991007637
000d7d20_4877,11731.347543567841
000d7d20_4878,11731.339967132184
000d7d20_4879,11731.338035464361
000d7d20_4880,11731.340620272913
000d7d20_4881,11731.34069941707
000d7d20_4882,11731.344365915724
000d7d20_4883,11731.341233195173
000d7d20_4884,11731.340064475655
000d7d20_4885,11731.339708683277
000d7d20_4886,11731.336644318511
000d7d20_4887,11731.331448600537
000d7d20_4888,11731.331932020548
000d7d20_4889,11731.328614383292
000d7d20_4890,11731.32888659431
000d7d20_4891,11731.324163791352
000d7d20_4892,11731.324842843744
000d7d20_4893,11731.327074200886
000d7d20_4894,11731.326828243422
000d7d20_4895,11731.331496282844
000d7d20_4896,11731.330783855272
000d7d20_4897,11731.330646964256
000d7d20_4898,11731.330991341343
000d7d20_4899,11731.329775071215
000d7d20_4900,11731.327973897238
000d7d20_4901,11731.328399201422
000d7d20_4902,11731.327421314112
000d7d20_4903,11731.330353942123
000d7d20_4904,11731.334402620478
000d7d20_4905,11731.335928074608
000d7d20_4906,11731.342217948097
000d7d20_4907,11731.3457788263
000d7d20_4908,11731.351937358344
000d7d20_4909,11731.35962120627
000d7d20_4910,11731.366685884026
000d7d20_4911,11731.375027482318
000d7d20_4912,11731.383556040848
000d7d20_4913,11731.396807569829
000d7d20_4914,11731.408383851856
000d7d20_4915,11731.415401512848
000d7d20_4916,11731.424976566936
000d7d20_4917,11731.433305503688
000d7d20_4918,11731.443149743378
000d7d20_4919,11731.446934798361
000d7d20_4920,11731.445819382167
000d7d20_4921,11731.44977725445
000d7d20_4922,11731.44877532273
000d7d20_4923,11731.444988791973
000d7d20_4924,11731.450578850881
000d7d20_4925,11731.45214030663
000d7d20_4926,11731.45557094972
000d7d20_4927,11731.458168555066
000d7d20_4928,11731.465677873563
000d7d20_4929,11731.467737141986
000d7d20_4930,11731.475172910392
000d7d20_4931,11731.473304891122
000d7d20_4932,11731.478463023162
000d7d20_4933,11731.477421692118
000d7d20_4934,11731.482658158073
000d7d20_4935,11731.482638388485
000d7d20_4936,11731.487090317158
000d7d20_4937,11731.492940523523
000d7d20_4938,11731.494934943812
000d7d20_4939,11731.498811151196
000d7d20_4940,11731.504328182778
000d7d20_4941,11731.5071617986
000d7d20_4942,11731.506809663046
000d7d20_4943,11731.509931784225
000d7d20_4944,11731.513153767497
000d7d20_4945,11731.518540838002
000d7d20_4946,11731.523708150768
000d7d20_4947,11731.527025752759
000d7d20_4948,11731.536882031663
000d7d20_4949,11731.545661775821
000d7d20_4950,11731.55502517528
000d7d20_4951,11731.563442034705
000d7d20_4952,11731.571101044883
000d7d20_4953,11731.578446145631
000d7d20_4954,11731.584081709414
000d7d20_4955,11731.592160156248
000d7d20_4956,11731.600782081434
000d7d20_4957,11731.608439099258
000d7d20_4958,11731.617917226982
000d7d20_4959,11731.627578032037
000d7d20_4960,11731.645618296196
000d7d20_4961,11731.65768788038
000d7d20_4962,11731.669282339464
000d7d20_4963,11731.68161277927
000d7d20_4964,11731.693619677932
000d7d20_4965,11731.702872322803
000d7d20_4966,11731.719933885845
000d7d20_4967,11731.72741212718
000d7d20_4968,11731.739848505524
000d7d20_4969,11731.756987961635
000d7d20_4970,11731.76834140083
000d7d20_4971,11731.780251084412
000d7d20_4972,11731.798774413111
000d7d20_4973,11731.810113463318
000d7d20_4974,11731.829864700549
000d7d20_4975,11731.842086075565
000d7d20_4976,11731.85643002156
000d7d20_4977,11731.87528512165
000d7d20_4978,11731.888540590971
000d7d20_4979,11731.910103499871
000d7d20_4980,11731.925192683068
000d7d20_4981,11731.948236430879
000d7d20_4982,11731.973574059259
000d7d20_4983,11731.991505357273
000d7d20_4984,11732.016284962765
000d7d20_4985,11732.03258988076
000d7d20_4986,11732.051757266705
000d7d20_4987,11732.074239004887
000d7d20_4988,11732.088573005582
000d7d20_4989,11732.112705338997
000d7d20_4990,11732.131374383665
000d7d20_4991,11732.15377315827
000d7d20_4992,11732.179055114979
000d7d20_4993,11732.196730586234
000d7d20_4994,11732.223206162696
000d7d20_4995,11732.241895569176
000d7d20_4996,11732.264748250462
000d7d20_4997,11732.282826784885
000d7d20_4998,11732.300133572355
000d7d20_4999,11732.318175169616
000d7d20_5000,11732.335497907294
000d7d20_5001,11732.3561116322
000d7d20_5002,11732.375769966791
000d7d20_5003,11732.39421631907
000d7d20_5004,11732.415986593776
000d7d20_5005,11732.43334728132
000d7d20_5006,11732.447393423372
000d7d20_5007,11732.467321617172
000d7d20_5008,11732.480389623859
000d7d20_5009,11732.48778933534
000d7d20_5010,11732.499341717186
000d7d20_5011,11732.51634397433
000d7d20_5012,11732.524324984404
000d7d20_5013,11732.53267201818
000d7d20_5014,11732.541194613797
000d7d20_5015,11732.549089922068
000d7d20_5016,11732.56237800118
000d7d20_5017,11732.572617749931
000d7d20_5018,11732.581890482223
000d7d20_5019,11732.591086990979
000d7d20_5020,11732.600727457719
000d7d20_5021,11732.611983298932
000d7d20_5022,11732.623081966176
000d7d20_5023,11732.633109929884
000d7d20_5024,11732.643020421452
000d7d20_5025,11732.653224275075
000d7d20_5026,11732.665318273848
000d7d20_5027,11732.676667455664
000d7d20_5028,11732.687941388225
000d7d20_5029,11732.698756033466
000d7d20_5030,11732.711333059644
000d7d20_5031,11732.722421069338
000d7d20_5032,11732.735863923572
000d7d20_5033,11732.746376206029
000d7d20_5034,11732.76259961465
000d7d20_5035,11732.777869914264
000d7d20_5036,11732.792560285561
000d7d20_5037,11732.806567092419
000d7d20_5038,11732.81730646309
000d7d20_5039,11732.834603443942
000d7d20_5040,11732.852324970003
000d7d20_5041,11732.867584772448
000d7d20_5042,11732.879403170657
000d7d20_5043,11732.896360825387
000d7d20_5044,11732.913600765729
000d7d20_5045,11732.92560419112
000d7d20_5046,11732.94599525433
000d7d20_5047,11732.96345925846
000d7d20_5048,11732.977057367058
000d7d20_5049,11732.993953674204
000d7d20_5050,11733.00455858029
000d7d20_5051,11733.021230390437
000d7d20_5052,11733.037345153078
000d7d20_5053,11733.050072588578
000d7d20_5054,11733.065848923728
000d7d20_5055,11733.074375197382
000d7d20_5056,11733.08994984479
000d7d20_5057,11733.100521203094
000d7d20_5058,11733.11131787372
000d7d20_5059,11733.12789661522
000d7d20_5060,11733.137408105882
000d7d20_5061,11733.15139504855
000d7d20_5062,11733.159724071853
000d7d20_5063,11733.164406026784
000d7d20_5064,11733.175423577572
000d7d20_5065,11733.18122784781
000d7d20_5066,11733.18948460149
000d7d20_5067,11733.200673917558
000d7d20_5068,11733.206925036266
000d7d20_5069,11733.213476130422
000d7d20_5070,11733.22106623967
000d7d20_5071,11733.234898221686
000d7d20_5072,11733.24652059663
000d7d20_5073,11733.256210763939
000d7d20_5074,11733.26703459035
000d7d20_5075,11733.280405293764
000d7d20_5076,11733.295311343823
000d7d20_5077,11733.313893068182
000d7d20_5078,11733.326606553474
000d7d20_5079,11733.341212882655
000d7d20_5080,11733.35447241875
000d7d20_5081,11733.36690311769
000d7d20_5082,11733.379574397648
000d7d20_5083,11733.3895928837
000d7d20_5084,11733.400629223104
000d7d20_5085,11733.41354150277
000d7d20_5086,11733.421838517595
000d7d20_5087,11733.429013863897
000d7d20_5088,11733.444068359753
000d7d20_5089,11733.453539430202
000d7d20_5090,11733.462476328059
000d7d20_5091,11733.469381837825
000d7d20_5092,11733.478623441639
000d7d20_5093,11733.484131427827
000d7d20_5094,11733.488268510524
000d7d20_5095,11733.489222513574
000d7d20_5096,11733.492810544893
000d7d20_5097,11733.499308907669
000d7d20_5098,11733.505415776468
000d7d20_5099,11733.506837406705
000d7d20_5100,11733.506825942695
000d7d20_5101,11733.50460418269
000d7d20_5102,11733.501225878561
000d7d20_5103,11733.497233399241
000d7d20_5104,11733.495284101291
000d7d20_5105,11733.488999983843
000d7d20_5106,11733.489917383991
000d7d20_5107,11733.485342606184
000d7d20_5108,11733.479442422964
000d7d20_5109,11733.47254086734
000d7d20_5110,11733.466088221412
000d7d20_5111,11733.461865025994
000d7d20_5112,11733.45551610458
000d7d20_5113,11733.45287998361
000d7d20_5114,11733.4439711853
000d7d20_5115,11733.433681349905
000d7d20_5116,11733.426225820294
000d7d20_5117,11733.421452070594
000d7d20_5118,11733.412753270593
000d7d20_5119,11733.402277142068
000d7d20_5120,11733.395426188046
000d7d20_5121,11733.38488258803
000d7d20_5122,11733.376410037123
000d7d20_5123,11733.370868301074
000d7d20_5124,11733.36614695864
000d7d20_5125,11733.361520789338
000d7d20_5126,11733.362547329061
000d7d20_5127,11733.359248085126
000d7d20_5128,11733.356263817494
000d7d20_5129,11733.356267230563
000d7d20_5130,11733.36141034546
000d7d20_5131,11733.367236889302
000d7d20_5132,11733.376827200895
000d7d20_5133,11733.382542130312
000d7d20_5134,11733.390186742767
000d7d20_5135,11733.398586808464
000d7d20_5136,11733.409324865246
000d7d20_5137,11733.4224109586
000d7d20_5138,11733.43343575401
000d7d20_5139,11733.44618749102
000d7d20_5140,11733.46033263837
000d7d20_5141,11733.475980869664
000d7d20_5142,11733.496079141685
000d7d20_5143,11733.51098746873
000d7d20_5144,11733.52593304048
000d7d20_5145,11733.540457966234
000d7d20_5146,11733.555883598623
000d7d20_5147,11733.578843739133
000d7d20_5148,11733.597798670045
000d7d20_5149,11733.617299127454
000d7d20_5150,11733.630933704364
000d7d20_5151,11733.643925185308
000d7d20_5152,11733.662520643782
000d7d20_5153,11733.677885375873
000d7d20_5154,11733.69437822737
000d7d20_5155,11733.712794513645
000d7d20_5156,11733.730944392633
000d7d20_5157,11733.75101980511
000d7d20_5158,11733.767943865816
000d7d20_5159,11733.78480865749
000d7d20_5160,11733.801599678805
000d7d20_5161,11733.82315491934
000d7d20_5162,11733.845242635007
000d7d20_5163,11733.86636002317
000d7d20_5164,11733.887526377597
000d7d20_5165,11733.91031504092
000d7d20_5166,11733.926660466292
000d7d20_5167,11733.94335041217
000d7d20_5168,11733.959945081828
000d7d20_5169,11733.974688333938
000d7d20_5170,11733.995992876793
000d7d20_5171,11734.011420630704
000d7d20_5172,11734.02581427773
000d7d20_5173,11734.042615605853
000d7d20_5174,11734.054563382131
000d7d20_5175,11734.062179487715
000d7d20_5176,11734.07001440175
000d7d20_5177,11734.079521184263
000d7d20_5178,11734.083506938938
000d7d20_5179,11734.086512757789
000d7d20_5180,11734.091574730446
000d7d20_5181,11734.102286418496
000d7d20_5182,11734.113503616678
000d7d20_5183,11734.116654301335
000d7d20_5184,11734.122782755956
000d7d20_5185,11734.128676889613
000d7d20_5186,11734.140565918364
000d7d20_5187,11734.147888502655
000d7d20_5188,11734.152803364077
000d7d20_5189,11734.157956487668
000d7d20_5190,11734.166661702176
000d7d20_5191,11734.168641644705
000d7d20_5192,11734.169058980455
000d7d20_5193,11734.170806698272
000d7d20_5194,11734.175329603964
000d7d20_5195,11734.185190795812
000d7d20_5196,11734.190292110106
000d7d20_5197,11734.194010377767
000d7d20_5198,11734.196295152475
000d7d20_5199,11734.197475609035
000d7d20_5200,11734.203898999087
000d7d20_5201,11734.201310830886
000d7d20_5202,11734.19703526631
000d7d20_5203,11734.19200710374
000d7d20_5204,11734.189208152326
000d7d20_5205,11734.190367916175
000d7d20_5206,11734.186611705329
000d7d20_5207,11734.179031420146
000d7d20_5208,11734.170397474267
000d7d20_5209,11734.160529171513
000d7d20_5210,11734.156724872722
000d7d20_5211,11734.149149368262
000d7d20_5212,11734.14233611424
000d7d20_5213,11734.138948569213
000d7d20_5214,11734.130815046028
000d7d20_5215,11734.12093385418
000d7d20_5216,11734.117633123742
000d7d20_5217,11734.110552258931
000d7d20_5218,11734.107549745615
000d7d20_5219,11734.105959649234
000d7d20_5220,11734.104304200606
000d7d20_5221,11734.102745168382
000d7d20_5222,11734.105137934881
000d7d20_5223,11734.101810944658
000d7d20_5224,11734.095612966354
000d7d20_5225,11734.090125774974
000d7d20_5226,11734.087540423894
000d7d20_5227,11734.087392397292
000d7d20_5228,11734.08743319907
000d7d20_5229,11734.094773461291
000d7d20_5230,11734.097923507066
000d7d20_5231,11734.100743316034
000d7d20_5232,11734.10716352895
000d7d20_5233,11734.110839742687
000d7d20_5234,11734.11675662169
000d7d20_5235,11734.123382914919
000d7d20_5236,11734.137352024474
000d7d20_5237,11734.143765350484
000d7d20_5238,11734.151988798098
000d7d20_5239,11734.155099592594
000d7d20_5240,11734.159493495506
000d7d20_5241,11734.160785557759
000d7d20_5242,11734.163098884592
000d7d20_5243,11734.167163535352
000d7d20_5244,11734.178649051351
000d7d20_5245,11734.183505666277
000d7d20_5246,11734.185953168104
000d7d20_5247,11734.18449880802
000d7d20_5248,11734.192228636832
000d7d20_5249,11734.199717474292
000d7d20_5250,11734.207362328432
000d7d20_5251,11734.217182666449
000d7d20_5252,11734.225627464424
000d7d20_5253,11734.234579060289
000d7d20_5254,11734.249124482396
000d7d20_5255,11734.258882752303
000d7d20_5256,11734.26925797445
000d7d20_5257,11734.280267481321
000d7d20_5258,11734.293486517658
000d7d20_5259,11734.305006234626
000d7d20_5260,11734.316730420918
000d7d20_5261,11734.32968610354
000d7d20_5262,11734.343307503339
000d7d20_5263,11734.357639639456
000d7d20_5264,11734.375034993493
000d7d20_5265,11734.389926865599
000d7d20_5266,11734.410245549154
000d7d20_5267,11734.426047220917
000d7d20_5268,11734.442741995055
000d7d20_5269,11734.460400508651
000d7d20_5270,11734.480709742184
000d7d20_5271,11734.499823719394
000d7d20_5272,11734.519926659435
000d7d20_5273,11734.541102781444
000d7d20_5274,11734.563436304581
000d7d20_5275,11734.587011447973
000d7d20_5276,11734.611912430777
000d7d20_5277,11734.640323472133
00bbac68_1545,12222.33570244228
00bbac68_1546,12222.323497451158
00bbac68_1547,12222.308753791973
00bbac68_1548,12222.301584674751
00bbac68_1549,12222.296803309515
00bbac68_1550,12222.294322906284
00bbac68_1551,12222.294056675084
00bbac68_1552,12222.29591782594
00bbac68_1553,12222.299819568863
00bbac68_1554,12222.305641632753
00bbac68_1555,12222.313353944373
00bbac68_1556,12222.322869970092
00bbac68_1557,12222.334005477955
00bbac68_1558,12222.346742318314
00bbac68_1559,12222.36110795935
00bbac68_1560,12222.38211838033
00bbac68_1561,12222.399426340187
00bbac68_1562,12222.4179806022
00bbac68_1563,12222.437702297459
00bbac68_1564,12222.458598918
00bbac68_1565,12222.485690041973
00bbac68_1566,12222.508771022098
00bbac68_1567,12222.532811726
00bbac68_1568,12222.56294125989
00bbac68_1569,12222.588689477936
00bbac68_1570,12222.615014235991
00bbac68_1571,12222.647114580286
00bbac68_1572,12222.674543404088
00bbac68_1573,12222.707374438396
00bbac68_1574,12222.735534735242
00bbac68_1575,12222.764014647071
00bbac68_1576,12222.794966675594
00bbac68_1577,12222.826511377823
00bbac68_1578,12222.852649770472
00bbac68_1579,12222.88361219635
00bbac68_1580,12222.908459149414
00bbac68_1581,12222.937540113882
00bbac68_1582,12222.961409585936
00bbac68_1583,12222.989328865011
00bbac68_1584,12223.019756107053
00bbac68_1585,12223.046069140935
00bbac68_1586,12223.077585973006
00bbac68_1587,12223.108255321691
00bbac68_1588,12223.13904810767
00bbac68_1589,12223.16674380086
00bbac68_1590,12223.197416876077
00bbac68_1591,12223.227789622173
00bbac68_1592,12223.259431764076
00bbac68_1593,12223.291136984139
00bbac68_1594,12223.321916940717
00bbac68_1595,12223.3515623366
00bbac68_1596,12223.375490636965
00bbac68_1597,12223.404076635961
00bbac68_1598,12223.431113494149
00bbac68_1599,12223.454789250292
00bbac68_1600,12223.478352909626
00bbac68_1601,12223.503112999922
00bbac68_1602,12223.526004070476
00bbac68_1603,12223.55202947539
00bbac68_1604,12223.57324824569
00bbac68_1605,12223.593637792303
00bbac68_1606,12223.61318584429
00bbac68_1607,12223.629506770932
00bbac68_1608,12223.653431994031
00bbac68_1609,12223.677226871878
00bbac68_1610,12223.700066086965
00bbac68_1611,12223.72631744018
00bbac68_1612,12223.750818031913
00bbac68_1613,12223.773742977264
00bbac68_1614,12223.796366830245
00bbac68_1615,12223.819092194071
00bbac68_1616,12223.83908454084
00bbac68_1617,12223.858413742562
00bbac68_1618,12223.87671154812
00bbac68_1619,12223.8939100979
00bbac68_1620,12223.911043297543
00bbac68_1621,12223.927419984531
00bbac68_1622,12223.945523378148
00bbac68_1623,12223.962304053119
00bbac68_1624,12223.977885415803
00bbac68_1625,12223.9925989035
00bbac68_1626,12224.008142727293
00bbac68_1627,12224.025325308248
00bbac68_1628,12224.03992797316
00bbac68_1629,12224.052018772007
00bbac68_1630,12224.062794571211
00bbac68_1631,12224.068735540004
00bbac68_1632,12224.078522030206
00bbac68_1633,12224.088053490803
00bbac68_1634,12224.09722662071
00bbac68_1635,12224.106708960702
00bbac68_1636,12224.115670002382
00bbac68_1637,12224.125170000805
00bbac68_1638,12224.134137942685
00bbac68_1639,12224.143546911955
00bbac68_1640,12224.154662718025
00bbac68_1641,12224.168264561758
00bbac68_1642,12224.179643767782
00bbac68_1643,12224.20437042802
00bbac68_1644,12224.228106933902
00bbac68_1645,12224.247962642225
00bbac68_1646,12224.265994673562
00bbac68_1647,12224.283487127092
00bbac68_1648,12224.30212621382
00bbac68_1649,12224.313634257327
00bbac68_1650,12224.32948829392
00bbac68_1651,12224.345443015016
00bbac68_1652,12224.360413230315
00bbac68_1653,12224.373900588304
00bbac68_1654,12224.384637838997
00bbac68_1655,12224.388833375131
00bbac68_1656,12224.399380211691
00bbac68_1657,12224.410303037239
00bbac68_1658,12224.421997137591
00bbac68_1659,12224.433452956964
00bbac68_1660,12224.439990671512
00bbac68_1661,12224.448605922047
00bbac68_1662,12224.457166359025
00bbac68_1663,12224.466544740138
00bbac68_1664,12224.478561729298
00bbac68_1665,12224.480944463263
00bbac68_1666,12224.488597393585
00bbac68_1667,12224.496607882838
00bbac68_1668,12224.505786143452
00bbac68_1669,12224.508452269292
00bbac68_1670,12224.514384739536
00bbac68_1671,12224.520696496484
00bbac68_1672,12224.524719531339
00bbac68_1673,12224.524867109885
00bbac68_1674,12224.530654200691
00bbac68_1675,12224.533825354025
00bbac68_1676,12224.529487367208
00bbac68_1677,12224.527926158364
00bbac68_1678,12224.527776705238
00bbac68_1679,12224.53028716411
00bbac68_1680,12224.530103129793
00bbac68_1681,12224.535362917584
00bbac68_1682,12224.5424174426
00bbac68_1683,12224.54508618747
00bbac68_1684,12224.555339204422
00bbac68_1685,12224.567183867992
00bbac68_1686,12224.576436113664
00bbac68_1687,12224.592393583518
00bbac68_1688,12224.612778663559
00bbac68_1689,12224.631244055287
00bbac68_1690,12224.656223325055
00bbac68_1691,12224.683259192636
00bbac68_1692,12224.705987161087
00bbac68_1693,12224.73480366671
00bbac68_1694,12224.760840430823
00bbac68_1695,12224.793481113662
00bbac68_1696,12224.829021742462
00bbac68_1697,12224.862751785306
00bbac68_1698,12224.9036979916
00bbac68_1699,12224.941279605679
00bbac68_1700,12224.984597508112
00bbac68_1701,12225.02548168699
00bbac68_1702,12225.075000129034
00bbac68_1703,12225.121812885873
00bbac68_1704,12225.170004407002
00bbac68_1705,12225.214674595114
00bbac68_1706,12225.259454475277
00bbac68_1707,12225.310308244505
00bbac68_1708,12225.354366470045
00bbac68_1709,12225.395656344412
00bbac68_1710,12225.435560205464
00bbac68_1711,12225.477086249986
00bbac68_1712,12225.518290486605
00bbac68_1713,12225.555999624008
00bbac68_1714,12225.59004810992
00bbac68_1715,12225.61853037887
00bbac68_1716,12225.643312809938
00bbac68_1717,12225.666359262095
00bbac68_1718,12225.687689561768
00bbac68_1719,12225.70592931211
00bbac68_1720,12225.723884654653
00bbac68_1721,12225.737058120467
00bbac68_1722,12225.750190813287
00bbac68_1723,12225.761018822835
00bbac68_1724,12225.766827519703
00bbac68_1725,12225.767136983253
00bbac68_1726,12225.77183987751
00bbac68_1727,12225.77615177881
00bbac68_1728,12225.780974409583
00bbac68_1729,12225.779504930995
00bbac68_1730,12225.78442056884
00bbac68_1731,12225.780571523057
00bbac68_1732,12225.781833644356
00bbac68_1733,12225.780626330883
00bbac68_1734,12225.779588643334
00bbac68_1735,12225.777917246458
00bbac68_1736,12225.770954734151
00bbac68_1737,12225.768491386396
00bbac68_1738,12225.76306215973
00bbac68_1739,12225.757115179907
00bbac68_1740,12225.755126167605
00bbac68_1741,12225.747194809219
00bbac68_1742,12225.74078956203
00bbac68_1743,12225.737976772409
00bbac68_1744,12225.73513324439
00bbac68_1745,12225.73709718098
00bbac68_1746,12225.742238477544
00bbac68_1747,12225.752246401367
00bbac68_1748,12225.767684505048
00bbac68_1749,12225.790145121093
00bbac68_1750,12225.812016145068
00bbac68_1751,12225.827557997443
00bbac68_1752,12225.844184644058
00bbac68_1753,12225.860721610457
00bbac68_1754,12225.878415412037
00bbac68_1755,12225.894554844876
00bbac68_1756,12225.904325159652
00bbac68_1757,12225.917469535376
00bbac68_1758,12225.928507348723
00bbac68_1759,12225.938739329982
00bbac68_1760,12225.95197528062
00bbac68_1761,12225.960631425449
00bbac68_1762,12225.975331109748
00bbac68_1763,12225.990767690753
00bbac68_1764,12226.00067269536
00bbac68_1765,12226.013034898493
00bbac68_1766,12226.027789840758
00bbac68_1767,12226.037997665306
00bbac68_1768,12226.053879003475
00bbac68_1769,12226.064971552361
00bbac68_1770,12226.08291584517
00bbac68_1771,12226.095210303958
00bbac68_1772,12226.113744533255
00bbac68_1773,12226.119478298002
00bbac68_1774,12226.123714181362
00bbac68_1775,12226.13238979151
00bbac68_1776,12226.134549194576
00bbac68_1777,12226.140129749103
00bbac68_1778,12226.151684155924
00bbac68_1779,12226.15639640404
00bbac68_1780,12226.160178568025
00bbac68_1781,12226.161315363528
00bbac68_1782,12226.164993336894
00bbac68_1783,12226.168306382868
00bbac68_1784,12226.173260083426
00bbac68_1785,12226.179180562372
00bbac68_1786,12226.184369355178
00bbac68_1787,12226.18805848469
00bbac68_1788,12226.190668109772
00bbac68_1789,12226.183554437972
00bbac68_1790,12226.181187668568
00bbac68_1791,12226.179730056516
00bbac68_1792,12226.17838160704
00bbac68_1793,12226.180104982257
00bbac68_1794,12226.181989991273
00bbac68_1795,12226.18461488236
00bbac68_1796,12226.187218859937
00bbac68_1797,12226.182162460129
00bbac68_1798,12226.18086977266
00bbac68_1799,12226.180363368752
00bbac68_1800,12226.179505665148
00bbac68_1801,12226.177094775618
00bbac68_1802,12226.176004776085
00bbac68_1803,12226.174072380358
00bbac68_1804,12226.170333620052
00bbac68_1805,12226.1612465252
00bbac68_1806,12226.156737795984
00bbac68_1807,12226.152249859502
00bbac68_1808,12226.148463957292
00bbac68_1809,12226.141441913342
00bbac68_1810,12226.13792997607
00bbac68_1811,12226.131994228095
00bbac68_1812,12226.127926222958
00bbac68_1813,12226.124572116152
00bbac68_1814,12226.118006368433
00bbac68_1815,12226.11790572705
00bbac68_1816,12226.119368428479
00bbac68_1817,12226.11863863964
00bbac68_1818,12226.120684298578
00bbac68_1819,12226.122218844015
00bbac68_1820,12226.12303616328
00bbac68_1821,12226.122094776127
00bbac68_1822,12226.120013451726
00bbac68_1823,12226.117717540059
00bbac68_1824,12226.109399098073
00bbac68_1825,12226.102931313642
00bbac68_1826,12226.097990505697
00bbac68_1827,12226.091800485296
00bbac68_1828,12226.087969904802
00bbac68_1829,12226.08284681607
00bbac68_1830,12226.078643977839
00bbac68_1831,12226.0755943607
00bbac68_1832,12226.07315844719
00bbac68_1833,12226.069631649927
00bbac68_1834,12226.064184191455
00bbac68_1835,12226.061231575295
00bbac68_1836,12226.056773609154
00bbac68_1837,12226.046024624135
00bbac68_1838,12226.039947736721
00bbac68_1839,12226.03357981171
00bbac68_1840,12226.027352694739
00bbac68_1841,12226.022409904243
00bbac68_1842,12226.015328409972
00bbac68_1843,12226.00972839649
00bbac68_1844,12226.002766918471
00bbac68_1845,12225.994965546059
00bbac68_1846,12225.987374340359
00bbac68_1847,12225.979506147674
00bbac68_1848,12225.972223001922
00bbac68_1849,12225.964696283372
00bbac68_1850,12225.958838559318
00bbac68_1851,12225.955180888865
00bbac68_1852,12225.951766983184
00bbac68_1853,12225.948012330071
00bbac68_1854,12225.94326049287
00bbac68_1855,12225.93878865928
00bbac68_1856,12225.93485579115
00bbac68_1857,12225.925314639684
00bbac68_1858,12225.918497845123
00bbac68_1859,12225.914843360479
00bbac68_1860,12225.910675238429
00bbac68_1861,12225.906305140568
00bbac68_1862,12225.90148356367
00bbac68_1863,12225.89775818479
00bbac68_1864,12225.893816649179
00bbac68_1865,12225.8895452905
00bbac68_1866,12225.885697520273
00bbac68_1867,12225.879956317029
00bbac68_1868,12225.876516546945
00bbac68_1869,12225.873292212673
00bbac68_1870,12225.870711078878
00bbac68_1871,12225.867919509528
00bbac68_1872,12225.865929449252
00bbac68_1873,12225.863582806182
00bbac68_1874,12225.861460639022
00bbac68_1875,12225.857661416947
00bbac68_1876,12225.856466230372
00bbac68_1877,12225.85615043651
00bbac68_1878,12225.856977850932
00bbac68_1879,12225.85814289305
00bbac68_1880,12225.861251015313
00bbac68_1881,12225.865184674381
00bbac68_1882,12225.870797938464
00bbac68_1883,12225.87492034469
00bbac68_1884,12225.881237941285
00bbac68_1885,12225.887037811699
00bbac68_1886,12225.891890215857
00bbac68_1887,12225.894240941812
00bbac68_1888,12225.89617947274
00bbac68_1889,12225.897530869595
00bbac68_1890,12225.898422037711
00bbac68_1891,12225.897289478511
00bbac68_1892,12225.893902548283
00bbac68_1893,12225.892276919534
00bbac68_1894,12225.8940845528
00bbac68_1895,12225.89130925975
00bbac68_1896,12225.888759963058
00bbac68_1897,12225.886578821883
00bbac68_1898,12225.883972729178
00bbac68_1899,12225.881993458683
00bbac68_1900,12225.878055714393
00bbac68_1901,12225.875641340921
00bbac68_1902,12225.876195355746
00bbac68_1903,12225.87439128862
00bbac68_1904,12225.874705410564
00bbac68_1905,12225.872912882704
00bbac68_1906,12225.871470654009
00bbac68_1907,12225.869715660237
00bbac68_1908,12225.871495291476
00bbac68_1909,12225.868923980477
00bbac68_1910,12225.865850497687
00bbac68_1911,12225.862264505984
00bbac68_1912,12225.864296747874
00bbac68_1913,12225.860407072374
00bbac68_1914,12225.855123436084
00bbac68_1915,12225.850184364945
00bbac68_1916,12225.848806642241
00bbac68_1917,12225.84456045982
00bbac68_1918,12225.842730588436
00bbac68_1919,12225.847981709892
00bbac68_1920,12225.846839640693
00bbac68_1921,12225.84446855032
00bbac68_1922,12225.847819196668
00bbac68_1923,12225.845917567045
00bbac68_1924,12225.843966126638
00bbac68_1925,12225.842177081453
00bbac68_1926,12225.839494660353
00bbac68_1927,12225.842221399977
00bbac68_1928,12225.83996630829
00bbac68_1929,12225.837352382208
00bbac68_1930,12225.840376599663
00bbac68_1931,12225.838757896025
00bbac68_1932,12225.842418470369
00bbac68_1933,12225.838429561642
00bbac68_1934,12225.842190923611
00bbac68_1935,12225.840737246934
00bbac68_1936,12225.844924358833
00bbac68_1937,12225.843082532563
00bbac68_1938,12225.847030325947
00bbac68_1939,12225.846544026637
00bbac68_1940,12225.850750099537
00bbac68_1941,12225.84799467821
00bbac68_1942,12225.851788544811
00bbac68_1943,12225.84967435709
00bbac68_1944,12225.85458808005
00bbac68_1945,12225.853360551942
00bbac68_1946,12225.857538276017
00bbac68_1947,12225.859567994548
00bbac68_1948,12225.858110139685
00bbac68_1949,12225.861956701505
00bbac68_1950,12225.860499949562
00bbac68_1951,12225.867172511764
00bbac68_1952,12225.876034973457
00bbac68_1953,12225.880936328762
00bbac68_1954,12225.891252854197
00bbac68_1955,12225.903132567539
00bbac68_1956,12225.910280124523
00bbac68_1957,12225.920895978135
00bbac68_1958,12225.92931467919
00bbac68_1959,12225.933907617788
00bbac68_1960,12225.942722377124
00bbac68_1961,12225.949339749803
00bbac68_1962,12225.952985887605
00bbac68_1963,12225.95082598927
00bbac68_1964,12225.958464433723
00bbac68_1965,12225.965750012281
00bbac68_1966,12225.973002182942
00bbac68_1967,12225.976939666118
00bbac68_1968,12225.986679737223
00bbac68_1969,12225.99520289044
00bbac68_1970,12226.003112311952
00bbac68_1971,12226.010882049959
00bbac68_1972,12226.01309516299
00bbac68_1973,12226.019517979239
00bbac68_1974,12226.024432019727
00bbac68_1975,12226.026503012277
00bbac68_1976,12226.029512456154
00bbac68_1977,12226.031494178344
00bbac68_1978,12226.033772427518
00bbac68_1979,12226.038108140578
00bbac68_1980,12226.037505037184
00bbac68_1981,12226.041828315378
00bbac68_1982,12226.045397746373
00bbac68_1983,12226.044563619327
00bbac68_1984,12226.04562173047
00bbac68_1985,12226.046013026498
00bbac68_1986,12226.049392584615
00bbac68_1987,12226.052210773902
00bbac68_1988,12226.055479268474
00bbac68_1989,12226.058280089075
00bbac68_1990,12226.061365238947
00bbac68_1991,12226.062089388284
00bbac68_1992,12226.062804344005
00bbac68_1993,12226.060255339757
00bbac68_1994,12226.064695726147
00bbac68_1995,12226.06582205458
00bbac68_1996,12226.06894097408
00bbac68_1997,12226.071941938126
00bbac68_1998,12226.076719397559
00bbac68_1999,12226.080989191163
00bbac68_2000,12226.084181626775
00bbac68_2001,12226.092731133927
00bbac68_2002,12226.099581125847
00bbac68_2003,12226.107130694734
00bbac68_2004,12226.114010892712
00bbac68_2005,12226.119873929561
00bbac68_2006,12226.120198490644
00bbac68_2007,12226.125826934243
00bbac68_2008,12226.128081004359
00bbac68_2009,12226.132229709816
00bbac68_2010,12226.136211955902
00bbac68_2011,12226.140923226263
00bbac68_2012,12226.14501707225
00bbac68_2013,12226.149845985801
00bbac68_2014,12226.155422496464
00bbac68_2015,12226.161150322918
00bbac68_2016,12226.16467930461
00bbac68_2017,12226.16726177595
00bbac68_2018,12226.170688527565
00bbac68_2019,12226.168630152857
00bbac68_2020,12226.172772579312
00bbac68_2021,12226.176436305806
00bbac68_2022,12226.180090026543
00bbac68_2023,12226.18323630151
00bbac68_2024,12226.185872062722
00bbac68_2025,12226.18483386434
00bbac68_2026,12226.18556797147
00bbac68_2027,12226.185376838344
00bbac68_2028,12226.185845674107
00bbac68_2029,12226.186389449183
00bbac68_2030,12226.187457169895
00bbac68_2031,12226.187632911786
00bbac68_2032,12226.180973026901
00bbac68_2033,12226.176186458153
00bbac68_2034,12226.17512427473
00bbac68_2035,12226.176562038465
00bbac68_2036,12226.17780061543
00bbac68_2037,12226.179396481959
00bbac68_2038,12226.181431388031
00bbac68_2039,12226.18385570439
00bbac68_2040,12226.18613880482
00bbac68_2041,12226.185772065952
00bbac68_2042,12226.187765918457
00bbac68_2043,12226.19019369757
00bbac68_2044,12226.193709817959
00bbac68_2045,12226.193817033254
00bbac68_2046,12226.198972914055
00bbac68_2047,12226.20360771846
00bbac68_2048,12226.208645449431
00bbac68_2049,12226.209755535301
00bbac68_2050,12226.214564178441
00bbac68_2051,12226.220908525716
00bbac68_2052,12226.227011375315
00bbac68_2053,12226.233733695768
00bbac68_2054,12226.240611105617
00bbac68_2055,12226.245390726664
00bbac68_2056,12226.252309034031
00bbac68_2057,12226.257972716794
00bbac68_2058,12226.25697352409
00bbac68_2059,12226.261716107496
00bbac68_2060,12226.267967003021
00bbac68_2061,12226.273564062933
00bbac68_2062,12226.279865706512
00bbac68_2063,12226.283193219397
00bbac68_2064,12226.285843318157
00bbac68_2065,12226.288519722915
00bbac68_2066,12226.290628776187
00bbac68_2067,12226.297296024542
00bbac68_2068,12226.304255244315
00bbac68_2069,12226.310458309566
00bbac68_2070,12226.315730210035
00bbac68_2071,12226.316647809297
00bbac68_2072,12226.322450572527
00bbac68_2073,12226.32951692864
00bbac68_2074,12226.33463922179
00bbac68_2075,12226.342044742392
00bbac68_2076,12226.349244379364
00bbac68_2077,12226.356507907509
00bbac68_2078,12226.363844394657
00bbac68_2079,12226.369508758387
00bbac68_2080,12226.375838205957
00bbac68_2081,12226.380742491008
00bbac68_2082,12226.383613374353
00bbac68_2083,12226.389290997711
00bbac68_2084,12226.396237245144
00bbac68_2085,12226.40070058907
00bbac68_2086,12226.406149325512
00bbac68_2087,12226.412460616224
00bbac68_2088,12226.421517762665
00bbac68_2089,12226.430973289733
00bbac68_2090,12226.436960049543
00bbac68_2091,12226.445153927063
00bbac68_2092,12226.4565285124
00bbac68_2093,12226.46890590294
00bbac68_2094,12226.482689816525
00bbac68_2095,12226.490636706561
00bbac68_2096,12226.500867314748
00bbac68_2097,12226.51229177876
00bbac68_2098,12226.522220035231
00bbac68_2099,12226.528914394718
00bbac68_2100,12226.53061305065
00bbac68_2101,12226.535621515213
00bbac68_2102,12226.543489937612
00bbac68_2103,12226.550721425125
00bbac68_2104,12226.553407264279
00bbac68_2105,12226.560141924165
00bbac68_2106,12226.567357948801
00bbac68_2107,12226.57466489877
00bbac68_2108,12226.574974006176
00bbac68_2109,12226.582472227157
00bbac68_2110,12226.590501900191
00bbac68_2111,12226.591955155625
00bbac68_2112,12226.59782674691
00bbac68_2113,12226.601282259486
00bbac68_2114,12226.600805400725
00bbac68_2115,12226.60389025198
00bbac68_2116,12226.603792106096
00bbac68_2117,12226.600221214681
00bbac68_2118,12226.602641606572
00bbac68_2119,12226.602270583073
00bbac68_2120,12226.598768525659
00bbac68_2121,12226.598289373444
00bbac68_2122,12226.59800660879
00bbac68_2123,12226.591336018271
00bbac68_2124,12226.591444324218
00bbac68_2125,12226.589987107249
00bbac68_2126,12226.59574115781
00bbac68_2127,12226.600714631793
00bbac68_2128,12226.599217729927
00bbac68_2129,12226.60251041373
00bbac68_2130,12226.60109473813
00bbac68_2131,12226.607329814557
00bbac68_2132,12226.60824361704
00bbac68_2133,12226.612473794466
00bbac68_2134,12226.618673820889
00bbac68_2135,12226.61953550853
00bbac68_2136,12226.624573909296
00bbac68_2137,12226.62345046467
00bbac68_2138,12226.628166406346
00bbac68_2139,12226.628482386564
00bbac68_2140,12226.634362017443
00bbac68_2141,12226.633954085693
00bbac68_2142,12226.642026276157
00bbac68_2143,12226.643012831806
00bbac68_2144,12226.649542780435
00bbac68_2145,12226.649890183857
00bbac68_2146,12226.657293857657
00bbac68_2147,12226.65901524211
00bbac68_2148,12226.667098641414
00bbac68_2149,12226.66802141336
00bbac68_2150,12226.672584106864
00bbac68_2151,12226.680335902365
00bbac68_2152,12226.683656592515
00bbac68_2153,12226.69257736332
00bbac68_2154,12226.695017668513
00bbac68_2155,12226.696889033126
00bbac68_2156,12226.705574669973
00bbac68_2157,12226.710902624389
00bbac68_2158,12226.717447241852
00bbac68_2159,12226.720959784509
00bbac68_2160,12226.72290821495
00bbac68_2161,12226.731031695272
00bbac68_2162,12226.732284558788
00bbac68_2163,12226.738681621839
00bbac68_2164,12226.741309188947
00bbac68_2165,12226.74351992186
00bbac68_2166,12226.749530446956
00bbac68_2167,12226.750833124284
00bbac68_2168,12226.752676505228
00bbac68_2169,12226.759952502074
00bbac68_2170,12226.76198529124
00bbac68_2171,12226.76453700387
00bbac68_2172,12226.768506053046
00bbac68_2173,12226.77623387027
00bbac68_2174,12226.778447251883
00bbac68_2175,12226.782103496418
00bbac68_2176,12226.789506038753
00bbac68_2177,12226.792805840068
00bbac68_2178,12226.795018971705
00bbac68_2179,12226.796639865777
00bbac68_2180,12226.803929452562
00bbac68_2181,12226.805118837336
00bbac68_2182,12226.80550355327
00bbac68_2183,12226.813349548229
00bbac68_2184,12226.815828746783
00bbac68_2185,12226.815933631604
00bbac68_2186,12226.814518690479
00bbac68_2187,12226.81650596841
00bbac68_2188,12226.816838023828
00bbac68_2189,12226.816357259868
00bbac68_2190,12226.818662536678
00bbac68_2191,12226.825769663701
00bbac68_2192,12226.828585818395
00bbac68_2193,12226.829530199746
00bbac68_2194,12226.829848066905
00bbac68_2195,12226.836593739697
00bbac68_2196,12226.838987163368
00bbac68_2197,12226.842072115056
00bbac68_2198,12226.845991408543
00bbac68_2199,12226.848914670843
00bbac68_2200,12226.855434859997
00bbac68_2201,12226.852576749498
00bbac68_2202,12226.848402751497
00bbac68_2203,12226.844426156906
00bbac68_2204,12226.845032997619
00bbac68_2205,12226.840895877256
00bbac68_2206,12226.839317482603
00bbac68_2207,12226.833330032718
00bbac68_2208,12226.829730536045
00bbac68_2209,12226.830289058014
00bbac68_2210,12226.826066161384
00bbac68_2211,12226.817772781487
00bbac68_2212,12226.810835511755
00bbac68_2213,12226.802892097647
00bbac68_2214,12226.794314350027
00bbac68_2215,12226.790726549567
00bbac68_2216,12226.779094603222
00bbac68_2217,12226.768466662848
00bbac68_2218,12226.75989589671
00bbac68_2219,12226.753672113313
00bbac68_2220,12226.74992656365
00bbac68_2221,12226.754824089261
00bbac68_2222,12226.755621853035
00bbac68_2223,12226.758871310793
00bbac68_2224,12226.759404228425
00bbac68_2225,12226.763558123856
00bbac68_2226,12226.76996829818
00bbac68_2227,12226.77634444663
00bbac68_2228,12226.790367511941
00bbac68_2229,12226.795984967637
00bbac68_2230,12226.80076502625
00bbac68_2231,12226.804485192706
00bbac68_2232,12226.80731871357
00bbac68_2233,12226.810542545918
00bbac68_2234,12226.813715606248
00bbac68_2235,12226.815230026028
00bbac68_2236,12226.821619575832
00bbac68_2237,12226.82545031943
00bbac68_2238,12226.829281683113
00bbac68_2239,12226.835404473102
00bbac68_2240,12226.840735098687
00bbac68_2241,12226.850515211467
00bbac68_2242,12226.86038743288
00bbac68_2243,12226.871015577757
00bbac68_2244,12226.882898991626
00bbac68_2245,12226.896462987337
00bbac68_2246,12226.912046515918
00bbac68_2247,12226.928772905601
00bbac68_2248,12226.951587338295
00bbac68_2249,12226.964287551087
00bbac68_2250,12226.97775727323
00bbac68_2251,12226.990348010837
00bbac68_2252,12227.00157353238
00bbac68_2253,12227.01580875657
00bbac68_2254,12227.030791852218
00bbac68_2255,12227.049533310179
00bbac68_2256,12227.069171972147
00bbac68_2257,12227.086710258121
00bbac68_2258,12227.107649964215
00bbac68_2259,12227.132870282747
00bbac68_2260,12227.164479291881
00bbac68_2261,12227.19673229229
00bbac68_2262,12227.232286666924
00bbac68_2263,12227.269645280063
00bbac68_2264,12227.305358197751
00bbac68_2265,12227.33937895563
00bbac68_2266,12227.375092225524
00bbac68_2267,12227.40469871413
00bbac68_2268,12227.430142711808
00bbac68_2269,12227.45256474174
00bbac68_2270,12227.471782374098
00bbac68_2271,12227.4908063854
00bbac68_2272,12227.506024615064
00bbac68_2273,12227.521499251327
00bbac68_2274,12227.53712278575
00bbac68_2275,12227.552598256792
00bbac68_2276,12227.568111685847
00bbac68_2277,12227.581160226446
00bbac68_2278,12227.594273249895
00bbac68_2279,12227.607546990403
00bbac68_2280,12227.610576784993
00bbac68_2281,12227.616930860626
00bbac68_2282,12227.62096458544
00bbac68_2283,12227.62233127899
00bbac68_2284,12227.6240029882
00bbac68_2285,12227.62756362269
00bbac68_2286,12227.620944439597
00bbac68_2287,12227.619636326344
00bbac68_2288,12227.616028320444
00bbac68_2289,12227.611024393833
00bbac68_2290,12227.607094089066
00bbac68_2291,12227.60139747866
00bbac68_2292,12227.604546724253
00bbac68_2293,12227.604947351276
00bbac68_2294,12227.60623242112
00bbac68_2295,12227.60432484499
00bbac68_2296,12227.60939922916
00bbac68_2297,12227.615748675562
00bbac68_2298,12227.618324384493
00bbac68_2299,12227.624270237851
00bbac68_2300,12227.628057120884
00bbac68_2301,12227.6252926987
00bbac68_2302,12227.626492131065
00bbac68_2303,12227.63026233793
00bbac68_2304,12227.62870665043
00bbac68_2305,12227.635149364713
00bbac68_2306,12227.64320290402
00bbac68_2307,12227.648047705354
00bbac68_2308,12227.659600838606
00bbac68_2309,12227.667595206394
00bbac68_2310,12227.682749997562
00bbac68_2311,12227.702865846442
00bbac68_2312,12227.715837433698
00bbac68_2313,12227.735602024262
00bbac68_2314,12227.750298924644
00bbac68_2315,12227.767101209029
00bbac68_2316,12227.775148308578
00bbac68_2317,12227.787004502827
00bbac68_2318,12227.789555692983
00bbac68_2319,12227.792023232114
00bbac68_2320,12227.78562991909
00bbac68_2321,12227.783814154753
00bbac68_2322,12227.774186247188
00bbac68_2323,12227.770497731628
00bbac68_2324,12227.765217972252
00bbac68_2325,12227.765207063041
00bbac68_2326,12227.771680892623
00bbac68_2327,12227.779177712247
00bbac68_2328,12227.793073064957
00bbac68_2329,12227.800800619681
00bbac68_2330,12227.806121626047
00bbac68_2331,12227.810266987033
00bbac68_2332,12227.806616120799
00bbac68_2333,12227.803520212097
00bbac68_2334,12227.790710827565
00bbac68_2335,12227.77366561789
00bbac68_2336,12227.759482089961
00bbac68_2337,12227.739876698577
00bbac68_2338,12227.716509476893
00bbac68_2339,12227.69503604806
00bbac68_2340,12227.682126435346
00bbac68_2341,12227.668175047165
00bbac68_2342,12227.654475118456
00bbac68_2343,12227.650908745993
00bbac68_2344,12227.637445836313
00bbac68_2345,12227.619265759931
00bbac68_2346,12227.601094335794
00bbac68_2347,12227.584103446423
00bbac68_2348,12227.570872039014
00bbac68_2349,12227.553118930373
00bbac68_2350,12227.538721546836
00bbac68_2351,12227.523923966224
00bbac68_2352,12227.50683030633
00bbac68_2353,12227.495012173764
00bbac68_2354,12227.47840548252
00bbac68_2355,12227.46191734878
00bbac68_2356,12227.450207095722
00bbac68_2357,12227.43651913968
00bbac68_2358,12227.425526027215
00bbac68_2359,12227.416192068216
00bbac68_2360,12227.406453222253
00bbac68_2361,12227.39986252107
00bbac68_2362,12227.403129105394
00bbac68_2363,12227.4024768745
00bbac68_2364,12227.401139031695
00bbac68_2365,12227.399580294172
00bbac68_2366,12227.39722020802
00bbac68_2367,12227.392394908584
00bbac68_2368,12227.38661428653
00bbac68_2369,12227.381526823785
00bbac68_2370,12227.37424372072
00bbac68_2371,12227.365610542274
00bbac68_2372,12227.361806821424
00bbac68_2373,12227.351439064027
00bbac68_2374,12227.341377685862
00bbac68_2375,12227.331404934062
00bbac68_2376,12227.3202868686
00bbac68_2377,12227.308761988505
00bbac68_2378,12227.296715571545
00bbac68_2379,12227.283101210374
00bbac68_2380,12227.273411915128
00bbac68_2381,12227.256079248222
00bbac68_2382,12227.24082528443
00bbac68_2383,12227.226076809475
00bbac68_2384,12227.211210329364
00bbac68_2385,12227.194849871314
00bbac68_2386,12227.179605054596
00bbac68_2387,12227.16456510747
00bbac68_2388,12227.156386453953
00bbac68_2389,12227.139701775053
00bbac68_2390,12227.12263524587
00bbac68_2391,12227.10673827921
00bbac68_2392,12227.091962401537
00bbac68_2393,12227.078132025712
00bbac68_2394,12227.071185403402
00bbac68_2395,12227.061761905938
00bbac68_2396,12227.049450857974
00bbac68_2397,12227.035652725472
00bbac68_2398,12227.02347832479
00bbac68_2399,12227.010761289239
00bbac68_2400,12226.99844453148
00bbac68_2401,12226.992553682241
00bbac68_2402,12226.98076648742
00bbac68_2403,12226.96950460275
00bbac68_2404,12226.956970536176
00bbac68_2405,12226.945636452348
00bbac68_2406,12226.934154463699
00bbac68_2407,12226.925819552795
00bbac68_2408,12226.916119288118
00bbac68_2409,12226.904598662193
00bbac68_2410,12226.893868927638
00bbac68_2411,12226.883147363777
00bbac68_2412,12226.872446922269
00bbac68_2413,12226.867568864658
00bbac68_2414,12226.857998442025
00bbac68_2415,12226.849532830498
00bbac68_2416,12226.839801736314
00bbac68_2417,12226.829699164176
00bbac68_2418,12226.822650254377
00bbac68_2419,12226.812935592332
00bbac68_2420,12226.805881848246
00bbac68_2421,12226.798391879252
00bbac68_2422,12226.789172087814
00bbac68_2423,12226.78454247319
00bbac68_2424,12226.774329114553
00bbac68_2425,12226.7628488413
00bbac68_2426,12226.751455935777
00bbac68_2427,12226.741582136216
00bbac68_2428,12226.73571486598
00bbac68_2429,12226.72373552372
00bbac68_2430,12226.711499503253
00bbac68_2431,12226.701562226737
00bbac68_2432,12226.690116755875
00bbac68_2433,12226.685585967552
00bbac68_2434,12226.674130364527
00bbac68_2435,12226.662284470316
00bbac68_2436,12226.651362079436
00bbac68_2437,12226.638954125683
00bbac68_2438,12226.631052712808
00bbac68_2439,12226.618096971086
00bbac68_2440,12226.60830271823
00bbac68_2441,12226.596506561633
00bbac68_2442,12226.591598531966
00bbac68_2443,12226.583400302858
00bbac68_2444,12226.573820072652
00bbac68_2445,12226.563350619788
00bbac68_2446,12226.562103408429
00bbac68_2447,12226.551083024398
00bbac68_2448,12226.54011015645
00bbac68_2449,12226.529418611542
00bbac68_2450,12226.524825724224
00bbac68_2451,12226.516879592982
00bbac68_2452,12226.508837315614
00bbac68_2453,12226.50330100314
00bbac68_2454,12226.495315402208
00bbac68_2455,12226.493036338255
00bbac68_2456,12226.48782413362
00bbac68_2457,12226.482344072716
00bbac68_2458,12226.478402936626
00bbac68_2459,12226.483331156676
00bbac68_2460,12226.48153204453
00bbac68_2461,12226.477179192587
00bbac68_2462,12226.472940932144
00bbac68_2463,12226.468671996976
00bbac68_2464,12226.472837795569
00bbac68_2465,12226.47520783505
00bbac68_2466,12226.476696826125
00bbac68_2467,12226.478582835025
00bbac68_2468,12226.480669216242
00bbac68_2469,12226.486283314978
00bbac68_2470,12226.487748739288
00bbac68_2471,12226.489365637584
00bbac68_2472,12226.494038348193
00bbac68_2473,12226.49741423242
00bbac68_2474,12226.503064408633
00bbac68_2475,12226.513714087463
00bbac68_2476,12226.51860894631
00bbac68_2477,12226.523677329202
00bbac68_2478,12226.5291036723
00bbac68_2479,12226.53595592376
00bbac68_2480,12226.542344775316
00bbac68_2481,12226.546595679793
00bbac68_2482,12226.548654660717
00bbac68_2483,12226.547751662023
00bbac68_2484,12226.550730735733
00bbac68_2485,12226.55071403332
00bbac68_2486,12226.549843692006
00bbac68_2487,12226.547449928534
00bbac68_2488,12226.5453404635
00bbac68_2489,12226.543146541757
00bbac68_2490,12226.539889470609
00bbac68_2491,12226.539544887368
00bbac68_2492,12226.536336440244
00bbac68_2493,12226.5312347641
00bbac68_2494,12226.526056923478
00bbac68_2495,12226.517441668264
00bbac68_2496,12226.507791495329
00bbac68_2497,12226.495901011043
00bbac68_2498,12226.48424265406
00bbac68_2499,12226.469155351897
00bbac68_2500,12226.454277070516
00bbac68_2501,12226.43938387045
00bbac68_2502,12226.42613945251
00bbac68_2503,12226.40926937964
00bbac68_2504,12226.394634758417
00bbac68_2505,12226.379616358734
00bbac68_2506,12226.362377438942
00bbac68_2507,12226.348811027925
00bbac68_2508,12226.33127626554
00bbac68_2509,12226.317344657778
00bbac68_2510,12226.300455534401
00bbac68_2511,12226.283898410804
00bbac68_2512,12226.269571702845
00bbac68_2513,12226.25358307021
00bbac68_2514,12226.238150965004
00bbac68_2515,12226.220242179796
00bbac68_2516,12226.202659085004
00bbac68_2517,12226.186346579201
00bbac68_2518,12226.166048411165
00bbac68_2519,12226.145248281879
00bbac68_2520,12226.12844251254
00bbac68_2521,12226.10869699326
00bbac68_2522,12226.092302045174
00bbac68_2523,12226.072651089667
00bbac68_2524,12226.054211527233
00bbac68_2525,12226.03409109765
00bbac68_2526,12226.014012105668
00bbac68_2527,12225.99019201472
00bbac68_2528,12225.968612368823
00bbac68_2529,12225.952317483057
00bbac68_2530,12225.932232272424
00bbac68_2531,12225.914979595473
00bbac68_2532,12225.891665614756
00bbac68_2533,12225.872704824837
00bbac68_2534,12225.857764927629
00bbac68_2535,12225.838380192527
00bbac68_2536,12225.821792524104
00bbac68_2537,12225.80978040865
00bbac68_2538,12225.791097450852
00bbac68_2539,12225.777952069227
00bbac68_2540,12225.766724703815
00bbac68_2541,12225.757184026144
00bbac68_2542,12225.748100525345
00bbac68_2543,12225.739345589
00bbac68_2544,12225.72606954773
00bbac68_2545,12225.719685714821
00bbac68_2546,12225.715870656582
00bbac68_2547,12225.712852830755
00bbac68_2548,12225.708240469707
00bbac68_2549,12225.705680139657
00bbac68_2550,12225.707193722268
00bbac68_2551,12225.71365716861
00bbac68_2552,12225.722054552425
00bbac68_2553,12225.7262662301
00bbac68_2554,12225.736648948005
00bbac68_2555,12225.746610343722
00bbac68_2556,12225.758564895192
00bbac68_2557,12225.765322802508
00bbac68_2558,12225.774522302843
00bbac68_2559,12225.780785638792
00bbac68_2560,12225.78802052089
00bbac68_2561,12225.785756461439
00bbac68_2562,12225.78934224508
00bbac68_2563,12225.791604860715
00bbac68_2564,12225.788863909549
00bbac68_2565,12225.782822212173
00bbac68_2566,12225.784998248057
00bbac68_2567,12225.785264386777
00bbac68_2568,12225.783838443907
00bbac68_2569,12225.776883018627
00bbac68_2570,12225.774231736199
00bbac68_2571,12225.771592504836
00bbac68_2572,12225.766724670757
00bbac68_2573,12225.754124036801
00bbac68_2574,12225.74927189288
00bbac68_2575,12225.741680132905
00bbac68_2576,12225.73096066662
00bbac68_2577,12225.7180109722
00bbac68_2578,12225.710942443606
00bbac68_2579,12225.705258682949
00bbac68_2580,12225.698680997813
00bbac68_2581,12225.683715932366
00bbac68_2582,12225.675967951058
00bbac68_2583,12225.66332466841
00bbac68_2584,12225.650611326884
00bbac68_2585,12225.644157972281
00bbac68_2586,12225.635943651094
00bbac68_2587,12225.63312096471
00bbac68_2588,12225.630999787923
00bbac68_2589,12225.627964242587
00bbac68_2590,12225.623130211807
00bbac68_2591,12225.613261456278
00bbac68_2592,12225.606243862208
00bbac68_2593,12225.60186843682
00bbac68_2594,12225.594638241082
00bbac68_2595,12225.587687229765
00bbac68_2596,12225.581260822508
00bbac68_2597,12225.57738087563
00bbac68_2598,12225.564807609664
00bbac68_2599,12225.560009605582
00bbac68_2600,12225.55694314044
00bbac68_2601,12225.547577013733
00bbac68_2602,12225.546396505953
00bbac68_2603,12225.543980680402
00bbac68_2604,12225.537143987189
00bbac68_2605,12225.539130230649
00bbac68_2606,12225.540151877341
00bbac68_2607,12225.539140094348
00bbac68_2608,12225.54468922201
00bbac68_2609,12225.548852231295
00bbac68_2610,12225.551203715779
00bbac68_2611,12225.5587280549
00bbac68_2612,12225.564711292014
00bbac68_2613,12225.563276293164
00bbac68_2614,12225.565922369798
00bbac68_2615,12225.567968421208
00bbac68_2616,12225.564634669898
00bbac68_2617,12225.559250866585
00bbac68_2618,12225.554319078294
00bbac68_2619,12225.544456563173
00bbac68_2620,12225.54025226711
00bbac68_2621,12225.538075611938
00bbac68_2622,12225.533950202182
00bbac68_2623,12225.528863440728
00bbac68_2624,12225.526366677957
00bbac68_2625,12225.523062192162
00bbac68_2626,12225.51873790355
00bbac68_2627,12225.512377855115
00bbac68_2628,12225.503215086468
00bbac68_2629,12225.498108421632
00bbac68_2630,12225.489103459648
00bbac68_2631,12225.477469785019
00bbac68_2632,12225.467591608656
00bbac68_2633,12225.459254662435
00bbac68_2634,12225.44404411507
00bbac68_2635,12225.43251047165
00bbac68_2636,12225.417143240502
00bbac68_2637,12225.40731675758
00bbac68_2638,12225.39658845638
00bbac68_2639,12225.379738987598
00bbac68_2640,12225.367556948437
00bbac68_2641,12225.35433495693
00bbac68_2642,12225.341299479573
00bbac68_2643,12225.333886713592
00bbac68_2644,12225.320579971522
00bbac68_2645,12225.310629695081
00bbac68_2646,12225.296642105495
00bbac68_2647,12225.277332506703
00bbac68_2648,12225.265337166513
00bbac68_2649,12225.241651917719
00bbac68_2650,12225.226154603362
00bbac68_2651,12225.205772714946
00bbac68_2652,12225.189169371952
00bbac68_2653,12225.171310950496
00bbac68_2654,12225.15154853857
00bbac68_2655,12225.12495249431
00bbac68_2656,12225.11027916855
00bbac68_2657,12225.086034588176
00bbac68_2658,12225.064280776067
00bbac68_2659,12225.049883084615
00bbac68_2660,12225.027442184866
00bbac68_2661,12225.008917017065
00bbac68_2662,12224.989700671711
00bbac68_2663,12224.965882955188
00bbac68_2664,12224.94849981836
00bbac68_2665,12224.930410553636
00bbac68_2666,12224.911492065978
00bbac68_2667,12224.90162977521
00bbac68_2668,12224.882487335744
00bbac68_2669,12224.864240294179
00bbac68_2670,12224.851667345996
00bbac68_2671,12224.831369196145
00bbac68_2672,12224.812794265408
00bbac68_2673,12224.797552713833
00bbac68_2674,12224.781505511277
00bbac68_2675,12224.771366300556
00bbac68_2676,12224.758133224448
00bbac68_2677,12224.742908062111
00bbac68_2678,12224.728427056725
00bbac68_2679,12224.716048984625
00bbac68_2680,12224.704807025606
00bbac68_2681,12224.696844923667
00bbac68_2682,12224.6873323782
00bbac68_2683,12224.674710042254
00bbac68_2684,12224.665283087183
00bbac68_2685,12224.653265759664
00bbac68_2686,12224.641240123266
00bbac68_2687,12224.630707643868
00bbac68_2688,12224.62114607144
00bbac68_2689,12224.611328704868
00bbac68_2690,12224.601505356324
00bbac68_2691,12224.592209592709
00bbac68_2692,12224.581467023803
00bbac68_2693,12224.572670627149
00bbac68_2694,12224.562356169634
00bbac68_2695,12224.550267450737
00bbac68_2696,12224.541883571525
00bbac68_2697,12224.532440584437
00bbac68_2698,12224.522647589372
00bbac68_2699,12224.516481496805
00bbac68_2700,12224.509330051591
00bbac68_2701,12224.49658490235
00bbac68_2702,12224.491371388653
00bbac68_2703,12224.481661442022
00bbac68_2704,12224.474763114538
00bbac68_2705,12224.466482769669
00bbac68_2706,12224.45886386466
00bbac68_2707,12224.448020743306
00bbac68_2708,12224.438982220112
00bbac68_2709,12224.426730578492
00bbac68_2710,12224.416651043655
00bbac68_2711,12224.39952858409
00bbac68_2712,12224.386101339991
00bbac68_2713,12224.37692055077
00bbac68_2714,12224.365851524286
00bbac68_2715,12224.34920550299
00bbac68_2716,12224.340013457368
00bbac68_2717,12224.325595552005
00bbac68_2718,12224.307762203978
00bbac68_2719,12224.295845173452
00bbac68_2720,12224.278841828553
00bbac68_2721,12224.269145611255
00bbac68_2722,12224.258384810906
00bbac68_2723,12224.243670955137
00bbac68_2724,12224.234662589024
00bbac68_2725,12224.217663336582
00bbac68_2726,12224.206038020015
00bbac68_2727,12224.197186375492
00bbac68_2728,12224.18247830197
00bbac68_2729,12224.171973403163
00bbac68_2730,12224.159401985915
00bbac68_2731,12224.150763900254
00bbac68_2732,12224.135180565221
00bbac68_2733,12224.12165952034
00bbac68_2734,12224.111362040472
00bbac68_2735,12224.094616605395
00bbac68_2736,12224.085192651664
00bbac68_2737,12224.069035191107
00bbac68_2738,12224.058874670407
00bbac68_2739,12224.045540988633
00bbac68_2740,12224.031860525432
00bbac68_2741,12224.022080442597
00bbac68_2742,12224.00620780332
00bbac68_2743,12223.9949459122
00bbac68_2744,12223.981039620434
00bbac68_2745,12223.966265332758
00bbac68_2746,12223.955542338292
00bbac68_2747,12223.942303923523
00bbac68_2748,12223.934314464801
00bbac68_2749,12223.920674130066
00bbac68_2750,12223.910336275705
00bbac68_2751,12223.901315501254
00bbac68_2752,12223.884901721423
00bbac68_2753,12223.877422987922
00bbac68_2754,12223.860765740665
00bbac68_2755,12223.844541785293
00bbac68_2756,12223.835723917484
00bbac68_2757,12223.816175401202
00bbac68_2758,12223.800083750779
00bbac68_2759,12223.78116016884
00bbac68_2760,12223.75841039677
00bbac68_2761,12223.741531104974
00bbac68_2762,12223.716047661277
00bbac68_2763,12223.697452646422
00bbac68_2764,12223.676144695113
00bbac68_2765,12223.650803183938
00bbac68_2766,12223.63097358754
00bbac68_2767,12223.605210460924
00bbac68_2768,12223.583479510644
00bbac68_2769,12223.558415404306
00bbac68_2770,12223.535628776834
00bbac68_2771,12223.519559967343
00bbac68_2772,12223.497193011322
00bbac68_2773,12223.481060011774
00bbac68_2774,12223.4585338281
00bbac68_2775,12223.437133844167
00bbac68_2776,12223.42382353431
00bbac68_2777,12223.405404676709
00bbac68_2778,12223.392622376034
00bbac68_2779,12223.375285447524
00bbac68_2780,12223.354950054048
00bbac68_2781,12223.342344970531
00bbac68_2782,12223.323432549534
00bbac68_2783,12223.308829924463
00bbac68_2784,12223.289332342212
00bbac68_2785,12223.271313579418
00bbac68_2786,12223.259380505355
00bbac68_2787,12223.243921806525
00bbac68_2788,12223.231004575086
00bbac68_2789,12223.211503383985
00bbac68_2790,12223.19631120683
00bbac68_2791,12223.182271003163
00bbac68_2792,12223.16359398358
00bbac68_2793,12223.15162115841
00bbac68_2794,12223.132182038666
00bbac68_2795,12223.113078448632
00bbac68_2796,12223.096638967312
00bbac68_2797,12223.076640331476
00bbac68_2798,12223.060660423602
00bbac68_2799,12223.037245366668
00bbac68_2800,12223.013240832846
00bbac68_2801,12222.992448715282
00bbac68_2802,12222.964920501678
00bbac68_2803,12222.945544420065
00bbac68_2804,12222.919748317188
00bbac68_2805,12222.89209013322
00bbac68_2806,12222.870364503182
00bbac68_2807,12222.842854020142
00bbac68_2808,12222.820382282842
00bbac68_2809,12222.795206779938
00bbac68_2810,12222.771138508317
00bbac68_2811,12222.751568137724
00bbac68_2812,12222.729320391754
00bbac68_2813,12222.71196348533
00bbac68_2814,12222.687153762208
00bbac68_2815,12222.66149727587
00bbac68_2816,12222.639072737678
00bbac68_2817,12222.613599724362
00bbac68_2818,12222.594034769007
00bbac68_2819,12222.568497181086
00bbac68_2820,12222.541223549066
00bbac68_2821,12222.517153246114
00bbac68_2822,12222.487216082423
00bbac68_2823,12222.465637966152
00bbac68_2824,12222.43987362019
00bbac68_2825,12222.414003056923
00bbac68_2826,12222.394838505079
00bbac68_2827,12222.369721519728
00bbac68_2828,12222.349975165545
00bbac68_2829,12222.327126918739
00bbac68_2830,12222.302634827061
00bbac68_2831,12222.283244633294
00bbac68_2832,12222.258409483125
00bbac68_2833,12222.241484266275
00bbac68_2834,12222.220214036866
00bbac68_2835,12222.202668166814
00bbac68_2836,12222.17967991895
00bbac68_2837,12222.159797078166
00bbac68_2838,12222.14075246147
00bbac68_2839,12222.116602307335
00bbac68_2840,12222.096524246619
00bbac68_2841,12222.078962748328
00bbac68_2842,12222.059832835363
00bbac68_2843,12222.037502237603
00bbac68_2844,12222.016493741488
00bbac68_2845,12221.997677615342
00bbac68_2846,12221.978828671734
00bbac68_2847,12221.960713876922
00bbac68_2848,12221.944479340731
00bbac68_2849,12221.93081956472
00bbac68_2850,12221.918950692267
00bbac68_2851,12221.910501214581
00bbac68_2852,12221.89480447066
00bbac68_2853,12221.877503718748
00bbac68_2854,12221.866007904031
00bbac68_2855,12221.853788947068
00bbac68_2856,12221.840446583523
00bbac68_2857,12221.831956593323
00bbac68_2858,12221.822817411115
00bbac68_2859,12221.806017470197
00bbac68_2860,12221.795011977629
00bbac68_2861,12221.784014540317
00bbac68_2862,12221.766256947045
00bbac68_2863,12221.753417174805
00bbac68_2864,12221.740963543643
00bbac68_2865,12221.730866636413
00bbac68_2866,12221.719613590314
00bbac68_2867,12221.70950327722
00bbac68_2868,12221.70116335138
00bbac68_2869,12221.694860444328
00bbac68_2870,12221.688217778745
00bbac68_2871,12221.683490424351
00bbac68_2872,12221.67747058402
00bbac68_2873,12221.670045300016
00bbac68_2874,12221.668205814713
00bbac68_2875,12221.66290495893
00bbac68_2876,12221.657350324307
00bbac68_2877,12221.657436335607
00bbac68_2878,12221.651249142524
00bbac68_2879,12221.649915591111
00bbac68_2880,12221.645680646605
00bbac68_2881,12221.649068010574
00bbac68_2882,12221.648765193724
00bbac68_2883,12221.656004338514
00bbac68_2884,12221.663936660818
00bbac68_2885,12221.666799602644
00bbac68_2886,12221.676127843544
00bbac68_2887,12221.685410605176
00bbac68_2888,12221.694018596167
00bbac68_2889,12221.703900055087
00bbac68_2890,12221.711869670518
00bbac68_2891,12221.720723052142
00bbac68_2892,12221.73143893195
00bbac68_2893,12221.74243132292
00bbac68_2894,12221.74936323462
00bbac68_2895,12221.75519903381
00bbac68_2896,12221.762436703644
00bbac68_2897,12221.773528042297
00bbac68_2898,12221.779914451528
00bbac68_2899,12221.787323532699
00bbac68_2900,12221.799230745399
00bbac68_2901,12221.806070308243
00bbac68_2902,12221.816778524537
00bbac68_2903,12221.823913197632
00bbac68_2904,12221.835288641505
00bbac68_2905,12221.848718365007
00bbac68_2906,12221.85833410669
00bbac68_2907,12221.874802002949
00bbac68_2908,12221.890939895071
00bbac68_2909,12221.906618984523
00bbac68_2910,12221.915951367826
00bbac68_2911,12221.929573662008
00bbac68_2912,12221.943548878584
00bbac68_2913,12221.960123157933
00bbac68_2914,12221.977083940212
00bbac68_2915,12221.994126043628
00bbac68_2916,12222.008876701373
00bbac68_2917,12222.024475196315
00bbac68_2918,12222.03756061315
00bbac68_2919,12222.050881081106
00bbac68_2920,12222.063826203546
00bbac68_2921,12222.083203689004
00bbac68_2922,12222.097378895238
00bbac68_2923,12222.112474181471
00bbac68_2924,12222.130944463139
00bbac68_2925,12222.144869015741
00bbac68_2926,12222.162098391782
00bbac68_2927,12222.174147124999
00bbac68_2928,12222.190983481247
00bbac68_2929,12222.20881128193
00bbac68_2930,12222.221170274996
00bbac68_2931,12222.239601556721
00bbac68_2932,12222.252633670349
00bbac68_2933,12222.26925841251
00bbac68_2934,12222.28007399368
00bbac68_2935,12222.297788675369
00bbac68_2936,12222.31639689711
00bbac68_2937,12222.331507831837
00bbac68_2938,12222.351930348726
00bbac68_2939,12222.368288783202
00bbac68_2940,12222.388062625767
00bbac68_2941,12222.408389316643
00bbac68_2942,12222.42098633359
00bbac68_2943,12222.43822220651
00bbac68_2944,12222.448336238944
00bbac68_2945,12222.464889284625
00bbac68_2946,12222.483695773288
00bbac68_2947,12222.50029283145
00bbac68_2948,12222.519979849756
00bbac68_2949,12222.537890676227
00bbac68_2950,12222.551649068715
00bbac68_2951,12222.571124661968
00bbac68_2952,12222.588684869324
00bbac68_2953,12222.602785757612
00bbac68_2954,12222.622184571379
00bbac68_2955,12222.642755339706
00bbac68_2956,12222.66092832104
00bbac68_2957,12222.684695080301
00bbac68_2958,12222.706537922182
00bbac68_2959,12222.723951445292
00bbac68_2960,12222.747497530037
00bbac68_2961,12222.771001700115
00bbac68_2962,12222.793816734353
00bbac68_2963,12222.81666965281
00bbac68_2964,12222.843490830237
00bbac68_2965,12222.872051007227
00bbac68_2966,12222.894569588632
00bbac68_2967,12222.921946189112
00bbac68_2968,12222.950856008643
00bbac68_2969,12222.980852895505
00bbac68_2970,12223.003431279445
00bbac68_2971,12223.034048482376
00bbac68_2972,12223.065921182246
00bbac68_2973,12223.096872901355
00bbac68_2974,12223.123637723964
00bbac68_2975,12223.145868633053
00bbac68_2976,12223.170847005025
00bbac68_2977,12223.195450094565
00bbac68_2978,12223.21977285277
00bbac68_2979,12223.240725927822
00bbac68_2980,12223.264925200794
00bbac68_2981,12223.288905312394
00bbac68_2982,12223.31267866043
00bbac68_2983,12223.33559196913
00bbac68_2984,12223.359743596993
00bbac68_2985,12223.379462830802
00bbac68_2986,12223.402509414133
00bbac68_2987,12223.425062440972
00bbac68_2988,12223.448030391699
00bbac68_2989,12223.468920454125
00bbac68_2990,12223.48748196516
00bbac68_2991,12223.501763613704
00bbac68_2992,12223.521700259185
00bbac68_2993,12223.54263321406
00bbac68_2994,12223.565164897176
00bbac68_2995,12223.588885128009
00bbac68_2996,12223.607771510988
00bbac68_2997,12223.628605623213
00bbac68_2998,12223.647858726408
00bbac68_2999,12223.666021555047
00bbac68_3000,12223.678273309073
00bbac68_3001,12223.697685779833
00bbac68_3002,12223.716470269874
00bbac68_3003,12223.735792980176
00bbac68_3004,12223.75434913995
00bbac68_3005,12223.772628291736
00bbac68_3006,12223.79202860677
00bbac68_3007,12223.81055896477
00bbac68_3008,12223.827502560991
00bbac68_3009,12223.84550532718
00bbac68_3010,12223.865692509326
00bbac68_3011,12223.885738341683
00bbac68_3012,12223.904151832212
00bbac68_3013,12223.924613149626
00bbac68_3014,12223.943852524873
00bbac68_3015,12223.961363608483
00bbac68_3016,12223.978148780481
00bbac68_3017,12223.995310844744
00bbac68_3018,12224.014257341474
00bbac68_3019,12224.032969590322
00bbac68_3020,12224.052379148656
00bbac68_3021,12224.070850403925
00bbac68_3022,12224.088470367282
00bbac68_3023,12224.102846128037
00bbac68_3024,12224.119039841205
00bbac68_3025,12224.13766539314
00bbac68_3026,12224.157936467567
00bbac68_3027,12224.180550457222
00bbac68_3028,12224.20264543283
00bbac68_3029,12224.225531499567
00bbac68_3030,12224.24739536965
00bbac68_3031,12224.269687446616
00bbac68_3032,12224.292787383576
00bbac68_3033,12224.31603941707
00bbac68_3034,12224.340476897605
00bbac68_3035,12224.365161514397
00bbac68_3036,12224.389458910306
00bbac68_3037,12224.410965545881
00bbac68_3038,12224.433060419444
00bbac68_3039,12224.456928368156
00bbac68_3040,12224.483797657846
00bbac68_3041,12224.51365442986
00bbac68_3042,12224.545942697452
00bbac68_3043,12224.580513858033
00bbac68_3044,12224.620913554973
00bbac68_3045,12224.659912605453
00bbac68_3046,12224.69913480058
00bbac68_3047,12224.740218723573
00bbac68_3048,12224.781447717547
00bbac68_3049,12224.821402337377
00bbac68_3050,12224.86576562799
00bbac68_3051,12224.910343917756
00bbac68_3052,12224.95332440782
00bbac68_3053,12224.997790912212
00bbac68_3054,12225.049648428203
00bbac68_3055,12225.095928347655
00bbac68_3056,12225.141686532377
00bbac68_3057,12225.191239146625
00bbac68_3058,12225.242653586107
00bbac68_3059,12225.293608850028
00bbac68_3060,12225.346878908662
00bbac68_3061,12225.401715786933
00bbac68_3062,12225.461416106693
00bbac68_3063,12225.517829999495
00bbac68_3064,12225.574590004995
00bbac68_3065,12225.631399266851
00bbac68_3066,12225.687282428207
00bbac68_3067,12225.743961515635
00bbac68_3068,12225.797882627488
00bbac68_3069,12225.856117208394
00bbac68_3070,12225.908347636403
00bbac68_3071,12225.957606853275
00bbac68_3072,12226.004471984117
00bbac68_3073,12226.048920869316
00bbac68_3074,12226.089997618532
00bbac68_3075,12226.134602233276
00bbac68_3076,12226.172108943822
00bbac68_3077,12226.211886200075
00bbac68_3078,12226.249277821375
00bbac68_3079,12226.285487906753
00bbac68_3080,12226.326756314817
00bbac68_3081,12226.360795434768
00bbac68_3082,12226.392936511342
00bbac68_3083,12226.425550663696
00bbac68_3084,12226.455229447613
00bbac68_3085,12226.491284040538
00bbac68_3086,12226.520162627314
00bbac68_3087,12226.545706695066
00bbac68_3088,12226.569343999055
00bbac68_3089,12226.591192237784
00bbac68_3090,12226.61439296249
00bbac68_3091,12226.631178824315
00bbac68_3092,12226.647030923075
00bbac68_3093,12226.66334547097
00bbac68_3094,12226.68437724551
00bbac68_3095,12226.701091566425
00bbac68_3096,12226.719277531654
00bbac68_3097,12226.737850673326
00bbac68_3098,12226.761472886279
00bbac68_3099,12226.78138375732
00bbac68_3100,12226.801339615882
00bbac68_3101,12226.821007879487
00bbac68_3102,12226.84689641868
00bbac68_3103,12226.866024499981
00bbac68_3104,12226.88754619875
00bbac68_3105,12226.912321901702
00bbac68_3106,12226.940275581135
00bbac68_3107,12226.965979304825
00bbac68_3108,12226.993552748154
00bbac68_3109,12227.024166387893
00bbac68_3110,12227.060277182572
00bbac68_3111,12227.089232017588
00bbac68_3112,12227.12061846228
00bbac68_3113,12227.160500025824
00bbac68_3114,12227.195618832304
00bbac68_3115,12227.232998698319
00bbac68_3116,12227.277996461602
00bbac68_3117,12227.322150539492
00bbac68_3118,12227.367273130674
00bbac68_3119,12227.416350972904
00bbac68_3120,12227.463223564784
00bbac68_3121,12227.512031978356
00bbac68_3122,12227.566441113038
00bbac68_3123,12227.616611259062
00bbac68_3124,12227.66557302398
00bbac68_3125,12227.720734779212
00bbac68_3126,12227.770074497002
00bbac68_3127,12227.81716854874
00bbac68_3128,12227.867416065006
00bbac68_3129,12227.910558969565
00bbac68_3130,12227.956443274168
00bbac68_3131,12228.006627502527
00bbac68_3132,12228.049543382214
00bbac68_3133,12228.09585466134
00bbac68_3134,12228.13897831774
00bbac68_3135,12228.184697025883
00bbac68_3136,12228.235253159652
00bbac68_3137,12228.280991828437
00bbac68_3138,12228.331160738187
00bbac68_3139,12228.37512851205
00bbac68_3140,12228.423374582128
00bbac68_3141,12228.4651376439
00bbac68_3142,12228.507859686673
00bbac68_3143,12228.552298267234
00bbac68_3144,12228.587440694406
00bbac68_3145,12228.62658593836
00bbac68_3146,12228.657421936892
00bbac68_3147,12228.687891599258
00bbac68_3148,12228.708898612449
00bbac68_3149,12228.733087412114
00bbac68_3150,12228.753032530443
00bbac68_3151,12228.77757968242
00bbac68_3152,12228.798013861768
00bbac68_3153,12228.82421785389
00bbac68_3154,12228.843394671727
00bbac68_3155,12228.868559549423
00bbac68_3156,12228.888165460354
00bbac68_3157,12228.916497690021
00bbac68_3158,12228.939597570334
00bbac68_3159,12228.965962763985
00bbac68_3160,12228.986725997729
00bbac68_3161,12229.012238916563
00bbac68_3162,12229.034581483163
00bbac68_3163,12229.057424175444
00bbac68_3164,12229.073416310865
00bbac68_3165,12229.095444304829
00bbac68_3166,12229.110985572639
00bbac68_3167,12229.133901315146
00bbac68_3168,12229.159525269308
00bbac68_3169,12229.183311438625
00bbac68_3170,12229.21327324025
00bbac68_3171,12229.24008664317
00bbac68_3172,12229.278030777783
00bbac68_3173,12229.31457826418
00bbac68_3174,12229.357443067285
00bbac68_3175,12229.398044409412
00bbac68_3176,12229.434970260128
00bbac68_3177,12229.479462299238
00bbac68_3178,12229.525570851129
00bbac68_3179,12229.56630621599
00bbac68_3180,12229.614202922592
00bbac68_3181,12229.655917815282
00bbac68_3182,12229.70236999488
00bbac68_3183,12229.748380344474
00bbac68_3184,12229.791974033518
00bbac68_3185,12229.832216234277
00bbac68_3186,12229.870089809381
00bbac68_3187,12229.909107222484
00bbac68_3188,12229.959539858792
00bbac68_3189,12230.016978134612
00bbac68_3190,12230.073887009712
00bbac68_3191,12230.138157861638
00bbac68_3192,12230.207412521782
00bbac68_3193,12230.273720012241
00bbac68_3194,12230.343720286099
00bbac68_3195,12230.411942833649
00bbac68_3196,12230.474821006115
00bbac68_3197,12230.526341464689
00bbac68_3198,12230.577674594624
00bbac68_3199,12230.623994854552
00bbac68_3200,12230.658678613194
00bbac68_3201,12230.686372321503
00bbac68_3202,12230.717404154275
00bbac68_3203,12230.749598877308
00bbac68_3204,12230.775792341257
00bbac68_3205,12230.808706314096
00bbac68_3206,12230.840882273116
00bbac68_3207,12230.872498893934
00bbac68_3208,12230.897686289216
00bbac68_3209,12230.929173282278
00bbac68_3210,12230.960908036159
00bbac68_3211,12230.988189929674
00bbac68_3212,12231.014786813967
00bbac68_3213,12231.03472156223
00bbac68_3214,12231.061003185103
00bbac68_3215,12231.090445459737
00bbac68_3216,12231.119411037369
00bbac68_3217,12231.144905717803
00bbac68_3218,12231.173476484324
00bbac68_3219,12231.200116848446
00bbac68_3220,12231.224683878989
00bbac68_3221,12231.244761490034
00bbac68_3222,12231.271437078605
00bbac68_3223,12231.294620213406
00bbac68_3224,12231.314653566144
00bbac68_3225,12231.341780955532
00bbac68_3226,12231.371102591926
00bbac68_3227,12231.402220507229
00bbac68_3228,12231.424356490183
00bbac68_3229,12231.4494654931
00bbac68_3230,12231.473941999837
00bbac68_3231,12231.49387877525
00bbac68_3232,12231.519912316484
00bbac68_3233,12231.545453525745
00bbac68_3234,12231.564526083406
00bbac68_3235,12231.589254066494
00bbac68_3236,12231.614675471106
00bbac68_3237,12231.644372852546
00bbac68_3238,12231.667153311217
00bbac68_3239,12231.694478850728
00bbac68_3240,12231.723795994509
00bbac68_3241,12231.746545467271
00bbac68_3242,12231.772810008457
00bbac68_3243,12231.800294321029
00bbac68_3244,12231.824942865329
00bbac68_3245,12231.856418849484
00bbac68_3246,12231.880560195823
00bbac68_3247,12231.914193022028
00bbac68_3248,12231.948925845913
00bbac68_3249,12231.975841812608
00bbac68_3250,12232.006781263768
00bbac68_3251,12232.03664353327
00bbac68_3252,12232.061184075304
00bbac68_3253,12232.091045238318
00bbac68_3254,12232.12132962514
00bbac68_3255,12232.144647260206
00bbac68_3256,12232.172365365823
00bbac68_3257,12232.195115740004
00bbac68_3258,12232.222477504132
00bbac68_3259,12232.254090671206
00bbac68_3260,12232.277332084454
00bbac68_3261,12232.308068299491
00bbac68_3262,12232.333319565092
00bbac68_3263,12232.362914193869
00bbac68_3264,12232.393221082111
00bbac68_3265,12232.416632378907
00bbac68_3266,12232.4465752423
00bbac68_3267,12232.467725494702
00bbac68_3268,12232.493255736614
00bbac68_3269,12232.517294806448
00bbac68_3270,12232.545251896372
00bbac68_3271,12232.567067435464
00bbac68_3272,12232.586864142395
00bbac68_3273,12232.614861583497
00bbac68_3274,12232.633163645378
00bbac68_3275,12232.658937581002
00bbac68_3276,12232.677102363741
00bbac68_3277,12232.70190851292
00bbac68_3278,12232.719836755788
00bbac68_3279,12232.741576004808
00bbac68_3280,12232.768743538585
00bbac68_3281,12232.793128621552
00bbac68_3282,12232.823004055292
00bbac68_3283,12232.84540102287
00bbac68_3284,12232.875842351572
00bbac68_3285,12232.904103523215
00bbac68_3286,12232.934803615288
00bbac68_3287,12232.9566426134
00bbac68_3288,12232.987024198985
00bbac68_3289,12233.012130613137
00bbac68_3290,12233.042159894478
00bbac68_3291,12233.066663886737
00bbac68_3292,12233.096316910098
00bbac68_3293,12233.12036274882
00bbac68_3294,12233.15186782759
00bbac68_3295,12233.178191925952
00bbac68_3296,12233.212797070146
00bbac68_3297,12233.244716359248
00bbac68_3298,12233.282570832125
00bbac68_3299,12233.316061892772
00bbac68_3300,12233.35552100119
00bbac68_3301,12233.38984615476
00bbac68_3302,12233.430193826387
00bbac68_3303,12233.46665544442
00bbac68_3304,12233.501290519926
00bbac68_3305,12233.541169997286
00bbac68_3306,12233.577124151561
00bbac68_3307,12233.615658947245
00bbac68_3308,12233.646570041266
00bbac68_3309,12233.683171003602
00bbac68_3310,12233.716177360193
00bbac68_3311,12233.745131173597
00bbac68_3312,12233.778993595934
00bbac68_3313,12233.808113529878
00bbac68_3314,12233.841057426192
00bbac68_3315,12233.869520357423
00bbac68_3316,12233.894113246715
00bbac68_3317,12233.922484625265
00bbac68_3318,12233.945854509759
00bbac68_3319,12233.972087683327
00bbac68_3320,12233.990319282158
00bbac68_3321,12234.010907582022
00bbac68_3322,12234.035824404968
00bbac68_3323,12234.055495576678
00bbac68_3324,12234.074069167556
00bbac68_3325,12234.09763070982
00bbac68_3326,12234.113914188354
00bbac68_3327,12234.126019196941
00bbac68_3328,12234.139113338777
00bbac68_3329,12234.1562835406
00bbac68_3330,12234.171977835307
00bbac68_3331,12234.18407535292
00bbac68_3332,12234.204120851831
00bbac68_3333,12234.218673803309
00bbac68_3334,12234.233548543163
00bbac68_3335,12234.252006701614
00bbac68_3336,12234.274516964953
00bbac68_3337,12234.296427235473
00bbac68_3338,12234.314055403633
00bbac68_3339,12234.334371462917
00bbac68_3340,12234.358354263992
00bbac68_3341,12234.376402413904
00bbac68_3342,12234.393229224705
00bbac68_3343,12234.409682023204
00bbac68_3344,12234.427543731428
00bbac68_3345,12234.449095302374
00bbac68_3346,12234.46335492193
00bbac68_3347,12234.474018176079
00bbac68_3348,12234.485942665688
00bbac68_3349,12234.494119229796
00bbac68_3350,12234.505019252494
00bbac68_3351,12234.52505281337
00bbac68_3352,12234.542901989382
00bbac68_3353,12234.565092413095
00bbac68_3354,12234.581881275177
00bbac68_3355,12234.599683381268
00bbac68_3356,12234.620598530579
00bbac68_3357,12234.644634363214
00bbac68_3358,12234.667080488618
00bbac68_3359,12234.693292451626
00bbac68_3360,12234.716812741786
00bbac68_3361,12234.742108356273
00bbac68_3362,12234.765051348015
00bbac68_3363,12234.786143561716
00bbac68_3364,12234.805845781673
00bbac68_3365,12234.82807140535
00bbac68_3366,12234.851277014917
00bbac68_3367,12234.878830494417
00bbac68_3368,12234.905804255426
00bbac68_3369,12234.936294025285
00bbac68_3370,12234.964699332497
00bbac68_3371,12234.99728885387
00bbac68_3372,12235.029749963796
00bbac68_3373,12235.0643438185
00bbac68_3374,12235.09334138357
00bbac68_3375,12235.127963062616
00bbac68_3376,12235.157944433086
00bbac68_3377,12235.193072664973
00bbac68_3378,12235.225511390616
00bbac68_3379,12235.254180092588
00bbac68_3380,12235.281886635777
00bbac68_3381,12235.310927870065
00bbac68_3382,12235.334234044825
00bbac68_3383,12235.358739765821
00bbac68_3384,12235.379989722935
00bbac68_3385,12235.400610524106
00bbac68_3386,12235.426499354391
00bbac68_3387,12235.449781598105
00bbac68_3388,12235.475497108499
00bbac68_3389,12235.494282376549
00bbac68_3390,12235.519769674964
00bbac68_3391,12235.541053297036
00bbac68_3392,12235.564554824872
00bbac68_3393,12235.58421543667
00bbac68_3394,12235.606316430869
00bbac68_3395,12235.621560912867
00bbac68_3396,12235.634040572973
00bbac68_3397,12235.637089819284
00bbac68_3398,12235.645178576027
00bbac68_3399,12235.649784573197
00bbac68_3400,12235.653897897206
00bbac68_3401,12235.653170763897
00bbac68_3402,12235.655734044936
00bbac68_3403,12235.651262338186
00bbac68_3404,12235.652293000463
00bbac68_3405,12235.651162726988
00bbac68_3406,12235.650716789285
00bbac68_3407,12235.643009608868
00bbac68_3408,12235.644093811989
00bbac68_3409,12235.64285837251
00bbac68_3410,12235.63833692961
00bbac68_3411,12235.633873922328
00bbac68_3412,12235.63378428813
00bbac68_3413,12235.632030230965
00bbac68_3414,12235.62867921569
00bbac68_3415,12235.629865202389
00bbac68_3416,12235.628828473577
00bbac68_3417,12235.63199562591
00bbac68_3418,12235.639514722903
00bbac68_3419,12235.641807887094
00bbac68_3420,12235.650585251482
00bbac68_3421,12235.653254258232
00bbac68_3422,12235.66298498444
00bbac68_3423,12235.671341815714
00bbac68_3424,12235.680246941565
00bbac68_3425,12235.691458839758
00bbac68_3426,12235.700560637095
00bbac68_3427,12235.712255730741
00bbac68_3428,12235.723296541097
00bbac68_3429,12235.737004739518
00bbac68_3430,12235.747736622514
00bbac68_3431,12235.76112869992
00bbac68_3432,12235.770191199994
00bbac68_3433,12235.784758748821
00bbac68_3434,12235.798330622833
00bbac68_3435,12235.808391269053
00bbac68_3436,12235.822615402096
00bbac68_3437,12235.832280375122
00bbac68_3438,12235.842472519518
00bbac68_3439,12235.847137884684
00bbac68_3440,12235.851869574502
00bbac68_3441,12235.862885242184
00bbac68_3442,12235.865727881152
00bbac68_3443,12235.87261170055
00bbac68_3444,12235.88070067898
00bbac68_3445,12235.885447262977
00bbac68_3446,12235.888801468274
00bbac68_3447,12235.891312055373
00bbac68_3448,12235.897744325684
00bbac68_3449,12235.904102506494
00bbac68_3450,12235.911189916933
00bbac68_3451,12235.91896045565
00bbac68_3452,12235.929576084687
00bbac68_3453,12235.934380047138
00bbac68_3454,12235.935768840784
00bbac68_3455,12235.93970729762
00bbac68_3456,12235.94321381151
00bbac68_3457,12235.953687273486
00bbac68_3458,12235.954980461564
00bbac68_3459,12235.954956857051
00bbac68_3460,12235.9527579128
00bbac68_3461,12235.953844325626
00bbac68_3462,12235.957460010039
00bbac68_3463,12235.963864130335
00bbac68_3464,12235.969790132516
00bbac68_3465,12235.98246878116
00bbac68_3466,12236.001217165012
00bbac68_3467,12236.016638974561
00bbac68_3468,12236.030065049741
00bbac68_3469,12236.044587070919
00bbac68_3470,12236.058950771794
00bbac68_3471,12236.07860961757
00bbac68_3472,12236.099025672873
00bbac68_3473,12236.118248994584
00bbac68_3474,12236.135761165675
00bbac68_3475,12236.15398532288
00bbac68_3476,12236.174798509885
00bbac68_3477,12236.193276855865
00bbac68_3478,12236.215507274948
00bbac68_3479,12236.238186606071
00bbac68_3480,12236.259624297936
00bbac68_3481,12236.285166883616
00bbac68_3482,12236.306851939324
00bbac68_3483,12236.331618354903
00bbac68_3484,12236.346981232022
00bbac68_3485,12236.35909430393
00bbac68_3486,12236.368707593894
00bbac68_3487,12236.381782035543
00bbac68_3488,12236.396274179377
00bbac68_3489,12236.408910104325
00bbac68_3490,12236.41802515705
00bbac68_3491,12236.422008383684
00bbac68_3492,12236.42945734558
00bbac68_3493,12236.436489993259
00bbac68_3494,12236.448005640408
00bbac68_3495,12236.450814695549
00bbac68_3496,12236.45904310271
00bbac68_3497,12236.460144404467
00bbac68_3498,12236.455841508481
00bbac68_3499,12236.456556097313
00bbac68_3500,12236.458164996982
00bbac68_3501,12236.451183913086
00bbac68_3502,12236.451475719108
00bbac68_3503,12236.44984690558
00bbac68_3504,12236.451766662663
00bbac68_3505,12236.452451034638
00bbac68_3506,12236.44578546469
00bbac68_3507,12236.441940163115
00bbac68_3508,12236.433356061038
00bbac68_3509,12236.428878754597
00bbac68_3510,12236.419261482719
00bbac68_3511,12236.41113538736
00bbac68_3512,12236.39877395401
00bbac68_3513,12236.390053414065
00bbac68_3514,12236.37717932061
00bbac68_3515,12236.36881353751
00bbac68_3516,12236.356298770737
00bbac68_3517,12236.341149861168
00bbac68_3518,12236.336915619111
00bbac68_3519,12236.325420386307
00bbac68_3520,12236.313993233282
00bbac68_3521,12236.309472189307
00bbac68_3522,12236.30314019979
00bbac68_3523,12236.297336218002
00bbac68_3524,12236.29440149435
00bbac68_3525,12236.283705227775
00bbac68_3526,12236.272365285793
00bbac68_3527,12236.256244145115
00bbac68_3528,12236.246270707361
00bbac68_3529,12236.234176799542
00bbac68_3530,12236.221431158807
00bbac68_3531,12236.210324360962
00bbac68_3532,12236.20233237155
00bbac68_3533,12236.185540496028
00bbac68_3534,12236.171611590093
00bbac68_3535,12236.155630468133
00bbac68_3536,12236.14742812438
00bbac68_3537,12236.139093312382
00bbac68_3538,12236.130244625048
00bbac68_3539,12236.11991932147
00bbac68_3540,12236.11187162963
00bbac68_3541,12236.099059253236
00bbac68_3542,12236.088282864519
00bbac68_3543,12236.073948530808
00bbac68_3544,12236.056310481967
00bbac68_3545,12236.040336178019
00bbac68_3546,12236.020666087144
00bbac68_3547,12236.005418364095
00bbac68_3548,12235.98907477565
00bbac68_3549,12235.970031106985
00bbac68_3550,12235.95488098521
00bbac68_3551,12235.944202684035
00bbac68_3552,12235.936977585734
00bbac68_3553,12235.93114400317
00bbac68_3554,12235.928647108667
00bbac68_3555,12235.927075020682
00bbac68_3556,12235.922404705932
00bbac68_3557,12235.914932003474
00bbac68_3558,12235.910910065062
00bbac68_3559,12235.909290626281
00bbac68_3560,12235.907177561188
00bbac68_3561,12235.899050018648
00bbac68_3562,12235.894166349031
00bbac68_3563,12235.886486918083
00bbac68_3564,12235.876830423775
00bbac68_3565,12235.858898286266
00bbac68_3566,12235.849759703895
00bbac68_3567,12235.842744477377
00bbac68_3568,12235.832156382297
00bbac68_3569,12235.822758432972
00bbac68_3570,12235.810966519239
00bbac68_3571,12235.793221003998
00bbac68_3572,12235.777098452065
00bbac68_3573,12235.75251087343
00bbac68_3574,12235.734653291816
00bbac68_3575,12235.709809537697
00bbac68_3576,12235.688909094966
00bbac68_3577,12235.668368527891
00bbac68_3578,12235.643967286638
00bbac68_3579,12235.623178894324
00bbac68_3580,12235.601216918887
00bbac68_3581,12235.577795828562
00bbac68_3582,12235.563610540294
00bbac68_3583,12235.543643223027
00bbac68_3584,12235.526330959949
00bbac68_3585,12235.506848933977
00bbac68_3586,12235.492103445224
00bbac68_3587,12235.472995536635
00bbac68_3588,12235.453898606596
00bbac68_3589,12235.439776919644
00bbac68_3590,12235.420212505225
00bbac68_3591,12235.405893352252
00bbac68_3592,12235.389740655708
00bbac68_3593,12235.37552239537
00bbac68_3594,12235.365474296868
00bbac68_3595,12235.349990783361
00bbac68_3596,12235.337506169006
00bbac68_3597,12235.328724782736
00bbac68_3598,12235.317026239853
00bbac68_3599,12235.308183029536
00bbac68_3600,12235.294959945319
00bbac68_3601,12235.283442780554
00bbac68_3602,12235.279908336935
00bbac68_3603,12235.270779268489
00bbac68_3604,12235.262111047148
00bbac68_3605,12235.257693836522
00bbac68_3606,12235.246013688346
00bbac68_3607,12235.232884626957
00bbac68_3608,12235.22528513014
00bbac68_3609,12235.214916555617
00bbac68_3610,12235.208914306771
00bbac68_3611,12235.196241889487
00bbac68_3612,12235.182829998923
00bbac68_3613,12235.168899303004
00bbac68_3614,12235.150458083279
00bbac68_3615,12235.130593486738
00bbac68_3616,12235.118539640942
00bbac68_3617,12235.100050316812
00bbac68_3618,12235.082100699834
00bbac68_3619,12235.071994956455
00bbac68_3620,12235.053098627817
00bbac68_3621,12235.031323763358
00bbac68_3622,12235.014290795978
00bbac68_3623,12234.995094195056
00bbac68_3624,12234.974934275639
00bbac68_3625,12234.959637524877
00bbac68_3626,12234.944774637297
00bbac68_3627,12234.926314834836
00bbac68_3628,12234.911276536983
00bbac68_3629,12234.889317050856
00bbac68_3630,12234.869221963498
00bbac68_3631,12234.852764964446
00bbac68_3632,12234.831490549159
00bbac68_3633,12234.813342730416
00bbac68_3634,12234.797654077109
00bbac68_3635,12234.776506446053
00bbac68_3636,12234.754136286714
00bbac68_3637,12234.731203276024
00bbac68_3638,12234.713992694898
00bbac68_3639,12234.691817916819
00bbac68_3640,12234.672905344434
00bbac68_3641,12234.657542605406
00bbac68_3642,12234.64072517542
00bbac68_3643,12234.625262516287
00bbac68_3644,12234.612112459914
00bbac68_3645,12234.593484131314
00bbac68_3646,12234.574720575572
00bbac68_3647,12234.56435962475
00bbac68_3648,12234.548048957306
00bbac68_3649,12234.532921932365
00bbac68_3650,12234.521721477573
00bbac68_3651,12234.51368299182
00bbac68_3652,12234.500280142604
00bbac68_3653,12234.484288974993
00bbac68_3654,12234.475256932292
00bbac68_3655,12234.459993811626
00bbac68_3656,12234.444998496278
00bbac68_3657,12234.431810828613
00bbac68_3658,12234.423863633947
00bbac68_3659,12234.408237438689
00bbac68_3660,12234.392605277731
00bbac68_3661,12234.38418197503
00bbac68_3662,12234.36729104122
00bbac68_3663,12234.351502025002
00bbac68_3664,12234.33900362401
00bbac68_3665,12234.33093518898
00bbac68_3666,12234.321098815097
00bbac68_3667,12234.310101130523
00bbac68_3668,12234.302023678607
00bbac68_3669,12234.294656920145
00bbac68_3670,12234.282952344613
00bbac68_3671,12234.27279155052
00bbac68_3672,12234.262746229411
00bbac68_3673,12234.25876037107
00bbac68_3674,12234.252538077175
00bbac68_3675,12234.247687807338
00bbac68_3676,12234.24553044385
00bbac68_3677,12234.23672601919
00bbac68_3678,12234.230537120215
00bbac68_3679,12234.222492104696
00bbac68_3680,12234.22123337013
00bbac68_3681,12234.216367593044
00bbac68_3682,12234.21559243324
00bbac68_3683,12234.211858720064
00bbac68_3684,12234.206938805952
00bbac68_3685,12234.206922004374
00bbac68_3686,12234.200839059802
00bbac68_3687,12234.193925106749
00bbac68_3688,12234.187922634272
00bbac68_3689,12234.185243127908
00bbac68_3690,12234.182809181693
00bbac68_3691,12234.177983956319
00bbac68_3692,12234.177322117044
00bbac68_3693,12234.168972372116
00bbac68_3694,12234.158335781342
00bbac68_3695,12234.145841841217
00bbac68_3696,12234.137686708564
00bbac68_3697,12234.128101074004
00bbac68_3698,12234.118995024539
00bbac68_3699,12234.110718363274
00bbac68_3700,12234.099541621294
00bbac68_3701,12234.086406443468
00bbac68_3702,12234.073949830232
00bbac68_3703,12234.05970364172
00bbac68_3704,12234.043088178605
00bbac68_3705,12234.024152564147
00bbac68_3706,12234.010895249785
00bbac68_3707,12233.991062494835
00bbac68_3708,12233.974289516813
00bbac68_3709,12233.953721013859
00bbac68_3710,12233.935108039854
00bbac68_3711,12233.91435699123
00bbac68_3712,12233.893427511905
00bbac68_3713,12233.87397536345
00bbac68_3714,12233.84806502517
00bbac68_3715,12233.829149996278
00bbac68_3716,12233.808021039515
00bbac68_3717,12233.78477086615
00bbac68_3718,12233.757806751568
00bbac68_3719,12233.733432567482
00bbac68_3720,12233.712898457768
00bbac68_3721,12233.692661518224
00bbac68_3722,12233.668076757256
00bbac68_3723,12233.652501887582
00bbac68_3724,12233.635244736124
00bbac68_3725,12233.607275318776
00bbac68_3726,12233.58620539336
00bbac68_3727,12233.56828249625
00bbac68_3728,12233.54228015924
00bbac68_3729,12233.522430546062
00bbac68_3730,12233.500108420183
00bbac68_3731,12233.48245233129
00bbac68_3732,12233.462983768299
00bbac68_3733,12233.43082799481
00bbac68_3734,12233.408180481249
00bbac68_3735,12233.370466517226
00bbac68_3736,12233.337189749598
00bbac68_3737,12233.30234601409
00bbac68_3738,12233.273179246735
00bbac68_3739,12233.236858043478
00bbac68_3740,12233.19824394496
00bbac68_3741,12233.149275250842
00bbac68_3742,12233.103684916332
00bbac68_3743,12233.049049041087
00bbac68_3744,12232.999763588645
00bbac68_3745,12232.962132927738
00bbac68_3746,12232.918318641281
00bbac68_3747,12232.88193356252
00bbac68_3748,12232.846244580893
00bbac68_3749,12232.807688340214
00bbac68_3750,12232.772280590381
00bbac68_3751,12232.729104678032
00bbac68_3752,12232.694941862406
00bbac68_3753,12232.667685076627
00bbac68_3754,12232.637551912456
00bbac68_3755,12232.608755541274
00bbac68_3756,12232.578275181346
00bbac68_3757,12232.553010335727
00bbac68_3758,12232.522732599271
00bbac68_3759,12232.496582782964
00bbac68_3760,12232.46916256173
00bbac68_3761,12232.446584712501
00bbac68_3762,12232.435003812896
00bbac68_3763,12232.41223285548
00bbac68_3764,12232.385049004086
00bbac68_3765,12232.359398554032
00bbac68_3766,12232.350564351367
00bbac68_3767,12232.343710588602
00bbac68_3768,12232.342079779391
00bbac68_3769,12232.351457110079
00bbac68_3770,12232.372545011378
00bbac68_3771,12232.386623835326
00bbac68_3772,12232.399159708772
00bbac68_3773,12232.415383876487
00bbac68_3774,12232.428889633828
00bbac68_3775,12232.437283174298
00bbac68_3776,12232.442332481267
00bbac68_3777,12232.445018657938
00bbac68_3778,12232.447496120727
00bbac68_3779,12232.437067901861
00bbac68_3780,12232.421698690505
00bbac68_3781,12232.409721357111
00bbac68_3782,12232.403253840625
00bbac68_3783,12232.394351484181
00bbac68_3784,12232.38399405779
00bbac68_3785,12232.376646672006
00bbac68_3786,12232.374933484974
00bbac68_3787,12232.371983120029
00bbac68_3788,12232.363898751453
00bbac68_3789,12232.358705535584
00bbac68_3790,12232.352662894185
00bbac68_3791,12232.342495425451
00bbac68_3792,12232.333371764627
00bbac68_3793,12232.315139179267
00bbac68_3794,12232.301710052445
00bbac68_3795,12232.28405090778
00bbac68_3796,12232.268458064635
00bbac68_3797,12232.247029648377
00bbac68_3798,12232.225246805416
00bbac68_3799,12232.201702079972
00bbac68_3800,12232.187305679714
00bbac68_3801,12232.166414506672
00bbac68_3802,12232.15327544537
00bbac68_3803,12232.148860022917
00bbac68_3804,12232.142171054817
00bbac68_3805,12232.129141935859
00bbac68_3806,12232.121244239981
00bbac68_3807,12232.10924434924
00bbac68_3808,12232.098472143993
00bbac68_3809,12232.076781860509
00bbac68_3810,12232.060211189288
00bbac68_3811,12232.0481579164
00bbac68_3812,12232.02991883743
00bbac68_3813,12232.013997747763
00bbac68_3814,12231.993752217055
00bbac68_3815,12231.980196503617
00bbac68_3816,12231.960546896102
00bbac68_3817,12231.943111778246
00bbac68_3818,12231.926934641368
00bbac68_3819,12231.911592598975
00bbac68_3820,12231.892650681533
00bbac68_3821,12231.87831648809
00bbac68_3822,12231.857667017024
00bbac68_3823,12231.842024573129
00bbac68_3824,12231.820823949269
00bbac68_3825,12231.806339527708
00bbac68_3826,12231.79568636196
00bbac68_3827,12231.778091394524
00bbac68_3828,12231.763559090025
00bbac68_3829,12231.743460171285
00bbac68_3830,12231.720857566164
00bbac68_3831,12231.696227114753
00bbac68_3832,12231.669183295246
00bbac68_3833,12231.648558505687
00bbac68_3834,12231.62751741579
00bbac68_3835,12231.601264015619
00bbac68_3836,12231.583528294874
00bbac68_3837,12231.568201195078
00bbac68_3838,12231.552959894456
00bbac68_3839,12231.524102644657
00bbac68_3840,12231.502036695458
00bbac68_3841,12231.480415176153
00bbac68_3842,12231.464695417792
00bbac68_3843,12231.441109559717
00bbac68_3844,12231.42190660527
00bbac68_3845,12231.40076899935
00bbac68_3846,12231.377694382894
00bbac68_3847,12231.351775410429
00bbac68_3848,12231.329245661502
00bbac68_3849,12231.301008548067
00bbac68_3850,12231.282307737343
00bbac68_3851,12231.26387696613
00bbac68_3852,12231.242498786687
00bbac68_3853,12231.223224669835
00bbac68_3854,12231.204953127646
00bbac68_3855,12231.183955924276
00bbac68_3856,12231.163111613543
00bbac68_3857,12231.143488074518
00bbac68_3858,12231.127084598244
00bbac68_3859,12231.107693819478
00bbac68_3860,12231.090383955838
00bbac68_3861,12231.072504082616
00bbac68_3862,12231.053671574136
00bbac68_3863,12231.03306563478
00bbac68_3864,12231.016470797244
00bbac68_3865,12230.997303638
00bbac68_3866,12230.980698735246
00bbac68_3867,12230.96663846121
00bbac68_3868,12230.950707705138
00bbac68_3869,12230.933919352852
00bbac68_3870,12230.923320139047
00bbac68_3871,12230.909198092686
00bbac68_3872,12230.898669914211
00bbac68_3873,12230.890222397968
00bbac68_3874,12230.879314453816
00bbac68_3875,12230.861597243036
00bbac68_3876,12230.842044263347
00bbac68_3877,12230.815125252528
00bbac68_3878,12230.790894749443
00bbac68_3879,12230.757153487586
00bbac68_3880,12230.728263874284
00bbac68_3881,12230.692374885124
00bbac68_3882,12230.659196333801
00bbac68_3883,12230.626142231544
00bbac68_3884,12230.591063028762
00bbac68_3885,12230.560633083554
00bbac68_3886,12230.532365356987
00bbac68_3887,12230.509258297761
00bbac68_3888,12230.486551249054
00bbac68_3889,12230.460543638597
00bbac68_3890,12230.43996923021
00bbac68_3891,12230.422401839958
00bbac68_3892,12230.407296399726
00bbac68_3893,12230.386938576474
00bbac68_3894,12230.369592130748
00bbac68_3895,12230.354847445968
00bbac68_3896,12230.34238480134
00bbac68_3897,12230.325045708996
00bbac68_3898,12230.313863768886
00bbac68_3899,12230.29742763479
00bbac68_3900,12230.281279716342
00bbac68_3901,12230.264647540522
00bbac68_3902,12230.244614564504
00bbac68_3903,12230.223289198711
00bbac68_3904,12230.205327362579
00bbac68_3905,12230.185470842416
00bbac68_3906,12230.166561125017
00bbac68_3907,12230.147248816593
00bbac68_3908,12230.130105581386
00bbac68_3909,12230.104338293793
00bbac68_3910,12230.08809689711
00bbac68_3911,12230.071524589837
00bbac68_3912,12230.053420514983
00bbac68_3913,12230.035050329541
00bbac68_3914,12230.020806578581
00bbac68_3915,12230.007112016618
00bbac68_3916,12229.996777309923
00bbac68_3917,12229.98286665029
00bbac68_3918,12229.975296403434
00bbac68_3919,12229.957360203563
00bbac68_3920,12229.951028368683
00bbac68_3921,12229.940209437164
00bbac68_3922,12229.930895320631
00bbac68_3923,12229.915686629045
00bbac68_3924,12229.904274595187
00bbac68_3925,12229.888518220585
00bbac68_3926,12229.87709786283
00bbac68_3927,12229.858351807212
00bbac68_3928,12229.845692261328
00bbac68_3929,12229.832716890187
00bbac68_3930,12229.814945818078
00bbac68_3931,12229.801522008624
00bbac68_3932,12229.792218492425
00bbac68_3933,12229.775790635224
00bbac68_3934,12229.756239685426
00bbac68_3935,12229.739621490375
00bbac68_3936,12229.723504828906
00bbac68_3937,12229.707768635511
00bbac68_3938,12229.692774243484
00bbac68_3939,12229.672187368284
00bbac68_3940,12229.65770140157
00bbac68_3941,12229.641745316254
00bbac68_3942,12229.625744567236
00bbac68_3943,12229.610306519615
00bbac68_3944,12229.589823260256
00bbac68_3945,12229.577106597582
00bbac68_3946,12229.562751786469
00bbac68_3947,12229.543049637603
00bbac68_3948,12229.525649632345
00bbac68_3949,12229.50422400673
00bbac68_3950,12229.483227670502
00bbac68_3951,12229.465514962416
00bbac68_3952,12229.45188226519
00bbac68_3953,12229.435457775671
00bbac68_3954,12229.412314894766
00bbac68_3955,12229.393663233448
00bbac68_3956,12229.36987645008
00bbac68_3957,12229.351262810096
00bbac68_3958,12229.327799221765
00bbac68_3959,12229.306780262774
00bbac68_3960,12229.278990774274
00bbac68_3961,12229.257610008986
00bbac68_3962,12229.227811103283
00bbac68_3963,12229.207949089778
00bbac68_3964,12229.179858360783
00bbac68_3965,12229.157077822874
00bbac68_3966,12229.127551590904
00bbac68_3967,12229.10714569153
00bbac68_3968,12229.07828507006
00bbac68_3969,12229.055023025085
00bbac68_3970,12229.0258674615
00bbac68_3971,12228.998086425436
00bbac68_3972,12228.966162979119
00bbac68_3973,12228.944514098981
00bbac68_3974,12228.920293821373
00bbac68_3975,12228.898605909344
00bbac68_3976,12228.86865808746
00bbac68_3977,12228.849332546986
00bbac68_3978,12228.826269026842
00bbac68_3979,12228.80842918907
00bbac68_3980,12228.786809765708
00bbac68_3981,12228.772087207824
00bbac68_3982,12228.751693616927
00bbac68_3983,12228.738175769744
00bbac68_3984,12228.719583915348
00bbac68_3985,12228.69884639915
00bbac68_3986,12228.678214633594
00bbac68_3987,12228.658571865113
00bbac68_3988,12228.641857212278
00bbac68_3989,12228.62193568383
00bbac68_3990,12228.600635390296
00bbac68_3991,12228.576667912253
00bbac68_3992,12228.55874426848
00bbac68_3993,12228.533346316359
00bbac68_3994,12228.510348940044
00bbac68_3995,12228.491558903885
00bbac68_3996,12228.471266011915
00bbac68_3997,12228.456312182994
00bbac68_3998,12228.43723720891
00bbac68_3999,12228.424441525654
00bbac68_4000,12228.40848573179
00bbac68_4001,12228.388215172396
00bbac68_4002,12228.370020380553
00bbac68_4003,12228.351211182207
00bbac68_4004,12228.332556645008
00bbac68_4005,12228.31629202915
00bbac68_4006,12228.284152963752
00bbac68_4007,12228.265010981355
00bbac68_4008,12228.242184071605
00bbac68_4009,12228.215227409615
00bbac68_4010,12228.19955051349
00bbac68_4011,12228.175881143601
00bbac68_4012,12228.15915582714
00bbac68_4013,12228.139272877923
00bbac68_4014,12228.11847466684
00bbac68_4015,12228.100258509015
00bbac68_4016,12228.085953127571
00bbac68_4017,12228.064065446006
00bbac68_4018,12228.053054559068
00bbac68_4019,12228.037788652067
00bbac68_4020,12228.021437001807
00bbac68_4021,12228.003908501338
00bbac68_4022,12227.98671306521
00bbac68_4023,12227.969188916473
00bbac68_4024,12227.954066724
00bbac68_4025,12227.94471878048
00bbac68_4026,12227.930638508904
00bbac68_4027,12227.923139237608
00bbac68_4028,12227.907937982684
00bbac68_4029,12227.894578110489
00bbac68_4030,12227.883532010508
00bbac68_4031,12227.873409095453
00bbac68_4032,12227.86459070725
00bbac68_4033,12227.858459480987
00bbac68_4034,12227.855949361383
00bbac68_4035,12227.848812311537
00bbac68_4036,12227.83761956328
00bbac68_4037,12227.827793226399
00bbac68_4038,12227.82179723704
00bbac68_4039,12227.808040445492
00bbac68_4040,12227.80595716956
00bbac68_4041,12227.80029788231
00bbac68_4042,12227.795560868857
00bbac68_4043,12227.779642182975
00bbac68_4044,12227.770818353049
00bbac68_4045,12227.769434816619
00bbac68_4046,12227.763692124023
00bbac68_4047,12227.754077047332
00bbac68_4048,12227.75201547434
00bbac68_4049,12227.747602637697
00bbac68_4050,12227.739272287954
00bbac68_4051,12227.726278090246
00bbac68_4052,12227.719091915813
00bbac68_4053,12227.712357210321
00bbac68_4054,12227.706838703376
00bbac68_4055,12227.696495894505
00bbac68_4056,12227.68856899781
00bbac68_4057,12227.677470621222
00bbac68_4058,12227.669296336793
00bbac68_4059,12227.652207822875
00bbac68_4060,12227.645220530623
00bbac68_4061,12227.635846015943
00bbac68_4062,12227.630556395754
00bbac68_4063,12227.624562429719
00bbac68_4064,12227.61728151227
00bbac68_4065,12227.604709271614
00bbac68_4066,12227.595365931778
00bbac68_4067,12227.589631957979
00bbac68_4068,12227.581674447267
00bbac68_4069,12227.567496944219
00bbac68_4070,12227.560556304346
00bbac68_4071,12227.551620492584
00bbac68_4072,12227.545945250607
00bbac68_4073,12227.535382358368
00bbac68_4074,12227.522048663877
00bbac68_4075,12227.509941994835
00bbac68_4076,12227.496595934976
00bbac68_4077,12227.486014692167
00bbac68_4078,12227.476395876743
00bbac68_4079,12227.46189847334
00bbac68_4080,12227.451529071057
00bbac68_4081,12227.445814070532
00bbac68_4082,12227.441164796854
00bbac68_4083,12227.433237471902
00bbac68_4084,12227.426239420642
00bbac68_4085,12227.421613327311
00bbac68_4086,12227.416364035344
00bbac68_4087,12227.405482257498
00bbac68_4088,12227.401184585424
00bbac68_4089,12227.388271010994
00bbac68_4090,12227.380038733478
00bbac68_4091,12227.37224657373
00bbac68_4092,12227.358311272863
00bbac68_4093,12227.344411358972
00bbac68_4094,12227.335682095782
00bbac68_4095,12227.32276531702
00bbac68_4096,12227.313492603149
00bbac68_4097,12227.299227055832
00bbac68_4098,12227.293254130293
00bbac68_4099,12227.277395310663
00bbac68_4100,12227.268642126402
00bbac68_4101,12227.250637589768
00bbac68_4102,12227.238730187897
00bbac68_4103,12227.222320763874
00bbac68_4104,12227.211989395993
00bbac68_4105,12227.201520927483
00bbac68_4106,12227.183615473856
00bbac68_4107,12227.173067370786
00bbac68_4108,12227.164909987714
00bbac68_4109,12227.150676977999
00bbac68_4110,12227.141544581227
00bbac68_4111,12227.13408425925
00bbac68_4112,12227.121011695403
00bbac68_4113,12227.113261291906
00bbac68_4114,12227.106254522821
00bbac68_4115,12227.099578431866
00bbac68_4116,12227.093398618885
00bbac68_4117,12227.081795576154
00bbac68_4118,12227.07681470463
00bbac68_4119,12227.068858748451
00bbac68_4120,12227.059396277073
00bbac68_4121,12227.04836905695
00bbac68_4122,12227.03981026997
00bbac68_4123,12227.032233684935
00bbac68_4124,12227.024912801418
00bbac68_4125,12227.01875973696
00bbac68_4126,12227.014592183572
00bbac68_4127,12227.011529926687
00bbac68_4128,12227.009210223136
00bbac68_4129,12227.007540939909
00bbac68_4130,12227.00632441985
00bbac68_4131,12227.007205091222
00bbac68_4132,12227.007513240475
00bbac68_4133,12227.00655228418
00bbac68_4134,12227.005332623976
00bbac68_4135,12227.010926837364
00bbac68_4136,12227.010581188495
00bbac68_4137,12227.008184296752
00bbac68_4138,12227.007427956325
00bbac68_4139,12227.00601758089
00bbac68_4140,12227.010688657578
00bbac68_4141,12227.01035257225
00bbac68_4142,12227.009441805807
00bbac68_4143,12227.007881634489
00bbac68_4144,12227.010621700589
00bbac68_4145,12227.009598608664
00bbac68_4146,12227.009741718603
00bbac68_4147,12227.015691407953
00bbac68_4148,12227.016344823685
00bbac68_4149,12227.021897110913
00bbac68_4150,12227.024066874676
00bbac68_4151,12227.030238870604
00bbac68_4152,12227.031623270634
00bbac68_4153,12227.032234202195
00bbac68_4154,12227.03866747459
00bbac68_4155,12227.041206630412
00bbac68_4156,12227.047888762456
00bbac68_4157,12227.050327445637
00bbac68_4158,12227.058694570598
00bbac68_4159,12227.06616374636
00bbac68_4160,12227.07085425833
00bbac68_4161,12227.078572570439
00bbac68_4162,12227.081754803261
00bbac68_4163,12227.089305509207
00bbac68_4164,12227.092359913644
00bbac68_4165,12227.100833538356
00bbac68_4166,12227.10671052241
00bbac68_4167,12227.107459980904
00bbac68_4168,12227.115725149746
00bbac68_4169,12227.121297094192
00bbac68_4170,12227.129266140437
00bbac68_4171,12227.138274788264
00bbac68_4172,12227.141726101896
00bbac68_4173,12227.151222409586
00bbac68_4174,12227.161285908725
00bbac68_4175,12227.164776524698
00bbac68_4176,12227.174987332597
00bbac68_4177,12227.183283034505
00bbac68_4178,12227.191418323495
00bbac68_4179,12227.192919219848
00bbac68_4180,12227.200209286795
00bbac68_4181,12227.208572386726
00bbac68_4182,12227.211593293285
00bbac68_4183,12227.218922230324
00bbac68_4184,12227.225630316927
00bbac68_4185,12227.232790629776
00bbac68_4186,12227.239269667705
00bbac68_4187,12227.23944144856
00bbac68_4188,12227.24510162957
00bbac68_4189,12227.250479836512
00bbac68_4190,12227.25779856637
00bbac68_4191,12227.262720975432
00bbac68_4192,12227.26985135693
00bbac68_4193,12227.2761594265
00bbac68_4194,12227.277580566206
00bbac68_4195,12227.283911629282
00bbac68_4196,12227.290573413575
00bbac68_4197,12227.296252547552
00bbac68_4198,12227.305141542945
00bbac68_4199,12227.312104239136
00bbac68_4200,12227.319092503623
00bbac68_4201,12227.325873767339
00bbac68_4202,12227.334072555623
00bbac68_4203,12227.34135920164
00bbac68_4204,12227.348203446523
00bbac68_4205,12227.356573169636
00bbac68_4206,12227.363367091912
00bbac68_4207,12227.37219824402
00bbac68_4208,12227.381558448384
00bbac68_4209,12227.388584152472
00bbac68_4210,12227.398809526861
00bbac68_4211,12227.408974290673
00bbac68_4212,12227.421615447904
00bbac68_4213,12227.43469270875
00bbac68_4214,12227.449870349374
00bbac68_4215,12227.461751387757
00bbac68_4216,12227.47308611071
00bbac68_4217,12227.48092774337
00bbac68_4218,12227.490151346638
00bbac68_4219,12227.502187320217
00bbac68_4220,12227.508162858823
00bbac68_4221,12227.51210499245
00bbac68_4222,12227.514392649751
00bbac68_4223,12227.518692716763
00bbac68_4224,12227.525617859801
00bbac68_4225,12227.53213500226
00bbac68_4226,12227.545228972323
00bbac68_4227,12227.554407374728
00bbac68_4228,12227.56378491906
00bbac68_4229,12227.572095202018
00bbac68_4230,12227.585920817794
00bbac68_4231,12227.591597768596
00bbac68_4232,12227.598005345932
00bbac68_4233,12227.605936162801
00bbac68_4234,12227.617812744473
00bbac68_4235,12227.623958097836
00bbac68_4236,12227.629182036166
00bbac68_4237,12227.631586255608
00bbac68_4238,12227.639152503503
00bbac68_4239,12227.64108160995
00bbac68_4240,12227.642845207585
00bbac68_4241,12227.650007566619
00bbac68_4242,12227.652708063102
00bbac68_4243,12227.656917934859
00bbac68_4244,12227.66581558471
00bbac68_4245,12227.67112853121
00bbac68_4246,12227.680276992003
00bbac68_4247,12227.682623696637
00bbac68_4248,12227.684140882528
00bbac68_4249,12227.693728793907
00bbac68_4250,12227.696472585772
00bbac68_4251,12227.700832837232
00bbac68_4252,12227.707694800783
00bbac68_4253,12227.710952809755
00bbac68_4254,12227.712718530453
00bbac68_4255,12227.713694033035
00bbac68_4256,12227.7164221401
00bbac68_4257,12227.725430121893
00bbac68_4258,12227.729795182691
00bbac68_4259,12227.732773804762
00bbac68_4260,12227.735031931634
00bbac68_4261,12227.736387683262
00bbac68_4262,12227.736394162019
00bbac68_4263,12227.736794336042
00bbac68_4264,12227.735682771214
00bbac68_4265,12227.735628703358
00bbac68_4266,12227.737337931885
00bbac68_4267,12227.739441974813
00bbac68_4268,12227.740274692149
00bbac68_4269,12227.741396635744
00bbac68_4270,12227.74373953138
00bbac68_4271,12227.7465483829
00bbac68_4272,12227.746488067733
00bbac68_4273,12227.746703494575
00bbac68_4274,12227.750476168225
00bbac68_4275,12227.755650543295
00bbac68_4276,12227.758242523309
00bbac68_4277,12227.761555922163
00bbac68_4278,12227.76176601414
00bbac68_4279,12227.76829835693
00bbac68_4280,12227.773862507314
00bbac68_4281,12227.775394137037
00bbac68_4282,12227.783384309714
00bbac68_4283,12227.795587990047
00bbac68_4284,12227.803686653897
00bbac68_4285,12227.816231051675
00bbac68_4286,12227.82297205587
00bbac68_4287,12227.835175104035
00bbac68_4288,12227.843108229554
00bbac68_4289,12227.856623384905
00bbac68_4290,12227.863974970365
00bbac68_4291,12227.876050457522
00bbac68_4292,12227.880151044927
00bbac68_4293,12227.88721995557
00bbac68_4294,12227.898648420567
00bbac68_4295,12227.904922387315
00bbac68_4296,12227.914387291872
00bbac68_4297,12227.921368274925
00bbac68_4298,12227.925035623719
00bbac68_4299,12227.929104951883
00bbac68_4300,12227.934651947555
00bbac68_4301,12227.935756375557
00bbac68_4302,12227.935497355558
00bbac68_4303,12227.933770096843
00bbac68_4304,12227.931484708224
00bbac68_4305,12227.934828708652
00bbac68_4306,12227.933818621432
00bbac68_4307,12227.933016581823
00bbac68_4308,12227.930304384969
00bbac68_4309,12227.927017108384
00bbac68_4310,12227.923318275512
00bbac68_4311,12227.920436680317
00bbac68_4312,12227.91544967953
00bbac68_4313,12227.910527039323
00bbac68_4314,12227.906178723311
00bbac68_4315,12227.90545191332
00bbac68_4316,12227.90395462512
00bbac68_4317,12227.903136517307
00bbac68_4318,12227.902481957175
00bbac68_4319,12227.896570372148
00bbac68_4320,12227.89375800312
00bbac68_4321,12227.888840336043
00bbac68_4322,12227.884498885365
00bbac68_4323,12227.881185243907
00bbac68_4324,12227.87136348642
00bbac68_4325,12227.867438751615
00bbac68_4326,12227.86392292413
00bbac68_4327,12227.854845380989
00bbac68_4328,12227.851464525802
00bbac68_4329,12227.848400987288
00bbac68_4330,12227.8387805481
00bbac68_4331,12227.83442436915
00bbac68_4332,12227.826862077185
00bbac68_4333,12227.824119110843
00bbac68_4334,12227.82101664438
00bbac68_4335,12227.811719647223
00bbac68_4336,12227.80427585825
00bbac68_4337,12227.795824642184
00bbac68_4338,12227.789199526102
00bbac68_4339,12227.79024292083
00bbac68_4340,12227.786918878235
00bbac68_4341,12227.788489612481
00bbac68_4342,12227.786682960503
00bbac68_4343,12227.785477607484
00bbac68_4344,12227.787665940683
00bbac68_4345,12227.784261337563
00bbac68_4346,12227.784808188304
00bbac68_4347,12227.781473550227
00bbac68_4348,12227.783712825594
00bbac68_4349,12227.780846045898
00bbac68_4350,12227.78169413438
00bbac68_4351,12227.782027845371
00bbac68_4352,12227.774591422902
00bbac68_4353,12227.772861125168
00bbac68_4354,12227.765479419688
00bbac68_4355,12227.766154429835
00bbac68_4356,12227.765460939532
00bbac68_4357,12227.758050365184
00bbac68_4358,12227.753155136765
00bbac68_4359,12227.746852454946
00bbac68_4360,12227.74279884777
00bbac68_4361,12227.734485646572
00bbac68_4362,12227.729988277664
00bbac68_4363,12227.725388507086
00bbac68_4364,12227.720048442108
00bbac68_4365,12227.718327121562
00bbac68_4366,12227.70795022737
00bbac68_4367,12227.697757844842
00bbac68_4368,12227.685707605968
00bbac68_4369,12227.67377756862
00bbac68_4370,12227.661957631912
00bbac68_4371,12227.652455762487
00bbac68_4372,12227.64035516193
00bbac68_4373,12227.628004662867
00bbac68_4374,12227.612488680828
00bbac68_4375,12227.598102940396
00bbac68_4376,12227.585712526368
00bbac68_4377,12227.577756648805
00bbac68_4378,12227.565443709485
00bbac68_4379,12227.553591257256
00bbac68_4380,12227.544359272706
00bbac68_4381,12227.534106006882
00bbac68_4382,12227.521089348429
00bbac68_4383,12227.511343260641
00bbac68_4384,12227.496041952052
00bbac68_4385,12227.47798087194
00bbac68_4386,12227.45834710254
00bbac68_4387,12227.43986475894
00bbac68_4388,12227.427708231971
00bbac68_4389,12227.40796188761
00bbac68_4390,12227.387932580385
00bbac68_4391,12227.36735217588
00bbac68_4392,12227.354628016474
00bbac68_4393,12227.335584611603
00bbac68_4394,12227.317280053538
00bbac68_4395,12227.306571237645
00bbac68_4396,12227.293641507142
00bbac68_4397,12227.28557165885
00bbac68_4398,12227.274735129711
00bbac68_4399,12227.263543666826
00bbac68_4400,12227.252061505367
00bbac68_4401,12227.236800744646
00bbac68_4402,12227.224986270878
00bbac68_4403,12227.211388859801
00bbac68_4404,12227.20512213546
00bbac68_4405,12227.193867578673
00bbac68_4406,12227.186528607206
00bbac68_4407,12227.182437536714
00bbac68_4408,12227.17239681126
00bbac68_4409,12227.169585689291
00bbac68_4410,12227.16400705172
00bbac68_4411,12227.165050050206
00bbac68_4412,12227.168062873796
00bbac68_4413,12227.1711471276
00bbac68_4414,12227.17243041341
00bbac68_4415,12227.175350845777
00bbac68_4416,12227.177675606621
00bbac68_4417,12227.176321233967
00bbac68_4418,12227.179162950117
00bbac68_4419,12227.18265677817
00bbac68_4420,12227.185842068335
00bbac68_4421,12227.18837446803
00bbac68_4422,12227.190410904106
00bbac68_4423,12227.185957870572
00bbac68_4424,12227.18671535258
00bbac68_4425,12227.191643160033
00bbac68_4426,12227.201547898854
00bbac68_4427,12227.212827125391
00bbac68_4428,12227.227474294741
00bbac68_4429,12227.245066486837
00bbac68_4430,12227.258606671172
00bbac68_4431,12227.270625305784
00bbac68_4432,12227.282101671466
00bbac68_4433,12227.292547462923
00bbac68_4434,12227.301305142937
00bbac68_4435,12227.311154710125
00bbac68_4436,12227.320202256586
00bbac68_4437,12227.327691611245
00bbac68_4438,12227.330483003938
00bbac68_4439,12227.33524089228
00bbac68_4440,12227.339292769771
00bbac68_4441,12227.345142266338
00bbac68_4442,12227.350637062025
00bbac68_4443,12227.357471742032
00bbac68_4444,12227.368294278825
00bbac68_4445,12227.375346702294
00bbac68_4446,12227.375741736581
00bbac68_4447,12227.381379182894
00bbac68_4448,12227.387190572701
00bbac68_4449,12227.389887033063
00bbac68_4450,12227.387951598763
00bbac68_4451,12227.391569734125
00bbac68_4452,12227.392053396672
00bbac68_4453,12227.393917813364
00bbac68_4454,12227.394335705663
00bbac68_4455,12227.386675249305
00bbac68_4456,12227.380544177768
00bbac68_4457,12227.367575854918
00bbac68_4458,12227.358477112984
00bbac68_4459,12227.347972462325
00bbac68_4460,12227.342283615635
00bbac68_4461,12227.330819234092
00bbac68_4462,12227.318923148307
00bbac68_4463,12227.315168285864
00bbac68_4464,12227.30938841485
00bbac68_4465,12227.303756112098
00bbac68_4466,12227.303279756292
00bbac68_4467,12227.30393670201
00bbac68_4468,12227.304021662621
00bbac68_4469,12227.303705850289
00bbac68_4470,12227.301998459207
00bbac68_4471,12227.299405920068
00bbac68_4472,12227.302334335953
00bbac68_4473,12227.300737448559
00bbac68_4474,12227.301345571756
00bbac68_4475,12227.297024514104
00bbac68_4476,12227.294428525947
00bbac68_4477,12227.290248224293
00bbac68_4478,12227.283708799503
00bbac68_4479,12227.2810313376
00bbac68_4480,12227.273687356777
00bbac68_4481,12227.271652083204
00bbac68_4482,12227.271323771914
00bbac68_4483,12227.269429981345
00bbac68_4484,12227.267666663824
00bbac68_4485,12227.265214755571
00bbac68_4486,12227.258730469779
00bbac68_4487,12227.255004640043
00bbac68_4488,12227.250419056381
00bbac68_4489,12227.245369106347
00bbac68_4490,12227.242425604942
00bbac68_4491,12227.23854015768
00bbac68_4492,12227.230866445898
00bbac68_4493,12227.226896819036
00bbac68_4494,12227.214711343258
00bbac68_4495,12227.207870051812
00bbac68_4496,12227.192855680754
00bbac68_4497,12227.179824680228
00bbac68_4498,12227.15915858768
00bbac68_4499,12227.144505822209
00bbac68_4500,12227.126382925762
00bbac68_4501,12227.108575618062
00bbac68_4502,12227.09737197214
00bbac68_4503,12227.08048640854
00bbac68_4504,12227.067480610749
00bbac68_4505,12227.056603130648
00bbac68_4506,12227.040244756561
00bbac68_4507,12227.025428726658
00bbac68_4508,12227.011896903583
00bbac68_4509,12226.997376991552
00bbac68_4510,12226.983044474877
00bbac68_4511,12226.974494313592
00bbac68_4512,12226.958945898248
00bbac68_4513,12226.938762507572
00bbac68_4514,12226.918365013753
00bbac68_4515,12226.895331128293
00bbac68_4516,12226.870818458672
00bbac68_4517,12226.847366880884
00bbac68_4518,12226.820040156583
00bbac68_4519,12226.785242524293
00bbac68_4520,12226.755404269687
00bbac68_4521,12226.723581180111
00bbac68_4522,12226.691493182501
00bbac68_4523,12226.660202323968
00bbac68_4524,12226.628792848333
00bbac68_4525,12226.601146214281
00bbac68_4526,12226.576105858378
00bbac68_4527,12226.556233149055
00bbac68_4528,12226.525729044646
00bbac68_4529,12226.500109108367
00bbac68_4530,12226.473169733426
00bbac68_4531,12226.439484319457
00bbac68_4532,12226.41422867748
00bbac68_4533,12226.383615265917
00bbac68_4534,12226.352911773585
00bbac68_4535,12226.323894482019
00bbac68_4536,12226.291565483225
00bbac68_4537,12226.263470129357
00bbac68_4538,12226.238791060492
00bbac68_4539,12226.208085494807
00bbac68_4540,12226.184558811252
00bbac68_4541,12226.158778723071
00bbac68_4542,12226.13109152281
00bbac68_4543,12226.10897843263
00bbac68_4544,12226.083285917895
00bbac68_4545,12226.055384965199
00bbac68_4546,12226.03205616352
00bbac68_4547,12226.008680683628
00bbac68_4548,12225.987867034628
00bbac68_4549,12225.9618407364
00bbac68_4550,12225.940389756037
00bbac68_4551,12225.917192128334
00bbac68_4552,12225.886462252223
00bbac68_4553,12225.858205209268
00bbac68_4554,12225.832298179514
00bbac68_4555,12225.804949953095
00bbac68_4556,12223.828342700355
00bbac68_4557,12223.802137811992
00bbac68_4558,12223.778202391775
00bbac68_4559,12223.754213327342
00bbac68_4560,12223.728462325082
00bbac68_4561,12223.700512728048
00bbac68_4562,12223.679109338222
00bbac68_4563,12223.652422345373
00bbac68_4564,12223.62751835883
00bbac68_4565,12223.600323991493
00bbac68_4566,12223.57762872037
00bbac68_4567,12223.558647340391
00bbac68_4568,12223.537565516743
00bbac68_4569,12223.512180396818
00bbac68_4570,12223.491268597685
00bbac68_4571,12223.462029510163
00bbac68_4572,12223.438146872784
00bbac68_4573,12223.41531766288
00bbac68_4574,12223.39298910688
00bbac68_4575,12223.370485754376
00bbac68_4576,12223.344942727537
00bbac68_4577,12223.311524393346
00bbac68_4578,12223.283587330281
00bbac68_4579,12223.262523438674
00bbac68_4580,12223.241040217417
00bbac68_4581,12223.21775180023
00bbac68_4582,12223.193644169543
00bbac68_4583,12223.171286455305
00bbac68_4584,12223.147917417995
00bbac68_4585,12223.124613943011
00bbac68_4586,12223.099798870378
00bbac68_4587,12223.084433415159
00bbac68_4588,12223.065309455234
00bbac68_4589,12223.042972040048
00bbac68_4590,12223.012551911199
00bbac68_4591,12222.977116226539
00bbac68_4592,12222.936108660602
00bbac68_4593,12222.88986717998
00bbac68_4594,12222.842588331485
00bbac68_4595,12222.798072537935
00bbac68_4596,12222.756652821994
00bbac68_4597,12222.712837294803
00bbac68_4598,12222.669039823819
00bbac68_4599,12222.625271834539
00bbac68_4600,12222.587525746792
00bbac68_4601,12222.554250477227
00bbac68_4602,12222.528489731014
00bbac68_4603,12222.509565429118
00bbac68_4604,12222.486282822554
00bbac68_4605,12222.46342956804
00bbac68_4606,12222.437078155022
00bbac68_4607,12222.411080651375
00bbac68_4608,12222.383570963724
00bbac68_4609,12222.3534999709
00bbac68_4610,12222.326729228655
00bbac68_4611,12222.300345472879
00bbac68_4612,12222.27530191748
00bbac68_4613,12222.254919940613
00bbac68_4614,12222.231133474383
00bbac68_4615,12222.206797721774
00bbac68_4616,12222.183439228473
00bbac68_4617,12222.160738856226
00bbac68_4618,12222.136180782843
00bbac68_4619,12222.11245412601
00bbac68_4620,12222.089246488445
00bbac68_4621,12222.067986935868
00bbac68_4622,12222.04623248364
00bbac68_4623,12222.027334185947
00bbac68_4624,12222.011186945121
00bbac68_4625,12222.002332918844
00bbac68_4626,12221.986932382792
00bbac68_4627,12221.971039215405
00bbac68_4628,12221.951808956353
00bbac68_4629,12221.932542256374
00bbac68_4630,12221.917032999007
00bbac68_4631,12221.900027030173
00bbac68_4632,12221.882082384698
00bbac68_4633,12221.867689599585
00bbac68_4634,12221.84906180629
00bbac68_4635,12221.829489272208
00bbac68_4636,12221.810687326048
00bbac68_4637,12221.796304017918
00bbac68_4638,12221.782024028249
00bbac68_4639,12221.77298276507
00bbac68_4640,12221.75663178513
00bbac68_4641,12221.740652885845
00bbac68_4642,12221.726375991146
00bbac68_4643,12221.71174426785
00bbac68_4644,12221.702012586451
00bbac68_4645,12221.686860110716
00bbac68_4646,12221.673504844974
00bbac68_4647,12221.65610564702
00bbac68_4648,12221.642989061678
00bbac68_4649,12221.62443841778
00bbac68_4650,12221.606663880375
00bbac68_4651,12221.590512995706
00bbac68_4652,12221.579532019892
00bbac68_4653,12221.564482563268
00bbac68_4654,12221.549835913847
00bbac68_4655,12221.539365482091
00bbac68_4656,12221.523996289347
00bbac68_4657,12221.506764014248
00bbac68_4658,12221.494083604764
00bbac68_4659,12221.4768942999
00bbac68_4660,12221.460521314802
00bbac68_4661,12221.451721771247
00bbac68_4662,12221.436646735845
00bbac68_4663,12221.42329430308
00bbac68_4664,12221.412148285523
00bbac68_4665,12221.396107530214
00bbac68_4666,12221.380879536697
00bbac68_4667,12221.371271587166
00bbac68_4668,12221.356479771832
00bbac68_4669,12221.34466078983
00bbac68_4670,12221.338553311134
00bbac68_4671,12221.326140137093
00bbac68_4672,12221.318698130442
00bbac68_4673,12221.306063493097
00bbac68_4674,12221.292786028112
00bbac68_4675,12221.285637315896
00bbac68_4676,12221.274730022433
00bbac68_4677,12221.26892924074
00bbac68_4678,12221.255896695024
00bbac68_4679,12221.248829639526
00bbac68_4680,12221.238703692066
00bbac68_4681,12221.230075005671
00bbac68_4682,12221.217188080742
00bbac68_4683,12221.210935771718
00bbac68_4684,12221.198249577683
00bbac68_4685,12221.190914962464
00bbac68_4686,12221.177515213565
00bbac68_4687,12221.170732295417
00bbac68_4688,12221.158044290185
00bbac68_4689,12221.151984566844
00bbac68_4690,12221.139749306343
00bbac68_4691,12221.132919649835
00bbac68_4692,12221.119689427567
00bbac68_4693,12221.112943946066
00bbac68_4694,12221.101570010014
00bbac68_4695,12221.094696506316
00bbac68_4696,12221.086712907783
00bbac68_4697,12221.081378748158
00bbac68_4698,12221.072322243184
00bbac68_4699,12221.07123004906
00bbac68_4700,12221.069021446317
00bbac68_4701,12221.06224722994
00bbac68_4702,12221.06265765992
00bbac68_4703,12221.058151167064
00bbac68_4704,12221.053965897398
00bbac68_4705,12221.049797742407
00bbac68_4706,12221.046787044554
00bbac68_4707,12221.050408927727
00bbac68_4708,12221.054421752791
00bbac68_4709,12221.054117319762
00bbac68_4710,12221.058312358327
00bbac68_4711,12221.06265267713
00bbac68_4712,12221.061775532195
00bbac68_4713,12221.06695432655
00bbac68_4714,12221.068607087032
00bbac68_4715,12221.064081476748
00bbac68_4716,12221.064049659208
00bbac68_4717,12221.064235512715
00bbac68_4718,12221.060035407316
00bbac68_4719,12221.062715428354
00bbac68_4720,12221.066094320726
00bbac68_4721,12221.069060934162
00bbac68_4722,12221.067065392086
00bbac68_4723,12221.070257090374
00bbac68_4724,12221.074389652169
00bbac68_4725,12221.081026894404
00bbac68_4726,12221.077890484697
00bbac68_4727,12221.081270488374
00bbac68_4728,12221.087270126987
00bbac68_4729,12221.094100325034
00bbac68_4730,12221.098410380004
00bbac68_4731,12221.098169124649
00bbac68_4732,12221.103469380414
00bbac68_4733,12221.10990686034
00bbac68_4734,12221.117087391813
00bbac68_4735,12221.121894579283
00bbac68_4736,12221.123144290455
00bbac68_4737,12221.121164523327
00bbac68_4738,12221.118925452005
00bbac68_4739,12221.112044583799
00bbac68_4740,12221.110777200029
00bbac68_4741,12221.107601319909
00bbac68_4742,12221.102994833183
00bbac68_4743,12221.101334865518
00bbac68_4744,12221.099990202845
00bbac68_4745,12221.094659055598
00bbac68_4746,12221.090090874262
00bbac68_4747,12221.081743868024
00bbac68_4748,12221.071799237954
00bbac68_4749,12221.061594422144
00bbac68_4750,12221.048141962281
00bbac68_4751,12221.030397527466
00bbac68_4752,12221.013057263368
00bbac68_4753,12220.996054930753
00bbac68_4754,12220.977708755308
00bbac68_4755,12220.960158391721
00bbac68_4756,12220.94276652771
00bbac68_4757,12220.927745604447
00bbac68_4758,12220.909263569927
00bbac68_4759,12220.891267911262
00bbac68_4760,12220.876046832818
00bbac68_4761,12220.857206283876
00bbac68_4762,12220.842059267314
00bbac68_4763,12220.823785411716
00bbac68_4764,12220.80632171381
00bbac68_4765,12220.801314019605
00bbac68_4766,12220.793672321943
00bbac68_4767,12220.783556019836
00bbac68_4768,12220.773587460106
00bbac68_4769,12220.762975301106
00bbac68_4770,12220.758590414669
00bbac68_4771,12220.75348737087
00bbac68_4772,12220.747330399357
00bbac68_4773,12220.740990255596
00bbac68_4774,12220.737318474514
00bbac68_4775,12220.73799336413
00bbac68_4776,12220.73874552386
00bbac68_4777,12220.735501418869
00bbac68_4778,12220.737663443371
00bbac68_4779,12220.737431057842
00bbac68_4780,12220.735426010055
00bbac68_4781,12220.739971001294
00bbac68_4782,12220.74266934925
00bbac68_4783,12220.74131656636
00bbac68_4784,12220.744892215203
00bbac68_4785,12220.747127676474
00bbac68_4786,12220.745379948421
00bbac68_4787,12220.748977550884
00bbac68_4788,12220.748938779907
00bbac68_4789,12220.749821534047
00bbac68_4790,12220.755272755872
00bbac68_4791,12220.756869212899
00bbac68_4792,12220.760450697013
00bbac68_4793,12220.758796284714
00bbac68_4794,12220.763672975481
00bbac68_4795,12220.759741809656
00bbac68_4796,12220.755743891128
00bbac68_4797,12220.759173330587
00bbac68_4798,12220.75634702761
00bbac68_4799,12220.756259313934
00bbac68_4800,12220.753330678075
00bbac68_4801,12220.754505364202
00bbac68_4802,12220.74963683173
00bbac68_4803,12220.751001417833
00bbac68_4804,12220.749330939661
00bbac68_4805,12220.740736808875
00bbac68_4806,12220.738785103269
00bbac68_4807,12220.730907668547
00bbac68_4808,12220.728615993328
00bbac68_4809,12220.720555729167
00bbac68_4810,12220.71377654751
00bbac68_4811,12220.708896779577
00bbac68_4812,12220.701207224763
00bbac68_4813,12220.69796009335
00bbac68_4814,12220.698655542863
00bbac68_4815,12220.688846022618
00bbac68_4816,12220.686115303057
00bbac68_4817,12220.68259937523
00bbac68_4818,12220.68246306909
00bbac68_4819,12220.684589477492
00bbac68_4820,12220.682930738843
00bbac68_4821,12220.683885292689
00bbac68_4822,12220.685324257895
00bbac68_4823,12220.684049020361
00bbac68_4824,12220.684500510044
00bbac68_4825,12220.682638843513
00bbac68_4826,12220.684942558448
00bbac68_4827,12220.682459242076
00bbac68_4828,12220.684774847257
00bbac68_4829,12220.69147955074
00bbac68_4830,12220.690443330957
00bbac68_4831,12220.695729616062
00bbac68_4832,12220.702318224729
00bbac68_4833,12220.700425104646
00bbac68_4834,12220.706609300232
00bbac68_4835,12220.716371434923
00bbac68_4836,12220.72456106235
00bbac68_4837,12220.725181018799
00bbac68_4838,12220.735178438417
00bbac68_4839,12220.743975453162
00bbac68_4840,12220.752573362694
00bbac68_4841,12220.758432756818
00bbac68_4842,12220.763533997717
00bbac68_4843,12220.770356341469
00bbac68_4844,12220.781085218887
00bbac68_4845,12220.78899962702
00bbac68_4846,12220.793550619695
00bbac68_4847,12220.802837301017
00bbac68_4848,12220.813563467409
00bbac68_4849,12220.827887541034
00bbac68_4850,12220.83751653768
00bbac68_4851,12220.84338423124
00bbac68_4852,12220.854460564131
00bbac68_4853,12220.865892749307
00bbac68_4854,12220.877091037026
00bbac68_4855,12220.888483789693
00bbac68_4856,12220.89200585266
00bbac68_4857,12220.902178862809
00bbac68_4858,12220.913077860761
00bbac68_4859,12220.920400157418
00bbac68_4860,12220.929815571797
00bbac68_4861,12220.940893386038
00bbac68_4862,12220.951331076274
00bbac68_4863,12220.95657116001
00bbac68_4864,12220.965378353807
00bbac68_4865,12220.9727705242
00bbac68_4866,12220.98126446152
00bbac68_4867,12220.989953822947
00bbac68_4868,12220.993309679056
00bbac68_4869,12220.996296263605
00bbac68_4870,12220.997947196181
00bbac68_4871,12220.99541290322
00bbac68_4872,12220.9908419571
00bbac68_4873,12220.980454037453
00bbac68_4874,12220.97054253615
00bbac68_4875,12220.959232847545
00bbac68_4876,12220.953864284093
00bbac68_4877,12220.94650666894
00bbac68_4878,12220.939376545415
00bbac68_4879,12220.931069532548
00bbac68_4880,12220.91668411115
00bbac68_4881,12220.909307323467
00bbac68_4882,12220.90013819588
00bbac68_4883,12220.889182554743
00bbac68_4884,12220.881377417958
00bbac68_4885,12220.874731072294
00bbac68_4886,12220.867577800342
00bbac68_4887,12220.863026705774
00bbac68_4888,12220.855200850063
00bbac68_4889,12220.847163625866
00bbac68_4890,12220.838099569835
00bbac68_4891,12220.829113176644
00bbac68_4892,12220.821064316617
00bbac68_4893,12220.816475044132
00bbac68_4894,12220.81195880836
00bbac68_4895,12220.805657093835
00bbac68_4896,12220.802337415458
00bbac68_4897,12220.79992377736
00bbac68_4898,12220.79924545609
00bbac68_4899,12220.798784870658
00bbac68_4900,12220.80020427021
00bbac68_4901,12220.800872081065
00bbac68_4902,12220.804902707805
00bbac68_4903,12220.810490271107
00bbac68_4904,12220.815237282823
00bbac68_4905,12220.820791182301
00bbac68_4906,12220.823953969091
00bbac68_4907,12220.832883571922
00bbac68_4908,12220.837659252526
00bbac68_4909,12220.840879031475
00bbac68_4910,12220.844411861448
00bbac68_4911,12220.85153000278
00bbac68_4912,12220.855196132688
00bbac68_4913,12220.861045113948
00bbac68_4914,12220.86590863617
00bbac68_4915,12220.876141442772
00bbac68_4916,12220.88374537672
00bbac68_4917,12220.891177309266
00bbac68_4918,12220.898810358425
00bbac68_4919,12220.90742808808
00bbac68_4920,12220.911695633076
00bbac68_4921,12220.917863188224
00bbac68_4922,12220.922770303841
00bbac68_4923,12220.92585409743
00bbac68_4924,12220.930101358625
00bbac68_4925,12220.9373033218
00bbac68_4926,12220.947707174495
00bbac68_4927,12220.950834094592
00bbac68_4928,12220.957035094394
00bbac68_4929,12220.96165872852
00bbac68_4930,12220.970838188292
00bbac68_4931,12220.979035563147
00bbac68_4932,12220.98379881297
00bbac68_4933,12220.992771812671
00bbac68_4934,12220.998273020145
00bbac68_4935,12220.998953090282
00bbac68_4936,12221.001462900584
00bbac68_4937,12220.9987487213
00bbac68_4938,12220.994230856617
00bbac68_4939,12220.995380507557
00bbac68_4940,12220.993860664923
00bbac68_4941,12220.991848168605
00bbac68_4942,12220.995039405509
00bbac68_4943,12220.996114228252
00bbac68_4944,12220.996260690506
00bbac68_4945,12221.003137384097
00bbac68_4946,12221.00700238415
00bbac68_4947,12221.01736725949
00bbac68_4948,12221.025531891722
00bbac68_4949,12221.03326355208
00bbac68_4950,12221.04660750289
00bbac68_4951,12221.058634156141
00bbac68_4952,12221.074611084388
00bbac68_4953,12221.08594978164
00bbac68_4954,12221.104575547102
00bbac68_4955,12221.1171158827
00bbac68_4956,12221.136847527607
00bbac68_4957,12221.154669133806
00bbac68_4958,12221.175321020062
00bbac68_4959,12221.189077244084
00bbac68_4960,12221.211211492551
00bbac68_4961,12221.225798926222
00bbac68_4962,12221.244793514214
00bbac68_4963,12221.260980136645
00bbac68_4964,12221.280210150166
00bbac68_4965,12221.291836539087
00bbac68_4966,12221.313441561455
00bbac68_4967,12221.336639417714
00bbac68_4968,12221.360757934588
00bbac68_4969,12221.395267317832
00bbac68_4970,12221.425770196583
00bbac68_4971,12221.464378478657
00bbac68_4972,12221.505903448275
00bbac68_4973,12221.534839223234
00bbac68_4974,12221.569214021018
00bbac68_4975,12221.60122331466
00bbac68_4976,12221.635100178839
00bbac68_4977,12221.6666016132
00bbac68_4978,12221.696371595312
00bbac68_4979,12221.72633595024
00bbac68_4980,12221.754517112182
00bbac68_4981,12221.775834460805
00bbac68_4982,12221.803691203146
00bbac68_4983,12221.835924968069
00bbac68_4984,12221.867678541226
00bbac68_4985,12221.893556847974
00bbac68_4986,12221.92579770814
00bbac68_4987,12221.954922923062
00bbac68_4988,12221.98424400869
00bbac68_4989,12222.005789704464
00bbac68_4990,12222.03025404927
00bbac68_4991,12222.05277416982
00bbac68_4992,12222.0744198306
00bbac68_4993,12222.084442531008
00bbac68_4994,12222.092938666156
00bbac68_4995,12222.103627429253
00bbac68_4996,12222.112750715682
00bbac68_4997,12222.123022176896
00bbac68_4998,12222.128773275403
00bbac68_4999,12222.138803354706
00bbac68_5000,12222.145860483593
00bbac68_5001,12222.15479302478
00bbac68_5002,12222.16151234418
00bbac68_5003,12222.17116058259
00bbac68_5004,12222.18159439454
00bbac68_5005,12222.195458699145
00bbac68_5006,12222.209938946358
00bbac68_5007,12222.227034962003
00bbac68_5008,12222.241479154756
00bbac68_5009,12222.257187499152
00bbac68_5010,12222.27562258895
00bbac68_5011,12222.287162524823
00bbac68_5012,12222.306823822637
00bbac68_5013,12222.323120425819
00bbac68_5014,12222.336641082338
00bbac68_5015,12222.351258121533
00bbac68_5016,12222.35711474959
00bbac68_5017,12222.36942896238
00bbac68_5018,12222.383649058444
00bbac68_5019,12222.397770269341
00bbac68_5020,12222.412965990763
00bbac68_5021,12222.430372435334
00bbac68_5022,12222.4412472376
00bbac68_5023,12222.457537389939
00bbac68_5024,12222.476173008785
00bbac68_5025,12222.493370331176
00bbac68_5026,12222.51132682581
00bbac68_5027,12222.525256161614
00bbac68_5028,12222.542134692747
00bbac68_5029,12222.559077702954
00bbac68_5030,12222.58129796842
00bbac68_5031,12222.60086628559
00bbac68_5032,12222.615640686054
00bbac68_5033,12222.638292869036
00bbac68_5034,12222.663811901024
00bbac68_5035,12222.691240436521
00bbac68_5036,12222.722856139217
00bbac68_5037,12222.747649680736
00bbac68_5038,12222.778643677804
00bbac68_5039,12222.804664430822
00bbac68_5040,12222.828919545245
00bbac68_5041,12222.846945455425
00bbac68_5042,12222.864216251859
00bbac68_5043,12222.882304130042
00bbac68_5044,12222.898318527012
00bbac68_5045,12222.914511762861
00bbac68_5046,12222.924788395856
00bbac68_5047,12222.93621245351
00bbac68_5048,12222.95007074393
00bbac68_5049,12222.959935681061
00bbac68_5050,12222.966144253834
00bbac68_5051,12222.971451576828
00bbac68_5052,12222.976809216212
00bbac68_5053,12222.982048923823
00bbac68_5054,12222.97891188907
00bbac68_5055,12222.985094712869
00bbac68_5056,12222.990931727663
00bbac68_5057,12222.994158358115
00bbac68_5058,12222.996967500314
00bbac68_5059,12222.993785561586
00bbac68_5060,12222.995042954688
00bbac68_5061,12222.995345737061
00bbac68_5062,12222.996182488383
00bbac68_5063,12222.992268687041
00bbac68_5064,12222.992800373115
00bbac68_5065,12222.989585775676
00bbac68_5066,12222.979545258026
00bbac68_5067,12222.975864452921
00bbac68_5068,12222.97659991135
00bbac68_5069,12222.979394290598
00bbac68_5070,12222.974712037569
00bbac68_5071,12222.97391906543
00bbac68_5072,12222.974937932722
00bbac68_5073,12222.975943881063
00bbac68_5074,12222.972738084318
00bbac68_5075,12222.977847537077
00bbac68_5076,12222.98311885502
00bbac68_5077,12222.987140167736
00bbac68_5078,12222.988412869987
00bbac68_5079,12222.993393727611
00bbac68_5080,12222.998854841464
00bbac68_5081,12222.997254423024
00bbac68_5082,12223.000435431042
00bbac68_5083,12223.004251437791
00bbac68_5084,12223.010271280898
00bbac68_5085,12223.014121135786
00bbac68_5086,12223.022512102028
00bbac68_5087,12223.03077548796
00bbac68_5088,12223.035102178557
00bbac68_5089,12223.045360972754
00bbac68_5090,12223.056517488794
00bbac68_5091,12223.06512436002
00bbac68_5092,12223.079324675762
00bbac68_5093,12223.092936578862
00bbac68_5094,12223.109197115096
00bbac68_5095,12223.120620429085
00bbac68_5096,12223.137941001189
00bbac68_5097,12223.153320571917
00bbac68_5098,12223.163262855465
00bbac68_5099,12223.17804591772
00bbac68_5100,12223.195898975842
00bbac68_5101,12223.207980202315
00bbac68_5102,12223.22879998567
00bbac68_5103,12223.246774662457
00bbac68_5104,12223.261832352346
00bbac68_5105,12223.281026860343
00bbac68_5106,12223.30025616665
00bbac68_5107,12223.322182335061
00bbac68_5108,12223.337570184358
00bbac68_5109,12223.353151315438
00bbac68_5110,12223.369430081231
00bbac68_5111,12223.379893205294
00bbac68_5112,12223.395080491762
00bbac68_5113,12223.406024996102
00bbac68_5114,12223.410324640372
00bbac68_5115,12223.420347368867
00bbac68_5116,12223.431432778478
00bbac68_5117,12223.435461866804
00bbac68_5118,12223.44544725896
00bbac68_5119,12223.455401444373
00bbac68_5120,12223.459440812596
00bbac68_5121,12223.466795933942
00bbac68_5122,12223.472748298342
00bbac68_5123,12223.480407293453
00bbac68_5124,12223.479678152042
00bbac68_5125,12223.48248378096
00bbac68_5126,12223.484358967975
00bbac68_5127,12223.480872606058
00bbac68_5128,12223.484090349428
00bbac68_5129,12223.481736494048
00bbac68_5130,12223.471008947618
00bbac68_5131,12223.466901936561
00bbac68_5132,12223.469738477324
00bbac68_5133,12223.464704111255
00bbac68_5134,12223.461695223952
00bbac68_5135,12223.457404294939
00bbac68_5136,12223.45448387358
00bbac68_5137,12223.446142436489
00bbac68_5138,12223.445007167596
00bbac68_5139,12223.446108797692
00bbac68_5140,12223.442473799882
00bbac68_5141,12223.444222515584
00bbac68_5142,12223.4472766525
00bbac68_5143,12223.444899357844
00bbac68_5144,12223.446806486761
00bbac68_5145,12223.448422759706
00bbac68_5146,12223.441067917356
00bbac68_5147,12223.436755533687
00bbac68_5148,12223.435537214482
00bbac68_5149,12223.433975073793
00bbac68_5150,12223.429963571623
00bbac68_5151,12223.428959441939
00bbac68_5152,12223.426127756607
00bbac68_5153,12223.41978126271
00bbac68_5154,12223.425991529284
00bbac68_5155,12223.4341752529
00bbac68_5156,12223.434557274755
00bbac68_5157,12223.44615097795
00bbac68_5158,12223.460746062996
00bbac68_5159,12223.4699510738
00bbac68_5160,12223.482322670989
00bbac68_5161,12223.492744456356
00bbac68_5162,12223.500376051219
00bbac68_5163,12223.50113655767
00bbac68_5164,12223.506337612203
00bbac68_5165,12223.508703629877
00bbac68_5166,12223.505912156194
00bbac68_5167,12223.502734065645
00bbac68_5168,12223.498840407625
00bbac68_5169,12223.490508497101
00bbac68_5170,12223.490867390887
00bbac68_5171,12223.485942274325
00bbac68_5172,12223.478122336037
00bbac68_5173,12223.47076739591
00bbac68_5174,12223.463454186796
00bbac68_5175,12223.452893700935
00bbac68_5176,12223.44639143172
00bbac68_5177,12223.438455358975
00bbac68_5178,12223.424174823314
00bbac68_5179,12223.400011385775
00bbac68_5180,12223.388511308152
00bbac68_5181,12223.376382224524
00bbac68_5182,12223.361522102525
00bbac68_5183,12223.348821809539
00bbac68_5184,12223.335768225268
00bbac68_5185,12223.319321871913
00bbac68_5186,12223.308275403473
00bbac68_5187,12223.298326239084
00bbac68_5188,12223.287086790486
00bbac68_5189,12223.280791210182
00bbac68_5190,12223.276045698136
00bbac68_5191,12223.274727419124
00bbac68_5192,12223.263770053843
00bbac68_5193,12223.250287571054
00bbac68_5194,12223.227008312428
00bbac68_5195,12223.211093774218
00bbac68_5196,12223.203341431323
00bbac68_5197,12223.190118905546
00bbac68_5198,12223.185352771347
00bbac68_5199,12223.174710679943
00bbac68_5200,12223.172073776494
00bbac68_5201,12223.164735417282
00bbac68_5202,12223.166226223108
00bbac68_5203,12223.163138289372
00bbac68_5204,12223.169772243711
00bbac68_5205,12223.169489284079
00bbac68_5206,12223.17304697935
00bbac68_5207,12223.183720771645
00bbac68_5208,12223.190314849977
00bbac68_5209,12223.199760245196
00bbac68_5210,12223.214027316835
00bbac68_5211,12223.224988515274
00bbac68_5212,12223.238741576824
00bbac68_5213,12223.258456836373
00bbac68_5214,12223.274981625902
00bbac68_5215,12223.293527019454
00bbac68_5216,12223.311462747806
00bbac68_5217,12223.336930022931
00bbac68_5218,12223.35551653453
00bbac68_5219,12223.369967703367
00bbac68_5220,12223.385000611448
00bbac68_5221,12223.398895023533
00bbac68_5222,12223.415903591069
00bbac68_5223,12223.433277019705
00bbac68_5224,12223.449283113492
00bbac68_5225,12223.468118743775
00bbac68_5226,12223.48818669451
00bbac68_5227,12223.504762155517
00bbac68_5228,12223.523326742648
00bbac68_5229,12223.540874430017
00bbac68_5230,12223.559003228234
00bbac68_5231,12223.57458254378
00bbac68_5232,12223.592031860573
00bbac68_5233,12223.607694162096
00bbac68_5234,12223.623930269117
00bbac68_5235,12223.638687014689
00bbac68_5236,12223.655204090222
00bbac68_5237,12223.668316200525
00bbac68_5238,12223.68217217692
00bbac68_5239,12223.692520314169
00bbac68_5240,12223.709212714413
00bbac68_5241,12223.721884773726
00bbac68_5242,12223.73288138176
00bbac68_5243,12223.73780812799
00bbac68_5244,12223.749254078113
00bbac68_5245,12223.76009867822
00bbac68_5246,12223.767978034259
00bbac68_5247,12223.773328657971
00bbac68_5248,12223.77822669792
00bbac68_5249,12223.779856185673
00bbac68_5250,12223.77347881098
00bbac68_5251,12223.769209192866
00bbac68_5252,12223.760964013874
00bbac68_5253,12223.755358166034
00bbac68_5254,12223.742952571547
00bbac68_5255,12223.738354947738
00bbac68_5256,12223.72783988019
00bbac68_5257,12223.72108126098
00bbac68_5258,12223.708804543723
00bbac68_5259,12223.69897557523
00bbac68_5260,12223.682937600397
00bbac68_5261,12223.671638810203
00bbac68_5262,12223.65566958148
00bbac68_5263,12223.644764542125
00bbac68_5264,12223.623481453724
00bbac68_5265,12223.60468200827
00bbac68_5266,12223.591993722464
00bbac68_5267,12223.572309088468
00bbac68_5268,12223.553708113024
00bbac68_5269,12223.538484910718
00bbac68_5270,12223.526390845807
00bbac68_5271,12223.509611506915
00bbac68_5272,12223.490721083283
00bbac68_5273,12223.47102044116
00bbac68_5274,12223.457389971383
00bbac68_5275,12223.436165196446
00bbac68_5276,12223.416295349443
00bbac68_5277,12223.396296716988
00bbac68_5278,12223.378495216231
00bbac68_5279,12223.362239315382
00bbac68_5280,12223.34269986776
00bbac68_5281,12223.324923983804
00bbac68_5282,12223.306847498437
00bbac68_5283,12223.289160651413
00bbac68_5284,12223.272663352065
00bbac68_5285,12223.2585109669
00bbac68_5286,12223.244226422314
00bbac68_5287,12223.22927322187
00bbac68_5288,12223.21692237402
00bbac68_5289,12223.198601783068
00bbac68_5290,12223.18207163217
00bbac68_5291,12223.164788873864
00bbac68_5292,12223.148252097257
00bbac68_5293,12223.13346525998
00bbac68_5294,12223.120443880118
00bbac68_5295,12223.108671162337
00bbac68_5296,12223.0980335151
00bbac68_5297,12223.085863658343
00bbac68_5298,12223.075147951544
00bbac68_5299,12223.064276571113
00bbac68_5300,12223.054202038365
00bbac68_5301,12223.045689964376
00bbac68_5302,12223.040239990307
00bbac68_5303,12223.029633720766
00bbac68_5304,12223.017848469677
00bbac68_5305,12223.00604752755
00bbac68_5306,12222.99662626444
00bbac68_5307,12222.984943232012
00bbac68_5308,12222.971719263078
00bbac68_5309,12222.958516088429
00bbac68_5310,12222.952368145
00bbac68_5311,12222.941435713408
00bbac68_5312,12222.933299370954
00bbac68_5313,12222.925043444786
00bbac68_5314,12222.916022822114
00bbac68_5315,12222.90731199588
00bbac68_5316,12222.904950472413
00bbac68_5317,12222.898705132358
00bbac68_5318,12222.89139752919
00bbac68_5319,12222.884772688652
00bbac68_5320,12222.880761728853
00bbac68_5321,12222.87710958292
00bbac68_5322,12222.87767312289
00bbac68_5323,12222.873912786808
00bbac68_5324,12222.866653210029
00bbac68_5325,12222.858301974658
00bbac68_5326,12222.855794345625
00bbac68_5327,12222.850226919127
00bbac68_5328,12222.847366456546
00bbac68_5329,12222.842284982153
00bbac68_5330,12222.837784673793
00bbac68_5331,12222.838580496114
00bbac68_5332,12222.836545424136
00bbac68_5333,12222.836815107958
00bbac68_5334,12222.83606103951
00bbac68_5335,12222.840796232605
00bbac68_5336,12222.83788224505
00bbac68_5337,12222.834903263894
00bbac68_5338,12222.83739942712
00bbac68_5339,12222.83810785797
00bbac68_5340,12222.836551581899
00bbac68_5341,12222.835388349766
00bbac68_5342,12222.840415617768
00bbac68_5343,12222.8393197292
00bbac68_5344,12222.83807958373
00bbac68_5345,12222.838116761694
00bbac68_5346,12222.83086716311
00bbac68_5347,12222.82294028995
00bbac68_5348,12222.822814964095
00bbac68_5349,12222.821022315924
00bbac68_5350,12222.819441141006
00bbac68_5351,12222.823931929026
00bbac68_5352,12222.821288779374
00bbac68_5353,12222.818528463202
00bbac68_5354,12222.822506237735
00bbac68_5355,12222.824009225882
00bbac68_5356,12222.823611007494
00bbac68_5357,12222.826693297695
00bbac68_5358,12222.824941849387
00bbac68_5359,12222.826507115486
00bbac68_5360,12222.821198994818
00bbac68_5361,12222.812236548336
00bbac68_5362,12222.805945883683
00bbac68_5363,12222.794295235042
00bbac68_5364,12222.787836374418
00bbac68_5365,12222.776256938923
00bbac68_5366,12222.764773664916
00bbac68_5367,12222.756553051753
00bbac68_5368,12222.7432355924
00bbac68_5369,12222.736607574228
00bbac68_5370,12222.725471969761
00bbac68_5371,12222.71479891107
00bbac68_5372,12222.707732813527
00bbac68_5373,12222.696351715076
00bbac68_5374,12222.689201963121
00bbac68_5375,12222.679930056214
00bbac68_5376,12222.676921028888
00bbac68_5377,12222.665071662832
00bbac68_5378,12222.658164663386
00bbac68_5379,12222.643106046478
00bbac68_5380,12222.62779540466
00bbac68_5381,12222.6170319107
00bbac68_5382,12222.601797897223
00bbac68_5383,12222.585815968476
00bbac68_5384,12222.571572887511
00bbac68_5385,12222.553752318887
00bbac68_5386,12222.53563357564
00bbac68_5387,12222.519039718865
00bbac68_5388,12222.500765916753
00bbac68_5389,12222.482114609262
00bbac68_5390,12222.463602465763
00bbac68_5391,12222.445537773345
00bbac68_5392,12222.425556736122
00bbac68_5393,12222.405174513951
00bbac68_5394,12222.384676709711
00bbac68_5395,12222.361919557032
00bbac68_5396,12222.340487683767
00bbac68_5397,12222.3203110219
00bbac68_5398,12222.294663918383
00bbac68_5399,12222.275187560921
00bbac68_5400,12222.253105647578
00bbac68_5401,12222.230120735747
00bbac68_5402,12222.202477735318
00bbac68_5403,12222.182637212778
00bbac68_5404,12222.154384670135
00bbac68_5405,12222.132811241148
00bbac68_5406,12222.104277819464
00bbac68_5407,12222.084445301007
00bbac68_5408,12222.060038210253
00bbac68_5409,12222.041543696887
00bbac68_5410,12222.015598274193
00bbac68_5411,12221.982166764004
00bbac68_5412,12221.952928854907
00bbac68_5413,12221.922002520372
00bbac68_5414,12221.893469266804
00bbac68_5415,12221.86042095953
00bbac68_5416,12221.828615434337
00bbac68_5417,12221.802355624823
00bbac68_5418,12221.770815930155
00bbac68_5419,12221.737714655701
00bbac68_5420,12221.706939025698
00bbac68_5421,12221.676713719015
00bbac68_5422,12221.648374342507
00bbac68_5423,12221.614362558576
00bbac68_5424,12221.587120025288
00bbac68_5425,12221.561394380564
00bbac68_5426,12221.53394448572
00bbac68_5427,12221.507039362376
00bbac68_5428,12221.472864937014
00bbac68_5429,12221.44429932781
00bbac68_5430,12221.417763392594
00bbac68_5431,12221.384031821803
00bbac68_5432,12221.359005373746
00bbac68_5433,12221.331278952688
00bbac68_5434,12221.29970047962
00bbac68_5435,12221.274735324143
00bbac68_5436,12221.247339193003
00bbac68_5437,12221.224054366456
00bbac68_5438,12221.195736740763
00bbac68_5439,12221.169333424376
00bbac68_5440,12221.150902007139
00bbac68_5441,12221.128673309888
00bbac68_5442,12221.104457466885
00bbac68_5443,12221.081745647516
00bbac68_5444,12221.064433354626
00bbac68_5445,12221.046762226242
00bbac68_5446,12221.028950416145
00bbac68_5447,12221.012423700524
00bbac68_5448,12220.995542820749
00bbac68_5449,12220.978408699433
00bbac68_5450,12220.961372598707
00bbac68_5451,12220.94603750459
00bbac68_5452,12220.927974724675
00bbac68_5453,12220.90912836247
00bbac68_5454,12220.892244330833
00bbac68_5455,12220.868448870373
00bbac68_5456,12220.852466597073
00bbac68_5457,12220.832623884779
00bbac68_5458,12220.81447079376
00bbac68_5459,12220.790400624726
00bbac68_5460,12220.773262584655
00bbac68_5461,12220.75866711865
00bbac68_5462,12220.738227221216
00bbac68_5463,12220.721289840916
00bbac68_5464,12220.695818154782
00bbac68_5465,12220.675349202602
00bbac68_5466,12220.649170480521
00bbac68_5467,12220.62226130407
00bbac68_5468,12220.595541026225
00bbac68_5469,12220.561922130895
00bbac68_5470,12220.52531987763
00bbac68_5471,12220.492528518196
00bbac68_5472,12220.454654818699
00bbac68_5473,12220.416305900708
00bbac68_5474,12220.374444969159
00bbac68_5475,12220.332984878076
00bbac68_5476,12220.28825943084
00bbac68_5477,12220.241555893514
00bbac68_5478,12220.19337477662
00bbac68_5479,12220.148612479457
00bbac68_5480,12220.098602745937
00bbac68_5481,12220.047395730777
00bbac68_5482,12219.993661276934
00bbac68_5483,12219.938771500128
00bbac68_5484,12219.888700780815
00bbac68_5485,12219.835793527724
00bbac68_5486,12219.779572639161
00bbac68_5487,12219.722239009403
00bbac68_5488,12219.66872923878
00bbac68_5489,12219.610797854191
00bbac68_5490,12219.554455606252
00bbac68_5491,12219.495580100236
00bbac68_5492,12219.437719269854
00bbac68_5493,12219.386414589311
00bbac68_5494,12219.331131482824
00bbac68_5495,12219.278231611133
00bbac68_5496,12219.22325153788
00bbac68_5497,12219.166317239988
00bbac68_5498,12219.117329599621
00bbac68_5499,12219.066358093609
00bbac68_5500,12219.0188990196
00bbac68_5501,12218.972567236167
00bbac68_5502,12218.929448131501
00bbac68_5503,12218.8933826996
00bbac68_5504,12218.853051309106
00bbac68_5505,12218.8150389773
00bbac68_5506,12218.775322881193
00bbac68_5507,12218.737272544919
00bbac68_5508,12218.705510872263
00bbac68_5509,12218.670751310281
00bbac68_5510,12218.636112560036
00bbac68_5511,12218.600875255106
00bbac68_5512,12218.565861051382
00bbac68_5513,12218.530786116404
00bbac68_5514,12218.504547124794
00bbac68_5515,12218.4759389243
00bbac68_5516,12218.4472788725
00bbac68_5517,12218.41879761965
00bbac68_5518,12218.390972625759
00bbac68_5519,12218.362903514673
00bbac68_5520,12218.34390762873
00bbac68_5521,12218.314625011826
00bbac68_5522,12218.28393040847
00bbac68_5523,12218.250226840786
00bbac68_5524,12218.21635708542
00bbac68_5525,12218.185024570317
00bbac68_5526,12218.155456270953
00bbac68_5527,12218.119500026558
00bbac68_5528,12218.08257055152
00bbac68_5529,12218.043855310165
00bbac68_5530,12218.005786389314
00bbac68_5531,12217.964397608337
00bbac68_5532,12217.922690727213
00bbac68_5533,12217.885959320876
00bbac68_5534,12217.843966788969
00bbac68_5535,12217.804041616027
00bbac68_5536,12217.761219559403
00bbac68_5537,12217.71839277789
00bbac68_5538,12217.67272629273
00bbac68_5539,12217.6257475661
00bbac68_5540,12217.585436623214
00bbac68_5541,12217.536483918677
00bbac68_5542,12217.486438090222
00bbac68_5543,12217.435100346956
00bbac68_5544,12217.382809162975
00bbac68_5545,12217.330223238016
00bbac68_5546,12217.275581085953
00bbac68_5547,12217.219122850815
00bbac68_5548,12217.167530526873
00bbac68_5549,12217.1099855735
00bbac68_5550,12217.055388646311
00bbac68_5551,12216.998052977733
00bbac68_5552,12216.93985323003
00bbac68_5553,12216.881211186432
00bbac68_5554,12216.820937920233
00bbac68_5555,12216.762427155132
00bbac68_5556,12216.70202246198
00bbac68_5557,12216.649102853378
00bbac68_5558,12216.591146595356
00bbac68_5559,12216.534453415534
00bbac68_5560,12216.480760680184
00bbac68_5561,12216.425013484562
00bbac68_5562,12216.370324849127
00bbac68_5563,12216.315065457227
00bbac68_5564,12216.26083904118
00bbac68_5565,12216.21246880568
00bbac68_5566,12216.1631343394
00bbac68_5567,12216.114472552646
00bbac68_5568,12216.067532526311
00bbac68_5569,12216.027916949046
00bbac68_5570,12215.981683951248
00bbac68_5571,12215.934135043095
00bbac68_5572,12215.888110102544
00bbac68_5573,12215.843518157508
00bbac68_5574,12215.800508482602
00bbac68_5575,12215.758304302639
00bbac68_5576,12215.716495800636
00bbac68_5577,12215.67416359319
00bbac68_5578,12215.628021672175
00bbac68_5579,12215.589932292598
00bbac68_5580,12215.55055085494
00bbac68_5581,12215.512719866738
00bbac68_5582,12215.474155601798
00bbac68_5583,12215.436372527787
00bbac68_5584,12215.40183194168
00bbac68_5585,12215.367294167489
00bbac68_5586,12215.328591128107
00bbac68_5587,12215.296962079341
00bbac68_5588,12215.26596008498
00bbac68_5589,12215.238236102266
00bbac68_5590,12215.208418896409
00bbac68_5591,12215.173304777523
00bbac68_5592,12215.139682273233
00bbac68_5593,12215.101122885773
00bbac68_5594,12215.06622133368
00bbac68_5595,12215.024403510437
00bbac68_5596,12214.98813137991
00bbac68_5597,12214.954582656588
00bbac68_5598,12214.914200116731
00bbac68_5599,12214.87875684692
00bbac68_5600,12214.839499259659
00bbac68_5601,12214.79583119834
00bbac68_5602,12214.752558541857
00bbac68_5603,12214.707209424652
00bbac68_5604,12214.655995370042
00bbac68_5605,12214.607803493793
00bbac68_5606,12214.55214190307
00bbac68_5607,12214.498611818779
00bbac68_5608,12214.4415812661
00bbac68_5609,12214.379456902789
00bbac68_5610,12214.324692745897
00bbac68_5611,12214.265695780614
00bbac68_5612,12214.212989249962
00bbac68_5613,12214.156878695041
00bbac68_5614,12214.106223605024
00bbac68_5615,12214.051261220677
00bbac68_5616,12213.99556310026
00bbac68_5617,12213.942514705472
00bbac68_5618,12213.877748389146
00bbac68_5619,12213.817014455739
00bbac68_5620,12213.749075314727
00bbac68_5621,12213.68190605657
00bbac68_5622,12213.618316810034
00bbac68_5623,12213.546703101838
00bbac68_5624,12213.48324284561
00bbac68_5625,12213.412131988029
00bbac68_5626,12213.34111083984
00bbac68_5627,12213.272170441915
00bbac68_5628,12213.21071909264
00bbac68_5629,12213.155008750258
00bbac68_5630,12213.102349929943
00bbac68_5631,12213.06244828864
00bbac68_5632,12213.018990038376
00bbac68_5633,12212.973672449185
00bbac68_5634,12212.932240524286
00bbac68_5635,12212.893757931819
00bbac68_5636,12212.863211140571
00bbac68_5637,12212.830071446126
00bbac68_5638,12212.79672194097
00bbac68_5639,12212.766932608165
00bbac68_5640,12212.733646907003
00bbac68_5641,12212.696986502906
00bbac68_5642,12212.660479844486
00bbac68_5643,12212.628032534401
00bbac68_5644,12212.59197229641
00bbac68_5645,12212.55252409662
00bbac68_5646,12212.50671765922
00bbac68_5647,12212.456378329529
00bbac68_5648,12212.401219778418
00bbac68_5649,12212.346572474016
00bbac68_5650,12212.2867072712
00bbac68_5651,12212.226655229233
00bbac68_5652,12212.164320746044
00bbac68_5653,12212.10262905437
00bbac68_5654,12212.042831649105
00bbac68_5655,12211.976826420367
00bbac68_5656,12211.90933617541
00bbac68_5657,12211.839242032147
00bbac68_5658,12211.762972780078
00bbac68_5659,12211.69117772234
00bbac68_5660,12211.618145832235
00bbac68_5661,12211.544568055338
00bbac68_5662,12211.47025399024
00bbac68_5663,12211.396369758295
00bbac68_5664,12211.322226472374
00bbac68_5665,12211.238199824424
00bbac68_5666,12211.156213281967
00bbac68_5667,12211.075421860403
00bbac68_5668,12210.9920448728
00bbac68_5669,12210.91043412885
00bbac68_5670,12210.827526496534
00bbac68_5671,12210.736363706368
00bbac68_5672,12210.648578949658
00bbac68_5673,12210.561899583456
00bbac68_5674,12210.478226251482
00bbac68_5675,12210.392368781264
00bbac68_5676,12210.305550059442
00bbac68_5677,12210.22549170238
00bbac68_5678,12210.146630730316
00bbac68_5679,12210.072158752706
00bbac68_5680,12209.994850867199
00bbac68_5681,12209.912646395696
00bbac68_5682,12209.836344220352
00bbac68_5683,12209.763374155715
00bbac68_5684,12209.690823812434
00bbac68_5685,12209.61650114381
00bbac68_5686,12209.548754035104
00bbac68_5687,12209.482902701926
00bbac68_5688,12209.418969228998
00bbac68_5689,12209.352443588992
00bbac68_5690,12209.2903052654
00bbac68_5691,12209.228767061546
00bbac68_5692,12209.163987874028
00bbac68_5693,12209.105237228101
00bbac68_5694,12209.046939717497
00bbac68_5695,12208.988041661705
00bbac68_5696,12208.923205062518
00bbac68_5697,12208.863935958274
00bbac68_5698,12208.809782076994
00bbac68_5699,12208.750935445183
00bbac68_5700,12208.697412777099
00bbac68_5701,12208.648234801743
00bbac68_5702,12208.59580113078
00bbac68_5703,12208.55211917702
00bbac68_5704,12208.50468020192
00bbac68_5705,12208.4529739549
00bbac68_5706,12208.405635491954
00bbac68_5707,12208.361752539971
00bbac68_5708,12208.31191028294
00bbac68_5709,12208.267699396827
00bbac68_5710,12208.21865001383
00bbac68_5711,12208.165807883477
00bbac68_5712,12208.11281688057
00bbac68_5713,12208.056767107424
00bbac68_5714,12208.003608598421
00bbac68_5715,12207.949001503504
00bbac68_5716,12207.889155186329
00bbac68_5717,12207.83218765957
00bbac68_5718,12207.775384058728
00bbac68_5719,12207.720416034888
00bbac68_5720,12207.670322431237
00bbac68_5721,12207.612306279778
00bbac68_5722,12207.559146498443
00bbac68_5723,12207.504521476176
00bbac68_5724,12207.455321159843
00bbac68_5725,12207.400536610929
00bbac68_5726,12207.352487183533
00bbac68_5727,12207.30642065624
00bbac68_5728,12207.246314132188
00bbac68_5729,12207.191729120748
00bbac68_5730,12207.131673655287
00bbac68_5731,12207.071306155007
00bbac68_5732,12207.006721488375
00bbac68_5733,12206.949796050107
00bbac68_5734,12206.89104802093
00bbac68_5735,12206.839395768573
00bbac68_5736,12206.781031927776
00bbac68_5737,12206.728077941812
00bbac68_5738,12206.673151711486
00bbac68_5739,12206.623005450921
00bbac68_5740,12206.572769810853
00bbac68_5741,12206.52933652925
00bbac68_5742,12206.477750662514
00bbac68_5743,12206.433130788844
00bbac68_5744,12206.380270909962
00bbac68_5745,12206.331324584811
00bbac68_5746,12206.278401858472
00bbac68_5747,12206.227994471847
00bbac68_5748,12206.174867261154
00bbac68_5749,12206.121410331325
00bbac68_5750,12206.063631848147
00bbac68_5751,12206.002612267743
00bbac68_5752,12205.950959741276
00bbac68_5753,12205.89249796149
00bbac68_5754,12205.833925333041
00bbac68_5755,12205.788827371565
00bbac68_5756,12205.7449128913
00bbac68_5757,12205.70554267897
00bbac68_5758,12205.663776836805
00bbac68_5759,12205.626673228622
00bbac68_5760,12205.586926174761
00bbac68_5761,12205.550744813578
00bbac68_5762,12205.50873084789
00bbac68_5763,12205.46742798394
00bbac68_5764,12205.427515186204
00bbac68_5765,12205.38283262464
00bbac68_5766,12205.339789787042
00bbac68_5767,12205.297545621786
00bbac68_5768,12205.259637530107
00bbac68_5769,12205.22259582109
00bbac68_5770,12205.185219615445
00bbac68_5771,12205.146191415974
00bbac68_5772,12205.111487157048
00bbac68_5773,12205.078654411547
00bbac68_5774,12205.037590486685
00bbac68_5775,12205.00365638842
00bbac68_5776,12204.961183855425
00bbac68_5777,12204.91784945894
00bbac68_5778,12204.873182170635
00bbac68_5779,12204.829964170538
00bbac68_5780,12204.780309061549
00bbac68_5781,12204.736313082105
00bbac68_5782,12204.68809599153
00bbac68_5783,12204.636729105034
00bbac68_5784,12204.587303027727
00bbac68_5785,12204.52530089785
00bbac68_5786,12204.468140152116
00bbac68_5787,12204.412646583698
00bbac68_5788,12204.347979217859
00bbac68_5789,12204.295443518833
00bbac68_5790,12204.246613011337
00bbac68_5791,12204.18685618591
00bbac68_5792,12204.128920936744
00bbac68_5793,12204.070136805905
00bbac68_5794,12204.00259100382
00bbac68_5795,12203.940637738595
00bbac68_5796,12203.877777625934
00bbac68_5797,12203.80737128306
00bbac68_5798,12203.742289662474
00bbac68_5799,12203.671968150556
00bbac68_5800,12203.596113305928
00bbac68_5801,12203.52392867856
00bbac68_5802,12203.454483015646
00bbac68_5803,12203.385332722522
00bbac68_5804,12203.309721199277
00bbac68_5805,12203.240008409704
00bbac68_5806,12203.165457288145
00bbac68_5807,12203.07997332378
00bbac68_5808,12202.993108323044
00bbac68_5809,12202.911072008912
00bbac68_5810,12202.830635454884
00bbac68_5811,12202.75085958674
00bbac68_5812,12202.668098826605
00bbac68_5813,12202.590118470118
00bbac68_5814,12202.512571475552
00bbac68_5815,12202.437733153036
00bbac68_5816,12202.366487319217
00bbac68_5817,12202.287835041836
00bbac68_5818,12202.216339207189
00bbac68_5819,12202.149512297703
00bbac68_5820,12202.081392042906
00bbac68_5821,12202.017265026403
00bbac68_5822,12201.956591347633
00bbac68_5823,12201.887660573668
00bbac68_5824,12201.830442369655
00bbac68_5825,12201.771660298364
00bbac68_5826,12201.710904790856
00bbac68_5827,12201.6544837547
00bbac68_5828,12201.601494772529
00bbac68_5829,12201.5459869573
00bbac68_5830,12201.494956707627
00bbac68_5831,12201.437807407212
00bbac68_5832,12201.388117337954
00bbac68_5833,12201.338558616213
00bbac68_5834,12201.289129345398
00bbac68_5835,12201.247357414908
00bbac68_5836,12201.207903051909
00bbac68_5837,12201.167857708473
00bbac68_5838,12201.132073656765
00bbac68_5839,12201.096413634808
00bbac68_5840,12201.061372482665
00bbac68_5841,12201.025131081775
00bbac68_5842,12200.991089299805
00bbac68_5843,12200.958623364906
00bbac68_5844,12200.927643284382
00bbac68_5845,12200.896711051588
00bbac68_5846,12200.866521676076
00bbac68_5847,12200.837601224579
00bbac68_5848,12200.803975176723
00bbac68_5849,12200.763723573702
00bbac68_5850,12200.723701284554
00bbac68_5851,12200.68185643106
00bbac68_5852,12200.637315240407
00bbac68_5853,12200.593563665527
00bbac68_5854,12200.551842785386
00bbac68_5855,12200.508879722245
00bbac68_5856,12200.467303791143
00bbac68_5857,12200.425966797215
00bbac68_5858,12200.383040647623
00bbac68_5859,12200.341351088211
00bbac68_5860,12200.3054528627
00bbac68_5861,12200.275258488913
00bbac68_5862,12200.244972797012
00bbac68_5863,12200.21389841048
00bbac68_5864,12200.179198995014
00bbac68_5865,12200.144161633953
00bbac68_5866,12200.105554958258
00bbac68_5867,12200.072825128313
00bbac68_5868,12200.035202555853
00bbac68_5869,12199.993771115307
00bbac68_5870,12199.955358109442
00bbac68_5871,12199.909854661044
00bbac68_5872,12199.86008658912
00bbac68_5873,12199.817375737686
00bbac68_5874,12199.771380206603
00bbac68_5875,12199.725719463486
00bbac68_5876,12199.694262517889
00bbac68_5877,12199.660067539164
00bbac68_5878,12199.627482641863
00bbac68_5879,12199.593498037408
00bbac68_5880,12199.565356096347
00bbac68_5881,12199.530024832431
00bbac68_5882,12199.502322868917
00bbac68_5883,12199.46875252603
00bbac68_5884,12199.434130336798
00bbac68_5885,12199.39543875169
00bbac68_5886,12199.358354475706
00bbac68_5887,12199.31622968967
00bbac68_5888,12199.276893064487
00bbac68_5889,12199.231540534765
00bbac68_5890,12199.180874379555
00bbac68_5891,12199.132596626323
00bbac68_5892,12199.085675999344
00bbac68_5893,12199.035739851568
00bbac68_5894,12198.99105350006
00bbac68_5895,12198.94466006995
00bbac68_5896,12198.895945628417
00bbac68_5897,12198.850934296674
00bbac68_5898,12198.804498412517
00bbac68_5899,12198.761715299912
00bbac68_5900,12198.713303050488
00bbac68_5901,12198.669763333568
00bbac68_5902,12198.631785220394
00bbac68_5903,12198.59321097913
00bbac68_5904,12198.552746675436
00bbac68_5905,12198.511231524313
00bbac68_5906,12198.474169449477
00bbac68_5907,12198.434539438946
00bbac68_5908,12198.395774446515
00bbac68_5909,12198.355827930014
00bbac68_5910,12198.315182776278
00bbac68_5911,12198.275232663978
00bbac68_5912,12198.231127086454
00bbac68_5913,12198.188655428192
00bbac68_5914,12198.150056916815
00bbac68_5915,12198.112320173786
00bbac68_5916,12198.077248474832
00bbac68_5917,12198.037939376547
00bbac68_5918,12197.994237245599
00bbac68_5919,12197.94731432805
00bbac68_5920,12197.900812841926
00bbac68_5921,12197.851130304562
00bbac68_5922,12197.802959911804
00bbac68_5923,12197.757970357525
00bbac68_5924,12197.713330645158
00bbac68_5925,12197.670423359374
00bbac68_5926,12197.633356203172
00bbac68_5927,12197.587488878313
00bbac68_5928,12197.546960377042
00bbac68_5929,12197.510899082525
00bbac68_5930,12197.47723874416
00bbac68_5931,12197.452042304394
00bbac68_5932,12197.41753828201
00bbac68_5933,12197.374113869548
00bbac68_5934,12197.32918021742
00bbac68_5935,12197.28961766195
00bbac68_5936,12197.241673695922
00bbac68_5937,12197.194269181302
00bbac68_5938,12197.150927277475
00bbac68_5939,12197.10378505561
00bbac68_5940,12197.058701120206
00bbac68_5941,12197.018236797974
00bbac68_5942,12196.976475579957
00bbac68_5943,12196.934523346312
00bbac68_5944,12196.897465701662
00bbac68_5945,12196.857770263196
00bbac68_5946,12196.822514365302
00bbac68_5947,12196.782579902772
00bbac68_5948,12196.741880858774
00bbac68_5949,12196.705113620152
00bbac68_5950,12196.66092555907
00bbac68_5951,12196.621893832224
00bbac68_5952,12196.588538591895
00bbac68_5953,12196.548015540939
00bbac68_5954,12196.510842087322
00bbac68_5955,12196.481720361564
00bbac68_5956,12196.444046518885
00bbac68_5957,12196.411061389546
00bbac68_5958,12196.384330589528
00bbac68_5959,12196.350360842269
00bbac68_5960,12196.318748130338
00bbac68_5961,12196.29845167603
00bbac68_5962,12196.272504659555
00bbac68_5963,12196.251585727172
00bbac68_5964,12196.236616185044
00bbac68_5965,12196.21595819194
00bbac68_5966,12196.197025280046
00bbac68_5967,12196.180973815142
00bbac68_5968,12196.15892040348
00bbac68_5969,12196.136502573332
00bbac68_5970,12196.10967876813
00bbac68_5971,12196.089432095818
00bbac68_5972,12196.069246723042
00bbac68_5973,12196.044988306128
00bbac68_5974,12196.015753579672
00bbac68_5975,12195.987129145497
00bbac68_5976,12195.944230743986
00bbac68_5977,12195.903391503249
00bbac68_5978,12195.861192988405
00bbac68_5979,12195.825443129204
00bbac68_5980,12195.78660151408
00bbac68_5981,12195.747245346636
00bbac68_5982,12195.709086930083
00bbac68_5983,12195.672511133282
00bbac68_5984,12195.642942851533
00bbac68_5985,12195.605922438202
00bbac68_5986,12195.572355493892
00bbac68_5987,12195.542455596296
00bbac68_5988,12195.514643666145
00bbac68_5989,12195.489879800738
00bbac68_5990,12195.460148307444
00bbac68_5991,12195.428188398495
00bbac68_5992,12195.395222559619
00bbac68_5993,12195.36411002308
00bbac68_5994,12195.33205628395
00bbac68_5995,12195.303460493993
00bbac68_5996,12195.278560722105
00bbac68_5997,12195.24892964451
00bbac68_5998,12195.221723174152
00bbac68_5999,12195.192745859193
00bbac68_6000,12195.16497848554
00bbac68_6001,12195.136250345397
00bbac68_6002,12195.104616258923
00bbac68_6003,12195.074730686501
00bbac68_6004,12195.051601157942
00bbac68_6005,12195.019381589347
00bbac68_6006,12194.988955840347
00bbac68_6007,12194.955404411841
00bbac68_6008,12194.919252371017
00bbac68_6009,12194.887641863881
00bbac68_6010,12194.857174305
00bbac68_6011,12194.828079033916
00bbac68_6012,12194.799129566461
00bbac68_6013,12194.771182607874
00bbac68_6014,12194.739423679319
00bbac68_6015,12194.707826677875
00bbac68_6016,12194.675675524046
00bbac68_6017,12194.642159958357
00bbac68_6018,12194.614859075431
00bbac68_6019,12194.58317928241
00bbac68_6020,12194.548802288486
00bbac68_6021,12194.513087657515
00bbac68_6022,12194.472584517793
00bbac68_6023,12194.42579986707
00bbac68_6024,12194.379622469953
00bbac68_6025,12194.329847982048
00bbac68_6026,12194.281077934636
00bbac68_6027,12194.2331890254
00bbac68_6028,12194.18548264637
00bbac68_6029,12194.139992003686
00bbac68_6030,12194.093982031576
00bbac68_6031,12194.04814751384
00bbac68_6032,12194.006631196748
00bbac68_6033,12193.959071832513
00bbac68_6034,12193.915086609162
00bbac68_6035,12193.874443684406
00bbac68_6036,12193.833058198608
00bbac68_6037,12193.788446621144
00bbac68_6038,12193.746510913794
00bbac68_6039,12193.704459342798
00bbac68_6040,12193.657732790783
00bbac68_6041,12193.615009615623
00bbac68_6042,12193.574209755945
00bbac68_6043,12193.530829834075
00bbac68_6044,12193.4901986939
00bbac68_6045,12193.449162275258
00bbac68_6046,12193.40774236252
00bbac68_6047,12193.368454048486
00bbac68_6048,12193.330429506124
00bbac68_6049,12193.292509428251
00bbac68_6050,12193.25582916813
00bbac68_6051,12193.21804913962
00bbac68_6052,12193.175787078257
00bbac68_6053,12193.134285523602
00bbac68_6054,12193.090560769268
00bbac68_6055,12193.047942761401
00bbac68_6056,12193.005190936783
00bbac68_6057,12192.959539468746
00bbac68_6058,12192.914681605707
00bbac68_6059,12192.868982508247
00bbac68_6060,12192.817388568867
00bbac68_6061,12192.767512282462
00bbac68_6062,12192.712905262237
00bbac68_6063,12192.665257191784
00bbac68_6064,12192.624311469874
00bbac68_6065,12192.583205310679
00bbac68_6066,12192.54193495926
00bbac68_6067,12192.503710106026
00bbac68_6068,12192.46595904031
00bbac68_6069,12192.42660017396
00bbac68_6070,12192.390342383078
00bbac68_6071,12192.354914080297
00bbac68_6072,12192.317581442085
00bbac68_6073,12192.28569957572
00bbac68_6074,12192.258718402734
00bbac68_6075,12192.2289186535
00bbac68_6076,12192.200622424229
00bbac68_6077,12192.17191942639
00bbac68_6078,12192.13982848027
00bbac68_6079,12192.112074179404
00bbac68_6080,12192.087458012555
00bbac68_6081,12192.063902204072
00bbac68_6082,12192.047608966855
00bbac68_6083,12192.035163038618
00bbac68_6084,12192.020347192394
00bbac68_6085,12192.005931052114
00bbac68_6086,12191.987051282085
00bbac68_6087,12191.96864358295
00bbac68_6088,12191.94677751929
00bbac68_6089,12191.915105346967
00bbac68_6090,12191.885784041315
00bbac68_6091,12191.860967714201
00bbac68_6092,12191.831434113083
00bbac68_6093,12191.800673522677
00bbac68_6094,12191.770417448282
00bbac68_6095,12191.737051735607
00bbac68_6096,12191.710780457255
00bbac68_6097,12191.684993338404
00bbac68_6098,12191.65622261573
00bbac68_6099,12191.630345463302
00bbac68_6100,12191.603083230028
00bbac68_6101,12191.575169531836
00bbac68_6102,12191.546594431267
00bbac68_6103,12191.515042584422
00bbac68_6104,12191.480093831298
00bbac68_6105,12191.445067785195
00bbac68_6106,12191.411603523085
00bbac68_6107,12191.375796410422
00bbac68_6108,12191.339135215872
00bbac68_6109,12191.299288797087
00bbac68_6110,12191.257671797062
00bbac68_6111,12191.21811974031
00bbac68_6112,12191.178273984264
00bbac68_6113,12191.13944579485
00bbac68_6114,12191.101009185328
00bbac68_6115,12191.06521531042
00bbac68_6116,12191.034920605984
00bbac68_6117,12191.00402580394
00bbac68_6118,12190.971945888139
00bbac68_6119,12190.944008463168
00bbac68_6120,12190.918134481457
00bbac68_6121,12190.890214452334
00bbac68_6122,12190.86228612877
00bbac68_6123,12190.83179249631
00bbac68_6124,12190.793484281094
00bbac68_6125,12190.748892819913
00bbac68_6126,12190.708163846317
00bbac68_6127,12190.655027557168
00bbac68_6128,12190.610261951235
00bbac68_6129,12190.566375051796
00bbac68_6130,12190.522308042771
00bbac68_6131,12190.481270847742
00bbac68_6132,12190.44062061738
00bbac68_6133,12190.401615169634
00bbac68_6134,12190.367067729323
00bbac68_6135,12190.329074804722
00bbac68_6136,12190.297131559695
00bbac68_6137,12190.26420495603
00bbac68_6138,12190.231247941236
00bbac68_6139,12190.195575266938
00bbac68_6140,12190.160276901217
00bbac68_6141,12190.128800793327
00bbac68_6142,12190.096064750469
00bbac68_6143,12190.057573015381
00bbac68_6144,12190.023758943906
00bbac68_6145,12189.982257806882
00bbac68_6146,12189.938315977655
00bbac68_6147,12189.897338437639
00bbac68_6148,12189.847273486419
00bbac68_6149,12189.798890113569
00bbac68_6150,12189.762422392278
00bbac68_6151,12189.718574607356
00bbac68_6152,12189.678740019997
00bbac68_6153,12189.637492528462
00bbac68_6154,12189.602886094814
00bbac68_6155,12189.563443933886
00bbac68_6156,12189.532060457874
00bbac68_6157,12189.492736828932
00bbac68_6158,12189.459582768646
00bbac68_6159,12189.420993694268
00bbac68_6160,12189.38865287678
00bbac68_6161,12189.356228599288
00bbac68_6162,12189.320209209376
00bbac68_6163,12189.290060784257
00bbac68_6164,12189.259490737339
00bbac68_6165,12189.220153891267
00bbac68_6166,12189.18745366511
00bbac68_6167,12189.154673818743
00bbac68_6168,12189.119420143099
00bbac68_6169,12189.089041078794
00bbac68_6170,12189.058244934884
00bbac68_6171,12189.027656987266
00bbac68_6172,12188.997358902141
00bbac68_6173,12188.961831553574
00bbac68_6174,12188.933981665123
00bbac68_6175,12188.910464027333
00bbac68_6176,12188.888868695143
00bbac68_6177,12188.865307607555
00bbac68_6178,12188.846791819738
00bbac68_6179,12188.823657324141
00bbac68_6180,12188.801205191816
00bbac68_6181,12188.773430644424
00bbac68_6182,12188.747760654132
00bbac68_6183,12188.725356800456
00bbac68_6184,12188.701676880972
00bbac68_6185,12188.677321552192
00bbac68_6186,12188.655180907932
00bbac68_6187,12188.631706032742
00bbac68_6188,12188.610539327514
00bbac68_6189,12188.586795629126
00bbac68_6190,12188.567393237652
00bbac68_6191,12188.553863534613
00bbac68_6192,12188.534292647357
00bbac68_6193,12188.516032247844
00bbac68_6194,12188.496634197587
00bbac68_6195,12188.482130730546
00bbac68_6196,12188.469532041086
00bbac68_6197,12188.451069648178
00bbac68_6198,12188.434693044936
00bbac68_6199,12188.418414344427
00bbac68_6200,12188.412027770315
00bbac68_6201,12188.39686222793
00bbac68_6202,12188.383349273481
00bbac68_6203,12188.368308614445
00bbac68_6204,12188.350937625895
00bbac68_6205,12188.339333539545
00bbac68_6206,12188.318427490123
00bbac68_6207,12188.299121430897
00bbac68_6208,12188.283875272626
00bbac68_6209,12188.26257706292
00bbac68_6210,12188.252211394964
00bbac68_6211,12188.236975537711
00bbac68_6212,12188.226042377748
00bbac68_6213,12188.217959366564
00bbac68_6214,12188.19885034011
00bbac68_6215,12188.18849143364
00bbac68_6216,12188.171580316182
00bbac68_6217,12188.159026772202
00bbac68_6218,12188.150929813457
00bbac68_6219,12188.133743323706
00bbac68_6220,12188.1234065591
00bbac68_6221,12188.111564825353
00bbac68_6222,12188.094106677612
00bbac68_6223,12188.081738372297
00bbac68_6224,12188.068224986997
00bbac68_6225,12188.056082289466
00bbac68_6226,12188.041970535094
00bbac68_6227,12188.032970402008
00bbac68_6228,12188.022223323835
00bbac68_6229,12188.010043661758
00bbac68_6230,12187.9984982956
00bbac68_6231,12187.99049522062
00bbac68_6232,12187.981707210716
00bbac68_6233,12187.97473940349
00bbac68_6234,12187.965025777576
00bbac68_6235,12187.957307565073
00bbac68_6236,12187.946019176776
00bbac68_6237,12187.940616038937
00bbac68_6238,12187.936346625524
00bbac68_6239,12187.930012543009
00bbac68_6240,12187.928399217417
00bbac68_6241,12187.931181467968
00bbac68_6242,12187.929407215695
00bbac68_6243,12187.926782857237
00bbac68_6244,12187.927143597557
00bbac68_6245,12187.925576154026
00bbac68_6246,12187.92458363513
00bbac68_6247,12187.930447289851
00bbac68_6248,12187.93199591922
00bbac68_6249,12187.938464084473
00bbac68_6250,12187.941432689582
00bbac68_6251,12187.942656691663
00bbac68_6252,12187.936796916461
00bbac68_6253,12187.940251762106
00bbac68_6254,12187.936684147215
00bbac68_6255,12187.939696257734
00bbac68_6256,12187.945037449026
00bbac68_6257,12187.945762175666
00bbac68_6258,12187.951263948115
00bbac68_6259,12187.960457596684
00bbac68_6260,12187.965354475687
00bbac68_6261,12187.965801546305
00bbac68_6262,12187.969831931992
00bbac68_6263,12187.975241587603
00bbac68_6264,12187.980099779099
00bbac68_6265,12187.985926789723
00bbac68_6266,12187.986044158599
00bbac68_6267,12187.987530666407
00bbac68_6268,12187.986327767012
00bbac68_6269,12187.984824527288
00bbac68_6270,12187.98433078848
00bbac68_6271,12187.984908556247
00bbac68_6272,12187.982576200005
00bbac68_6273,12187.978709082026
00bbac68_6274,12187.976061874548
00bbac68_6275,12187.978810274664
00bbac68_6276,12187.974593448691
00bbac68_6277,12187.967322730063
00bbac68_6278,12187.962288328092
00bbac68_6279,12187.957846168967
00bbac68_6280,12187.946652390045
00bbac68_6281,12187.944567610275
00bbac68_6282,12187.934485590251
00bbac68_6283,12187.925168418036
00bbac68_6284,12187.91643986305
00bbac68_6285,12187.905009313981
00bbac68_6286,12187.898957994094
00bbac68_6287,12187.889229620992
00bbac68_6288,12187.881731488036
00bbac68_6289,12187.875567672356
00bbac68_6290,12187.864800253046
00bbac68_6291,12187.857654803465
00bbac68_6292,12187.849444232532
00bbac68_6293,12187.839717331679
00bbac68_6294,12187.83411697655
00bbac68_6295,12187.82802549571
00bbac68_6296,12187.827622843693
00bbac68_6297,12187.827773601784
00bbac68_6298,12187.826833586067
00bbac68_6299,12187.820532583642
00bbac68_6300,12187.820492576187
00bbac68_6301,12187.82254549633
00bbac68_6302,12187.825856478632
00bbac68_6303,12187.831474094533
00bbac68_6304,12187.837114264043
00bbac68_6305,12187.848158127767
00bbac68_6306,12187.855394213871
00bbac68_6307,12187.862513352406
00bbac68_6308,12187.86959267492
00bbac68_6309,12187.876227062328
00bbac68_6310,12187.87863869081
00bbac68_6311,12187.891909365519
00bbac68_6312,12187.89832909947
00bbac68_6313,12187.905087654115
00bbac68_6314,12187.918208664028
00bbac68_6315,12187.925282634078
00bbac68_6316,12187.931403106651
00bbac68_6317,12187.942975956868
00bbac68_6318,12187.94946349231
00bbac68_6319,12187.963616247667
00bbac68_6320,12187.972284462881
00bbac68_6321,12187.987573209994
00bbac68_6322,12187.996621090348
00bbac68_6323,12188.010726937482
00bbac68_6324,12188.017826177622
00bbac68_6325,12188.02678679919
00bbac68_6326,12188.035308222414
00bbac68_6327,12188.047646329052
00bbac68_6328,12188.055664565527
00bbac68_6329,12188.069074548008
00bbac68_6330,12188.076763259676
00bbac68_6331,12188.08162876368
00bbac68_6332,12188.08995376786
00bbac68_6333,12188.094763988956
00bbac68_6334,12188.105084203024
00bbac68_6335,12188.109276635972
00bbac68_6336,12188.113967625257
00bbac68_6337,12188.125197020518
00bbac68_6338,12188.13336075762
00bbac68_6339,12188.14118353923
00bbac68_6340,12188.149430814017
00bbac68_6341,12188.164399439771
00bbac68_6342,12188.178406359206
00bbac68_6343,12188.190471557797
00bbac68_6344,12188.202022151254
00bbac68_6345,12188.220536732293
00bbac68_6346,12188.233226248281
00bbac68_6347,12188.239751015926
00bbac68_6348,12188.247971300734
00bbac68_6349,12188.25582632541
00bbac68_6350,12188.268966321963
00bbac68_6351,12188.28228641459
00bbac68_6352,12188.293735059706
00bbac68_6353,12188.306629417712
00bbac68_6354,12188.320674540457
00bbac68_6355,12188.33380544798
00bbac68_6356,12188.34712646807
00bbac68_6357,12188.356453893972
00bbac68_6358,12188.36845506918
00bbac68_6359,12188.381876813872
00bbac68_6360,12188.395726295083
00bbac68_6361,12188.409615135315
00bbac68_6362,12188.422330478264
00bbac68_6363,12188.436967191312
00bbac68_6364,12188.45151387533
00bbac68_6365,12188.465197375754
00bbac68_6366,12188.481615421704
00bbac68_6367,12188.497455162451
00bbac68_6368,12188.514057846529
00bbac68_6369,12188.530584691474
00bbac68_6370,12188.542686147852
00bbac68_6371,12188.554105241816
00bbac68_6372,12188.56374124403
00bbac68_6373,12188.573134724433
00bbac68_6374,12188.57994933889
00bbac68_6375,12188.591381854247
00bbac68_6376,12188.604049008081
00bbac68_6377,12188.617543439268
00bbac68_6378,12188.631821520079
00bbac68_6379,12188.638546405491
00bbac68_6380,12188.647621512293
00bbac68_6381,12188.65661559925
00bbac68_6382,12188.66186910314
00bbac68_6383,12188.666870711222
00bbac68_6384,12188.675970134782
00bbac68_6385,12188.683348318435
00bbac68_6386,12188.69422667526
00bbac68_6387,12188.697042297832
00bbac68_6388,12188.701615981365
00bbac68_6389,12188.706105986277
00bbac68_6390,12188.707198010921
00bbac68_6391,12188.71298993413
00bbac68_6392,12188.710792593505
00bbac68_6393,12188.713443068584
00bbac68_6394,12188.717642309148
00bbac68_6395,12188.713450010338
00bbac68_6396,12188.711483120676
00bbac68_6397,12188.706774507169
00bbac68_6398,12188.707720104789
00bbac68_6399,12188.705250910649
00bbac68_6400,12188.70581257742
00bbac68_6401,12188.70350576337
00bbac68_6402,12188.703900641118
00bbac68_6403,12188.696429074449
00bbac68_6404,12188.691202921611
00bbac68_6405,12188.682634206043
00bbac68_6406,12188.676925165379
00bbac68_6407,12188.663183857843
00bbac68_6408,12188.652614545841
00bbac68_6409,12188.649037027375
00bbac68_6410,12188.636982944932
00bbac68_6411,12188.628074714972
00bbac68_6412,12188.611833238636
00bbac68_6413,12188.601578276312
00bbac68_6414,12188.592957914014
00bbac68_6415,12188.576122310307
00bbac68_6416,12188.561808951621
00bbac68_6417,12188.555152989795
00bbac68_6418,12188.54393666712
00bbac68_6419,12188.532993174325
00bbac68_6420,12188.521423916907
00bbac68_6421,12188.507282938317
00bbac68_6422,12188.490539121198
00bbac68_6423,12188.482742507475
00bbac68_6424,12188.470590728903
00bbac68_6425,12188.462517966866
00bbac68_6426,12188.458618990991
00bbac68_6427,12188.449203265984
00bbac68_6428,12188.440434857115
00bbac68_6429,12188.442769417245
00bbac68_6430,12188.435397192728
00bbac68_6431,12188.433554248724
00bbac68_6432,12188.440095132408
00bbac68_6433,12188.44277169914
00bbac68_6434,12188.452692279827
00bbac68_6435,12188.458817186063
00bbac68_6436,12188.461749073193
00bbac68_6437,12188.469056792232
00bbac68_6438,12188.472629537162
00bbac68_6439,12188.477212775371
00bbac68_6440,12188.483690469588
00bbac68_6441,12188.487672764844
00bbac68_6442,12188.492577074314
00bbac68_6443,12188.493538481132
00bbac68_6444,12188.49202701119
00bbac68_6445,12188.497649231547
00bbac68_6446,12188.497947836024
00bbac68_6447,12188.505357630085
00bbac68_6448,12188.507020300425
00bbac68_6449,12188.51412756458
00bbac68_6450,12188.517190712162
00bbac68_6451,12188.519430011507
00bbac68_6452,12188.519951641487
00bbac68_6453,12188.517719928126
00bbac68_6454,12188.524275710317
00bbac68_6455,12188.524047461331
00bbac68_6456,12188.528165525597
00bbac68_6457,12188.530457249719
00bbac68_6458,12188.527536487178
00bbac68_6459,12188.53042053069
00bbac68_6460,12188.524448455624
00bbac68_6461,12188.527441204502
00bbac68_6462,12188.52109084896
00bbac68_6463,12188.518673358638
00bbac68_6464,12188.511200193825
00bbac68_6465,12188.506672663114
00bbac68_6466,12188.499292335971
00bbac68_6467,12188.495235395634
00bbac68_6468,12188.486810111968
00bbac68_6469,12188.48189549689
00bbac68_6470,12188.47537984105
00bbac68_6471,12188.47190790092
00bbac68_6472,12188.46638025316
00bbac68_6473,12188.464118533317
00bbac68_6474,12188.456316363136
00bbac68_6475,12188.45539449445
00bbac68_6476,12188.44969105754
00bbac68_6477,12188.453708829471
00bbac68_6478,12188.449581116136
00bbac68_6479,12188.453172018279
00bbac68_6480,12188.4474889638
00bbac68_6481,12188.45012185663
00bbac68_6482,12188.446495596387
00bbac68_6483,12188.449460625667
00bbac68_6484,12188.446089584366
00bbac68_6485,12188.44686631467
00bbac68_6486,12188.44639830141
00bbac68_6487,12188.450152474728
00bbac68_6488,12188.458862060339
00bbac68_6489,12188.463967910993
00bbac68_6490,12188.471524591798
00bbac68_6491,12188.478171874112
00bbac68_6492,12188.488069063864
00bbac68_6493,12188.495597030433
00bbac68_6494,12188.506449893255
00bbac68_6495,12188.515966003974
00bbac68_6496,12188.51992509923
00bbac68_6497,12188.525647687151
00bbac68_6498,12188.526060122345
00bbac68_6499,12188.532135126577
00bbac68_6500,12188.529128827266
00bbac68_6501,12188.53577912976
00bbac68_6502,12188.544925992803
00bbac68_6503,12188.548102329813
00bbac68_6504,12188.558589457221
00bbac68_6505,12188.563599055477
00bbac68_6506,12188.57391366439
00bbac68_6507,12188.584394797932
00bbac68_6508,12188.587194797972
00bbac68_6509,12188.597367063305
00bbac68_6510,12188.608711490098
00bbac68_6511,12188.613745086332
00bbac68_6512,12188.622224540188
00bbac68_6513,12188.626502361214
00bbac68_6514,12188.637104968677
00bbac68_6515,12188.646489877541
00bbac68_6516,12188.64910070846
00bbac68_6517,12188.658389208496
00bbac68_6518,12188.666173988913
00bbac68_6519,12188.66808711339
00bbac68_6520,12188.675395771796
00bbac68_6521,12188.681912973008
00bbac68_6522,12188.683745397007
00bbac68_6523,12188.69369554576
00bbac68_6524,12188.704787154638
00bbac68_6525,12188.716009792428
00bbac68_6526,12188.721600275425
00bbac68_6527,12188.730818427975
00bbac68_6528,12188.739560911587
00bbac68_6529,12188.741937910128
00bbac68_6530,12188.74837880133
00bbac68_6531,12188.753337268943
00bbac68_6532,12188.756980045004
00bbac68_6533,12188.75297851016
00bbac68_6534,12188.756342227036
00bbac68_6535,12188.753064508515
00bbac68_6536,12188.748532852767
00bbac68_6537,12188.746565590172
00bbac68_6538,12188.74576143855
00bbac68_6539,12188.743329868847
00bbac68_6540,12188.738272515742
00bbac68_6541,12188.729145130326
00bbac68_6542,12188.7253851321
00bbac68_6543,12188.724319233996
00bbac68_6544,12188.724472983775
00bbac68_6545,12188.721252809093
00bbac68_6546,12188.722585144646
00bbac68_6547,12188.722267071662
00bbac68_6548,12188.722130115993
00bbac68_6549,12188.720289586425
00bbac68_6550,12188.711246117113
00bbac68_6551,12188.709327699038
00bbac68_6552,12188.706051913487
00bbac68_6553,12188.705397372558
00bbac68_6554,12188.704650709766
00bbac68_6555,12188.703306337826
00bbac68_6556,12188.698048830309
00bbac68_6557,12188.698455657046
00bbac68_6558,12188.703669822722
00bbac68_6559,12188.709366780135
00bbac68_6560,12188.716704142513
00bbac68_6561,12188.722412079384
00bbac68_6562,12188.727493253118
00bbac68_6563,12188.731277805311
00bbac68_6564,12188.730900447983
00bbac68_6565,12188.73356838118
00bbac68_6566,12188.738180177163
00bbac68_6567,12188.741814512909
00bbac68_6568,12188.745743592313
00bbac68_6569,12188.750733553403
00bbac68_6570,12188.75496701264
00bbac68_6571,12188.75565738463
00bbac68_6572,12188.754203851237
00bbac68_6573,12188.756128949659
00bbac68_6574,12188.758109379367
00bbac68_6575,12188.75503326315
00bbac68_6576,12188.759409016824
00bbac68_6577,12188.762900564596
00bbac68_6578,12188.767460068499
00bbac68_6579,12188.773233045496
00bbac68_6580,12188.777475930092
00bbac68_6581,12188.781036420773
00bbac68_6582,12188.784853601293
00bbac68_6583,12188.78698223989
00bbac68_6584,12188.789108353873
00bbac68_6585,12188.784075780917
00bbac68_6586,12188.778896152424
00bbac68_6587,12188.770760178915
00bbac68_6588,12188.766495118953
00bbac68_6589,12188.763634181563
00bbac68_6590,12188.762519633186
00bbac68_6591,12188.762443442996
00bbac68_6592,12188.76597073477
00bbac68_6593,12188.770359792912
00bbac68_6594,12188.774674658824
00bbac68_6595,12188.776508298832
00bbac68_6596,12188.777968897542
00bbac68_6597,12188.782028790913
00bbac68_6598,12188.789305281938
00bbac68_6599,12188.795809791529
00bbac68_6600,12188.812128062567
00bbac68_6601,12188.826818198278
00bbac68_6602,12188.843327645816
00bbac68_6603,12188.856695317214
00bbac68_6604,12188.871442222517
00bbac68_6605,12188.886196274409
00bbac68_6606,12188.903652306879
00bbac68_6607,12188.916221192252
00bbac68_6608,12188.934060758871
00bbac68_6609,12188.954694912201
00bbac68_6610,12188.976066040872
00bbac68_6611,12189.001196520576
00bbac68_6612,12189.033603852033
00bbac68_6613,12189.065236501501
00bbac68_6614,12189.097435716974
00bbac68_6615,12189.128968942623
00bbac68_6616,12189.161737685092
00bbac68_6617,12189.191647972519
00bbac68_6618,12189.218307393023
00bbac68_6619,12189.249312950698
00bbac68_6620,12189.272883209513
00bbac68_6621,12189.293395112101
00bbac68_6622,12189.314040518388
00bbac68_6623,12189.330519548763
00bbac68_6624,12189.35253081127
00bbac68_6625,12189.376453057383
00bbac68_6626,12189.396983304148
00bbac68_6627,12189.41442483338
00bbac68_6628,12189.430597110486
00bbac68_6629,12189.445891728366
00bbac68_6630,12189.461680621116
00bbac68_6631,12189.480040361206
00bbac68_6632,12189.4921899489
00bbac68_6633,12189.507468746066
00bbac68_6634,12189.524033576792
00bbac68_6635,12189.54462459949
00bbac68_6636,12189.56017333617
00bbac68_6637,12189.575754368601
00bbac68_6638,12189.591198487891
00bbac68_6639,12189.609610785225
00bbac68_6640,12189.620301364084
00bbac68_6641,12189.633461301739
00bbac68_6642,12189.64690374243
00bbac68_6643,12189.664023171576
00bbac68_6644,12189.67674357908
00bbac68_6645,12189.68593953876
00bbac68_6646,12189.70025903839
00bbac68_6647,12189.717236217273
00bbac68_6648,12189.731853656696
00bbac68_6649,12189.746384121676
00bbac68_6650,12189.768056425944
00bbac68_6651,12189.780925061932
00bbac68_6652,12189.792466028399
00bbac68_6653,12189.804318651368
00bbac68_6654,12189.822317077065
00bbac68_6655,12189.833887817356
00bbac68_6656,12189.846607683645
00bbac68_6657,12189.863143568484
00bbac68_6658,12189.876563157311
00bbac68_6659,12189.891611214716
00bbac68_6660,12189.911888214403
00bbac68_6661,12189.926808912875
00bbac68_6662,12189.937673386357
00bbac68_6663,12189.954192963414
00bbac68_6664,12189.966138145675
00bbac68_6665,12189.98064046044
00bbac68_6666,12189.992645991151
00bbac68_6667,12190.00539522923
00bbac68_6668,12190.02469495672
00bbac68_6669,12190.038850239715
00bbac68_6670,12190.049590970735
00bbac68_6671,12190.066340875406
00bbac68_6672,12190.074212752375
00bbac68_6673,12190.083702351923
00bbac68_6674,12190.088721600117
00bbac68_6675,12190.099246678137
00bbac68_6676,12190.10540801041
00bbac68_6677,12190.11015782334
00bbac68_6678,12190.11841417686
00bbac68_6679,12190.124189994383
00bbac68_6680,12190.132600348596
00bbac68_6681,12190.135145432861
00bbac68_6682,12190.143951942067
00bbac68_6683,12190.148601437697
00bbac68_6684,12190.15243902466
00bbac68_6685,12190.157059694988
00bbac68_6686,12190.154646103358
00bbac68_6687,12190.159668595341
00bbac68_6688,12190.158245381554
00bbac68_6689,12190.167300141002
00bbac68_6690,12190.172196899686
00bbac68_6691,12190.187266973473
00bbac68_6692,12190.201345889918
00bbac68_6693,12190.221522364987
00bbac68_6694,12190.238243219264
00bbac68_6695,12190.261282583044
00bbac68_6696,12190.282430066582
00bbac68_6697,12190.30875918572
00bbac68_6698,12190.32842902196
00bbac68_6699,12190.354101436784
00bbac68_6700,12190.37655644483
00bbac68_6701,12190.392068300924
00bbac68_6702,12190.40937620226
00bbac68_6703,12190.422259142437
00bbac68_6704,12190.442237102332
00bbac68_6705,12190.457583508272
00bbac68_6706,12190.477113481016
00bbac68_6707,12190.490848213565
00bbac68_6708,12190.51282192436
00bbac68_6709,12190.528585777145
00bbac68_6710,12190.539499775068
00bbac68_6711,12190.560062448483
00bbac68_6712,12190.575065713234
00bbac68_6713,12190.593503013828
00bbac68_6714,12190.616226577065
00bbac68_6715,12190.628835857593
00bbac68_6716,12190.647691621554
00bbac68_6717,12190.663324806614
00bbac68_6718,12190.677009554995
00bbac68_6719,12190.699053127792
00bbac68_6720,12190.719641561687
00bbac68_6721,12190.736895515018
00bbac68_6722,12190.763199902427
00bbac68_6723,12190.784803342172
00bbac68_6724,12190.801177771367
00bbac68_6725,12190.826561746519
00bbac68_6726,12190.852772638878
00bbac68_6727,12190.884866793374
00bbac68_6728,12190.919512937726
00bbac68_6729,12190.957021788876
00bbac68_6730,12190.99442079642
00bbac68_6731,12191.024809852797
00bbac68_6732,12191.061064288682
00bbac68_6733,12191.098982167456
00bbac68_6734,12191.132422790153
00bbac68_6735,12191.157457645533
00bbac68_6736,12191.193357679716
00bbac68_6737,12191.228072172049
00bbac68_6738,12191.260955531641
00bbac68_6739,12191.29234373381
00bbac68_6740,12191.316521531826
00bbac68_6741,12191.341811182705
00bbac68_6742,12191.373035991171
00bbac68_6743,12191.403492170211
00bbac68_6744,12191.43651326014
00bbac68_6745,12191.464188807062
00bbac68_6746,12191.479392455865
00bbac68_6747,12191.5001063947
00bbac68_6748,12191.521691070344
00bbac68_6749,12191.543904377731
00bbac68_6750,12191.562991407314
00bbac68_6751,12191.579517696664
00bbac68_6752,12191.6012712534
00bbac68_6753,12191.619874225536
00bbac68_6754,12191.639721766094
00bbac68_6755,12191.656153354415
00bbac68_6756,12191.673781809128
00bbac68_6757,12191.684905099903
00bbac68_6758,12191.69577237916
00bbac68_6759,12191.7080276989
00bbac68_6760,12191.71713343882
00bbac68_6761,12191.723065545466
00bbac68_6762,12191.729186378165
00bbac68_6763,12191.740441980737
00bbac68_6764,12191.752423239785
00bbac68_6765,12191.763637850614
00bbac68_6766,12191.775621303943
00bbac68_6767,12191.788129764514
00bbac68_6768,12191.80145658733
00bbac68_6769,12191.817288060154
00bbac68_6770,12191.837385737197
00bbac68_6771,12191.853298484828
00bbac68_6772,12191.868790512432
00bbac68_6773,12191.887619129539
00bbac68_6774,12191.908796778913
00bbac68_6775,12191.93149449887
00bbac68_6776,12191.952866259715
00bbac68_6777,12191.976092607605
00bbac68_6778,12192.006564264775
00bbac68_6779,12192.033957718206
00bbac68_6780,12192.061417587227
00bbac68_6781,12192.09255422532
00bbac68_6782,12192.122466989465
00bbac68_6783,12192.152895242194
00bbac68_6784,12192.188637665786
00bbac68_6785,12192.22555597939
00bbac68_6786,12192.260584588505
00bbac68_6787,12192.301187379027
00bbac68_6788,12192.33233461437
00bbac68_6789,12192.360970796199
00bbac68_6790,12192.39106780125
00bbac68_6791,12192.419959045073
00bbac68_6792,12192.44616140928
00bbac68_6793,12192.469772731358
00bbac68_6794,12192.498959407869
00bbac68_6795,12192.522787980235
00bbac68_6796,12192.542879165896
00bbac68_6797,12192.562257149199
00bbac68_6798,12192.58424276763
00bbac68_6799,12192.605387334988
00bbac68_6800,12192.630446323568
00bbac68_6801,12192.652516351736
00bbac68_6802,12192.66851411155
00bbac68_6803,12192.683090624898
00bbac68_6804,12192.700540370375
00bbac68_6805,12192.714680752579
00bbac68_6806,12192.731069697638
00bbac68_6807,12192.747637957093
00bbac68_6808,12192.756302589354
00bbac68_6809,12192.764962948944
00bbac68_6810,12192.772401318143
00bbac68_6811,12192.782173200612
00bbac68_6812,12192.79399609612
00bbac68_6813,12192.808815145152
00bbac68_6814,12192.816673844123
00bbac68_6815,12192.82660963613
00bbac68_6816,12192.836077190193
00bbac68_6817,12192.847117032528
00bbac68_6818,12192.861411472575
00bbac68_6819,12192.880936978814
00bbac68_6820,12192.901108842232
00bbac68_6821,12192.918744410212
00bbac68_6822,12192.93420283767
00bbac68_6823,12192.951888179516
00bbac68_6824,12192.9671770833
00bbac68_6825,12192.98649771976
00bbac68_6826,12193.006451064248
00bbac68_6827,12193.02627165557
00bbac68_6828,12193.046031636888
00bbac68_6829,12193.069488872921
00bbac68_6830,12193.086161118292
00bbac68_6831,12193.109145096147
00bbac68_6832,12193.130034414087
00bbac68_6833,12193.154317705767
00bbac68_6834,12193.195357196375
00bbac68_6835,12193.23358258478
00bbac68_6836,12193.259686280962
00bbac68_6837,12193.296172477805
00bbac68_6838,12193.326481370015
00bbac68_6839,12193.361292454849
00bbac68_6840,12193.394069161459
00bbac68_6841,12193.423995199952
00bbac68_6842,12193.457071579342
00bbac68_6843,12193.494314191777
00bbac68_6844,12193.532473932475
00bbac68_6845,12193.561540988605
00bbac68_6846,12193.588489873508
00bbac68_6847,12193.612939865274
00bbac68_6848,12193.648186050093
00bbac68_6849,12193.689892245817
00bbac68_6850,12193.731878495868
00bbac68_6851,12193.752874779362
00bbac68_6852,12193.757825664019
00bbac68_6853,12193.768961135374
00bbac68_6854,12193.77822638551
00bbac68_6855,12193.78541771603
00bbac68_6856,12193.796314532749
00bbac68_6857,12193.803291959619
00bbac68_6858,12193.810836161483
00bbac68_6859,12193.8190528651
00bbac68_6860,12193.830071850429
00bbac68_6861,12193.842533963198
00bbac68_6862,12193.858949421672
00bbac68_6863,12193.879574552171
00bbac68_6864,12193.906759326908
00bbac68_6865,12193.927919118938
00bbac68_6866,12193.942677205123
00bbac68_6867,12193.95842754916
00bbac68_6868,12193.981978658914
00bbac68_6869,12193.999571305652
00bbac68_6870,12194.018157658884
00bbac68_6871,12194.038439152806
00bbac68_6872,12194.05515608625
00bbac68_6873,12194.070686505476
00bbac68_6874,12194.094456357168
00bbac68_6875,12194.110029434865
00bbac68_6876,12194.127623537133
00bbac68_6877,12194.146899517349
00bbac68_6878,12194.160098201126
00bbac68_6879,12194.175776527774
00bbac68_6880,12194.189809928997
00bbac68_6881,12194.205854987942
00bbac68_6882,12194.219546503373
00bbac68_6883,12194.234588772264
00bbac68_6884,12194.250283624704
00bbac68_6885,12194.267501990733
00bbac68_6886,12194.286592267617
00bbac68_6887,12194.310650066163
00bbac68_6888,12194.331796055805
00bbac68_6889,12194.35390363668
00bbac68_6890,12194.376028386214
00bbac68_6891,12194.399880310844
00bbac68_6892,12194.421717187473
00bbac68_6893,12194.443014549834
00bbac68_6894,12194.467561775815
00bbac68_6895,12194.487911977723
00bbac68_6896,12194.505980271288
00bbac68_6897,12194.526467466578
00bbac68_6898,12194.551972390243
00bbac68_6899,12194.58534574898
00bbac68_6900,12194.619308707941
00bbac68_6901,12194.659617949823
00bbac68_6902,12194.705591870988
00bbac68_6903,12194.749447903352
00bbac68_6904,12194.790737820895
00bbac68_6905,12194.83419018351
00bbac68_6906,12194.874117402927
00bbac68_6907,12194.908367126762
00bbac68_6908,12194.938229487003
00bbac68_6909,12194.961909579044
00bbac68_6910,12194.988090260604
00bbac68_6911,12195.006251827244
00bbac68_6912,12195.018279520007
00bbac68_6913,12195.03970251607
00bbac68_6914,12195.060879316241
00bbac68_6915,12195.080237573195
00bbac68_6916,12195.097695218323
00bbac68_6917,12195.113679546912
00bbac68_6918,12195.129635010528
00bbac68_6919,12195.144916984358
00bbac68_6920,12195.156005959154
00bbac68_6921,12195.166702484867
00bbac68_6922,12195.177901158262
00bbac68_6923,12195.181086705277
00bbac68_6924,12195.183254656093
00bbac68_6925,12195.189763890301
00bbac68_6926,12195.196408309552
00bbac68_6927,12195.204191478915
00bbac68_6928,12195.208204696079
00bbac68_6929,12195.210973532188
00bbac68_6930,12195.209846124817
00bbac68_6931,12195.20774453259
00bbac68_6932,12195.20698674231
00bbac68_6933,12195.210112413033
00bbac68_6934,12195.213748216582
00bbac68_6935,12195.212764180538
00bbac68_6936,12195.222179705586
00bbac68_6937,12195.227768459139
00bbac68_6938,12195.232854945596
00bbac68_6939,12195.235435461607
00bbac68_6940,12195.235154232574
00bbac68_6941,12195.243189850768
00bbac68_6942,12195.250786472463
00bbac68_6943,12195.251168105322
00bbac68_6944,12195.256345307305
00bbac68_6945,12195.25551003178
00bbac68_6946,12195.256556166736
00bbac68_6947,12195.255528971247
00bbac68_6948,12195.259761775596
00bbac68_6949,12195.265569819603
00bbac68_6950,12195.270608068506
00bbac68_6951,12195.279759040974
00bbac68_6952,12195.294309953824
00bbac68_6953,12195.300307578116
00bbac68_6954,12195.31198250156
00bbac68_6955,12195.326605561475
00bbac68_6956,12195.336903059944
00bbac68_6957,12195.353453815595
00bbac68_6958,12195.366677198988
00bbac68_6959,12195.379058259678
00bbac68_6960,12195.395785319704
00bbac68_6961,12195.410741437841
00bbac68_6962,12195.43085650042
00bbac68_6963,12195.447793602025
00bbac68_6964,12195.473316498552
00bbac68_6965,12195.493201852907
00bbac68_6966,12195.517639185982
00bbac68_6967,12195.541158472999
00bbac68_6968,12195.564836587382
00bbac68_6969,12195.582429340648
00bbac68_6970,12195.605898275708
00bbac68_6971,12195.624874256178
00bbac68_6972,12195.653619590175
00bbac68_6973,12195.676121648303
00bbac68_6974,12195.704596461237
00bbac68_6975,12195.72649495969
00bbac68_6976,12195.754878671802
00bbac68_6977,12195.77904447576
00bbac68_6978,12195.811013505838
00bbac68_6979,12195.834776877624
00bbac68_6980,12195.86399138923
00bbac68_6981,12195.89138254313
00bbac68_6982,12195.924359914727
00bbac68_6983,12195.965808755791
00bbac68_6984,12195.995431929008
00bbac68_6985,12196.024740895413
00bbac68_6986,12196.04769470393
00bbac68_6987,12196.066736257322
00bbac68_6988,12196.08819217369
00bbac68_6989,12196.101177696999
00bbac68_6990,12196.109182965347
00bbac68_6991,12196.115406927514
00bbac68_6992,12196.121912399069
00bbac68_6993,12196.126101381928
00bbac68_6994,12196.134366664573
00bbac68_6995,12196.139945453648
00bbac68_6996,12196.14638747889
00bbac68_6997,12196.163958162957
00bbac68_6998,12196.179696356858
00bbac68_6999,12196.191697039872
00bbac68_7000,12196.204814385892
00bbac68_7001,12196.211396130839
00bbac68_7002,12196.216939183261
00bbac68_7003,12196.228931718242
00bbac68_7004,12196.234691106187
00bbac68_7005,12196.242002054445
00bbac68_7006,12196.251301772634
00bbac68_7007,12196.256282589266
00bbac68_7008,12196.25537952717
00bbac68_7009,12196.251571935496
00bbac68_7010,12196.251748610675
00bbac68_7011,12196.250137743142
00bbac68_7012,12196.246536024511
00bbac68_7013,12196.241250986353
00bbac68_7014,12196.242392842396
00bbac68_7015,12196.23845439886
00bbac68_7016,12196.235172750468
00bbac68_7017,12196.232730370062
00bbac68_7018,12196.228499642786
00bbac68_7019,12196.23146504118
00bbac68_7020,12196.238830551407
00bbac68_7021,12196.243029445614
00bbac68_7022,12196.247844073212
00bbac68_7023,12196.255427475404
00bbac68_7024,12196.26770608003
00bbac68_7025,12196.276830223627
00bbac68_7026,12196.286244523213
00bbac68_7027,12196.294651733815
00bbac68_7028,12196.306502245196
00bbac68_7029,12196.324847826145
00bbac68_7030,12196.3391791916
00bbac68_7031,12196.353070619374
00bbac68_7032,12196.369780960784
00bbac68_7033,12196.387939410026
00bbac68_7034,12196.409419531758
00bbac68_7035,12196.429452068245
00bbac68_7036,12196.456463850964
00bbac68_7037,12196.481685520732
00bbac68_7038,12196.507674520686
00bbac68_7039,12196.533276871462
00bbac68_7040,12196.560215915913
00bbac68_7041,12196.585538962805
00bbac68_7042,12196.61188493554
00bbac68_7043,12196.635906661264
00bbac68_7044,12196.660343809006
00bbac68_7045,12196.690142407555
00bbac68_7046,12196.712851917338
00bbac68_7047,12196.737558100904
00bbac68_7048,12196.766475788665
00bbac68_7049,12196.78716759102
00bbac68_7050,12196.807605912949
00bbac68_7051,12196.82921086906
00bbac68_7052,12196.84776337455
00bbac68_7053,12196.866737214248
00bbac68_7054,12196.886229728825
00bbac68_7055,12196.902180068317
00bbac68_7056,12196.916248712609
00bbac68_7057,12196.927157491778
00bbac68_7058,12196.934961693434
00bbac68_7059,12196.9420247829
00bbac68_7060,12196.94695690003
00bbac68_7061,12196.952854444713
00bbac68_7062,12196.961161725683
00bbac68_7063,12196.965490099668
00bbac68_7064,12196.96648983281
00bbac68_7065,12196.964642070398
00bbac68_7066,12196.958685550757
00bbac68_7067,12196.953143687024
00bbac68_7068,12196.948838175233
00bbac68_7069,12196.944805856758
00bbac68_7070,12196.943955516494
00bbac68_7071,12196.941499597913
00bbac68_7072,12196.935741114221
00bbac68_7073,12196.931610294734
00bbac68_7074,12196.92431651307
00bbac68_7075,12196.915203062037
00bbac68_7076,12196.910844759426
00bbac68_7077,12196.90770703191
00bbac68_7078,12196.905903203671
00bbac68_7079,12196.907449764694
00bbac68_7080,12196.901524210378
00bbac68_7081,12196.898776309894
00bbac68_7082,12196.899572277935
00bbac68_7083,12196.89940075151
00bbac68_7084,12196.9007163559
00bbac68_7085,12196.905226305218
00bbac68_7086,12196.906570356976
00bbac68_7087,12196.910539229597
00bbac68_7088,12196.91350283769
00bbac68_7089,12196.916417711502
00bbac68_7090,12196.922847497295
00bbac68_7091,12196.92717697872
00bbac68_7092,12196.93481627345
00bbac68_7093,12196.94640897137
00bbac68_7094,12196.954795209747
00bbac68_7095,12196.964268641368
00bbac68_7096,12196.97659627775
00bbac68_7097,12196.983127628551
00bbac68_7098,12196.992540648036
00bbac68_7099,12197.007868882603
00bbac68_7100,12197.025711687984
00bbac68_7101,12197.0464117962
00bbac68_7102,12197.07074094425
00bbac68_7103,12197.093039869891
00bbac68_7104,12197.12082962752
00bbac68_7105,12197.148389812832
00bbac68_7106,12197.17429945791
00bbac68_7107,12197.202979846426
00bbac68_7108,12197.226590921218
00bbac68_7109,12197.246133289369
00bbac68_7110,12197.268025353038
00bbac68_7111,12197.286854457145
00bbac68_7112,12197.301664211258
00bbac68_7113,12197.317463234296
00bbac68_7114,12197.33193976073
00bbac68_7115,12197.350572006515
00bbac68_7116,12197.369679931166
00bbac68_7117,12197.384722536968
00bbac68_7118,12197.403147021008
00bbac68_7119,12197.41434437958
00bbac68_7120,12197.427441883137
00bbac68_7121,12197.449672518578
00bbac68_7122,12197.462635013953
00bbac68_7123,12197.472835184122
00bbac68_7124,12197.482125374583
00bbac68_7125,12197.487421540187
00bbac68_7126,12197.496186976889
00bbac68_7127,12197.505056946697
00bbac68_7128,12197.512190883357
00bbac68_7129,12197.516859025844
00bbac68_7130,12197.523061519038
00bbac68_7131,12197.528763865219
00bbac68_7132,12197.533051687482
00bbac68_7133,12197.54736772862
00bbac68_7134,12197.555207185575
00bbac68_7135,12197.563941914292
00bbac68_7136,12197.575686639424
00bbac68_7137,12197.587924792613
00bbac68_7138,12197.6004818289
00bbac68_7139,12197.610904791698
00bbac68_7140,12197.619649229859
00bbac68_7141,12197.636439671558
00bbac68_7142,12197.644747142185
00bbac68_7143,12197.654895294381
00bbac68_7144,12197.666590027082
00bbac68_7145,12197.670968104245
00bbac68_7146,12197.67702383592
00bbac68_7147,12197.687825392248
00bbac68_7148,12197.703506954687
00bbac68_7149,12197.715433184334
00bbac68_7150,12197.730884147364
00bbac68_7151,12197.747875025547
00bbac68_7152,12197.766473755788
00bbac68_7153,12197.783484390984
00bbac68_7154,12197.8015329704
00bbac68_7155,12197.816233237554
00bbac68_7156,12197.831561379913
00bbac68_7157,12197.84269388712
00bbac68_7158,12197.857914813154
00bbac68_7159,12197.87532362562
00bbac68_7160,12197.881850420083
00bbac68_7161,12197.888243178957
00bbac68_7162,12197.893762015457
00bbac68_7163,12197.9029876254
00bbac68_7164,12197.915704352137
00bbac68_7165,12197.9258047589
00bbac68_7166,12197.943568903007
00bbac68_7167,12197.959253819841
00bbac68_7168,12197.97675161732
00bbac68_7169,12198.003069365055
00bbac68_7170,12198.02395652672
00bbac68_7171,12198.04905177129
00bbac68_7172,12198.077828054213
00bbac68_7173,12198.1102442604
00bbac68_7174,12198.137151208482
00bbac68_7175,12198.166016271256
00bbac68_7176,12198.18979122422
00bbac68_7177,12198.218248359528
00bbac68_7178,12198.242108656073
00bbac68_7179,12198.262832936092
00bbac68_7180,12198.290302811285
00bbac68_7181,12198.312459351682
00bbac68_7182,12198.332214169464
00bbac68_7183,12198.3524004377
00bbac68_7184,12198.378208143284
00bbac68_7185,12198.396806557015
00bbac68_7186,12198.415622844339
00bbac68_7187,12198.436545912293
00bbac68_7188,12198.45443722776
00bbac68_7189,12198.472589801077
00bbac68_7190,12198.4933101032
00bbac68_7191,12198.50806769236
00bbac68_7192,12198.522324498392
00bbac68_7193,12198.537622574422
00bbac68_7194,12198.548544929417
00bbac68_7195,12198.557288005144
00bbac68_7196,12198.570744515659
00bbac68_7197,12198.5823184109
00bbac68_7198,12198.592509738415
00bbac68_7199,12198.60926580528
00bbac68_7200,12198.620295741648
00bbac68_7201,12198.626461575948
00bbac68_7202,12198.636045882198
00bbac68_7203,12198.643848174584
00bbac68_7204,12198.657488851657
00bbac68_7205,12198.6639765195
00bbac68_7206,12198.67472155072
00bbac68_7207,12198.686620387278
00bbac68_7208,12198.694016714708
00bbac68_7209,12198.70296933551
00bbac68_7210,12198.706634886938
00bbac68_7211,12198.713698084808
00bbac68_7212,12198.713976148822
00bbac68_7213,12198.71717437946
00bbac68_7214,12198.731088255729
00bbac68_7215,12198.739463088023
00bbac68_7216,12198.754581854337
00bbac68_7217,12198.768051334268
00bbac68_7218,12198.787557475789
00bbac68_7219,12198.804559661881
00bbac68_7220,12198.831308847584
00bbac68_7221,12198.849661943652
00bbac68_7222,12198.873880472209
00bbac68_7223,12198.895375529486
00bbac68_7224,12198.913335407746
00bbac68_7225,12198.940434709213
00bbac68_7226,12198.960236462503
00bbac68_7227,12198.985095112397
00bbac68_7228,12199.011515994807
00bbac68_7229,12199.041987559362
00bbac68_7230,12199.074417403379
00bbac68_7231,12199.10463873165
00bbac68_7232,12199.139467548881
00bbac68_7233,12199.167667529635
00bbac68_7234,12199.206844985016
00bbac68_7235,12199.24189697291
00bbac68_7236,12199.281725644612
00bbac68_7237,12199.319419262947
00bbac68_7238,12199.360647923757
00bbac68_7239,12199.4028847042
00bbac68_7240,12199.449150406545
00bbac68_7241,12199.494134592022
00bbac68_7242,12199.533100723025
00bbac68_7243,12199.57393565988
00bbac68_7244,12199.608912637996
00bbac68_7245,12199.647457486055
00bbac68_7246,12199.678905459967
00bbac68_7247,12199.71591205924
00bbac68_7248,12199.750781150145
00bbac68_7249,12199.780122730648
00bbac68_7250,12199.821292696319
00bbac68_7251,12199.863642028227
00bbac68_7252,12199.912892701912
00bbac68_7253,12199.966371531755
00bbac68_7254,12200.011294805856
00bbac68_7255,12200.059617365605
00bbac68_7256,12200.109986974372
00bbac68_7257,12200.15166103117
00bbac68_7258,12200.197894871813
00bbac68_7259,12200.245903285637
00bbac68_7260,12200.285211608225
00bbac68_7261,12200.327487094393
00bbac68_7262,12200.367675327427
00bbac68_7263,12200.398896378083
00bbac68_7264,12200.43279988796
00bbac68_7265,12200.468799027974
00bbac68_7266,12200.494536243314
00bbac68_7267,12200.523873745806
00bbac68_7268,12200.550895542267
00bbac68_7269,12200.570960416837
00bbac68_7270,12200.59391434164
00bbac68_7271,12200.614494158275
00bbac68_7272,12200.635265506615
00bbac68_7273,12200.662573611324
00bbac68_7274,12200.686907463329
00bbac68_7275,12200.71030461304
00bbac68_7276,12200.73190039985
00bbac68_7277,12200.755471730525
00bbac68_7278,12200.778963255589
00bbac68_7279,12200.798594214448
00bbac68_7280,12200.82406070592
00bbac68_7281,12200.84874552781
00bbac68_7282,12200.867444768195
00bbac68_7283,12200.889006545505
00bbac68_7284,12200.911795473212
00bbac68_7285,12200.92691434062
00bbac68_7286,12200.944241078749
00bbac68_7287,12200.964542257156
00bbac68_7288,12200.974525612146
00bbac68_7289,12200.987938194718
00bbac68_7290,12201.005826612607
00bbac68_7291,12201.025105962523
00bbac68_7292,12201.042080107398
00bbac68_7293,12201.064038460081
00bbac68_7294,12201.087223998238
00bbac68_7295,12201.103362993286
00bbac68_7296,12201.123815407476
00bbac68_7297,12201.142269561253
00bbac68_7298,12201.154464907771
00bbac68_7299,12201.170095861802
00bbac68_7300,12201.181776554686
00bbac68_7301,12201.183997748089
00bbac68_7302,12201.192482550905
00bbac68_7303,12201.205514144009
00bbac68_7304,12201.216660468997
00bbac68_7305,12201.224919998658
00bbac68_7306,12201.2386205204
00bbac68_7307,12201.248768434129
00bbac68_7308,12201.252382816132
00bbac68_7309,12201.262122809567
00bbac68_7310,12201.272942778505
00bbac68_7311,12201.277676694934
00bbac68_7312,12201.293075426265
00bbac68_7313,12201.310083426777
00bbac68_7314,12201.329259534763
00bbac68_7315,12201.352254990983
00bbac68_7316,12201.375667754259
00bbac68_7317,12201.400510169242
00bbac68_7318,12201.419312698563
00bbac68_7319,12201.441850836138
00bbac68_7320,12201.460249345673
00bbac68_7321,12201.470186791572
00bbac68_7322,12201.485532680234
00bbac68_7323,12201.500340128445
00bbac68_7324,12201.513627514178
00bbac68_7325,12201.532608974652
00bbac68_7326,12201.554673646555
00bbac68_7327,12201.572513635234
00bbac68_7328,12201.599451761109
00bbac68_7329,12201.623649436784
00bbac68_7330,12201.645866466042
00bbac68_7331,12201.663315954745
00bbac68_7332,12201.681778499664
00bbac68_7333,12201.69635992316
00bbac68_7334,12201.708418565693
00bbac68_7335,12201.727309146787
00bbac68_7336,12201.746742587162
00bbac68_7337,12201.756445385538
00bbac68_7338,12201.77361600473
00bbac68_7339,12201.791324070713
00bbac68_7340,12201.806680077878
00bbac68_7341,12201.82493885347
00bbac68_7342,12201.844582099588
00bbac68_7343,12201.858114892524
00bbac68_7344,12201.879376751389
00bbac68_7345,12201.899137813065
00bbac68_7346,12201.922570472758
00bbac68_7347,12201.945844307556
00bbac68_7348,12201.972536054724
00bbac68_7349,12202.001071542843
00bbac68_7350,12202.02632698026
00bbac68_7351,12202.05262546512
00bbac68_7352,12202.073877227063
00bbac68_7353,12202.087794380628
00bbac68_7354,12202.104208440524
00bbac68_7355,12202.117496869196
00bbac68_7356,12202.12550667622
00bbac68_7357,12202.137172134677
00bbac68_7358,12202.149691617306
00bbac68_7359,12202.1595456745
00bbac68_7360,12202.16463672279
00bbac68_7361,12202.179394789855
00bbac68_7362,12202.198512264607
00bbac68_7363,12202.206971499127
00bbac68_7364,12202.216487221862
00bbac68_7365,12202.225884262534
00bbac68_7366,12202.232524368668
00bbac68_7367,12202.24521778402
00bbac68_7368,12202.255839623944
00bbac68_7369,12202.271360585339
00bbac68_7370,12202.282538895004
00bbac68_7371,12202.298661066368
00bbac68_7372,12202.313750025301
00bbac68_7373,12202.319228644565
00bbac68_7374,12202.328034685946
00bbac68_7375,12202.334740073904
00bbac68_7376,12202.345711608905
00bbac68_7377,12202.351504414257
00bbac68_7378,12202.362605885643
00bbac68_7379,12202.374252917323
00bbac68_7380,12202.39085322753
00bbac68_7381,12202.401840094913
00bbac68_7382,12202.418589071607
00bbac68_7383,12202.437177549695
00bbac68_7384,12202.45653446899
00bbac68_7385,12202.470204970927
00bbac68_7386,12202.484613997043
00bbac68_7387,12202.498695358245
00bbac68_7388,12202.511617573238
00bbac68_7389,12202.52253077445
00bbac68_7390,12202.530934391109
00bbac68_7391,12202.54974257372
00bbac68_7392,12202.570812105274
00bbac68_7393,12202.587597299129
00bbac68_7394,12202.607162687742
00bbac68_7395,12202.617074526792
00bbac68_7396,12202.629075301642
00bbac68_7397,12202.639621795357
00bbac68_7398,12202.656285709454
00bbac68_7399,12202.674951155273
00bbac68_7400,12202.688985677658
00bbac68_7401,12202.702098177795
00bbac68_7402,12202.717142772774
00bbac68_7403,12202.736203814595
00bbac68_7404,12202.753275394432
00bbac68_7405,12202.770473488274
00bbac68_7406,12202.785567042836
00bbac68_7407,12202.812095406349
00bbac68_7408,12202.839716251723
00bbac68_7409,12202.867389600147
00bbac68_7410,12202.896474864774
00bbac68_7411,12202.924253361944
00bbac68_7412,12202.956985616267
00bbac68_7413,12202.984235002055
00bbac68_7414,12203.022191377255
00bbac68_7415,12203.057983611448
00bbac68_7416,12203.095573394598
00bbac68_7417,12203.133211235112
00bbac68_7418,12203.1736760433
00bbac68_7419,12203.218849213907
00bbac68_7420,12203.267159343111
00bbac68_7421,12203.311637714847
00bbac68_7422,12203.359431721183
00bbac68_7423,12203.40702645021
00bbac68_7424,12203.453732238597
00bbac68_7425,12203.498866354288
00bbac68_7426,12203.542309239023
00bbac68_7427,12203.58413566718
00bbac68_7428,12203.62512852165
00bbac68_7429,12203.66176950195
00bbac68_7430,12203.696416965591
00bbac68_7431,12203.718439681556
00bbac68_7432,12203.746503550168
00bbac68_7433,12203.767869243067
00bbac68_7434,12203.791719513498
00bbac68_7435,12203.81800144431
00bbac68_7436,12203.842861833193
00bbac68_7437,12203.869271218698
00bbac68_7438,12203.891645682377
00bbac68_7439,12203.913827589004
00bbac68_7440,12203.932695142383
00bbac68_7441,12203.948910186864
00bbac68_7442,12203.965712137067
00bbac68_7443,12203.98238204547
00bbac68_7444,12203.99880392422
00bbac68_7445,12204.014067746215
00bbac68_7446,12204.0283954949
00bbac68_7447,12204.042106006078
00bbac68_7448,12204.05631135336
00bbac68_7449,12204.069655764515
00bbac68_7450,12204.086102096851
00bbac68_7451,12204.099374547564
00bbac68_7452,12204.110458828261
00bbac68_7453,12204.117889477948
00bbac68_7454,12204.123647831937
00bbac68_7455,12204.13656048868
00bbac68_7456,12204.149990884544
00bbac68_7457,12204.162282349836
00bbac68_7458,12204.17131458069
00bbac68_7459,12204.179388342933
00bbac68_7460,12204.185952584849
00bbac68_7461,12204.190521886057
00bbac68_7462,12204.20159227393
00bbac68_7463,12204.215784901317
00bbac68_7464,12204.232649307995
00bbac68_7465,12204.25487877219
00bbac68_7466,12204.277159281752
00bbac68_7467,12204.300636975273
00bbac68_7468,12204.315616596836
00bbac68_7469,12204.328303884577
00bbac68_7470,12204.339978084925
00bbac68_7471,12204.351511569917
00bbac68_7472,12204.360765664473
00bbac68_7473,12204.374012342096
00bbac68_7474,12204.382247131369
00bbac68_7475,12204.392688838387
00bbac68_7476,12204.4021385274
00bbac68_7477,12204.417281907437
00bbac68_7478,12204.431723153615
00bbac68_7479,12204.436845796325
00bbac68_7480,12204.440182537965
00bbac68_7481,12204.440087770197
00bbac68_7482,12204.432330815318
00bbac68_7483,12204.422236411954
00bbac68_7484,12204.417549466576
00bbac68_7485,12204.40292384168
00bbac68_7486,12204.387503573944
00bbac68_7487,12204.378942472864
00bbac68_7488,12204.366095066172
00bbac68_7489,12204.35444487412
00bbac68_7490,12204.348436221246
00bbac68_7491,12204.344051024786
00bbac68_7492,12204.344660623769
00bbac68_7493,12204.341421427074
00bbac68_7494,12204.335046307322
00bbac68_7495,12204.336145886165
00bbac68_7496,12204.331581309605
00bbac68_7497,12204.329086057918
00bbac68_7498,12204.325595695824
00bbac68_7499,12204.329017807686
00bbac68_7500,12204.329520088271
00bbac68_7501,12204.335531823166
00bbac68_7502,12204.34212468842
00bbac68_7503,12204.354605296317
00bbac68_7504,12204.362187322018
00bbac68_7505,12204.373119792112
00bbac68_7506,12204.383259311939
00bbac68_7507,12204.404923075706
00bbac68_7508,12204.424985343278
00bbac68_7509,12204.439782213527
00bbac68_7510,12204.46268286664
00bbac68_7511,12204.490164262872
00bbac68_7512,12204.513307554742
00bbac68_7513,12204.539008310083
00bbac68_7514,12204.563614145225
00bbac68_7515,12204.594360769068
00bbac68_7516,12204.621909402518
00bbac68_7517,12204.643920094124
00bbac68_7518,12204.66365673303
00bbac68_7519,12204.685359138068
00bbac68_7520,12204.707485519535
00bbac68_7521,12204.72204455967
00bbac68_7522,12204.744730289627
00bbac68_7523,12204.770438380605
00bbac68_7524,12204.794506918954
00bbac68_7525,12204.81431751212
00bbac68_7526,12204.833069125429
00bbac68_7527,12204.847586678126
00bbac68_7528,12204.86323902782
00bbac68_7529,12204.888540848387
00bbac68_7530,12204.911462201526
00bbac68_7531,12204.930062045223
00bbac68_7532,12204.95392783887
00bbac68_7533,12204.978089190914
00bbac68_7534,12205.006903510526
00bbac68_7535,12205.035666193678
00bbac68_7536,12205.068743622684
00bbac68_7537,12205.103329550264
00bbac68_7538,12205.138763847666
00bbac68_7539,12205.173851764275
00bbac68_7540,12205.212352956725
00bbac68_7541,12205.253134197781
00bbac68_7542,12205.294788913945
00bbac68_7543,12205.339227193781
00bbac68_7544,12205.384055859948
00bbac68_7545,12205.430935965169
00bbac68_7546,12205.477246375784
00bbac68_7547,12205.525967448117
00bbac68_7548,12205.577099004835
00bbac68_7549,12205.626933055151
00bbac68_7550,12205.68694359002
00bbac68_7551,12205.747960617937
00bbac68_7552,12205.816684129659
00bbac68_7553,12205.88978404853
00bbac68_7554,12205.970230297888
00bbac68_7555,12206.05889280107
00bbac68_7556,12206.156641481402
00bbac68_7557,12206.266446262234
00bbac68_7558,12206.38497706689
00e12e8b_2083,11604.209400150447
00e12e8b_2084,11604.209273211587
00e12e8b_2085,11604.210393368961
00e12e8b_2086,11604.211769926362
00e12e8b_2087,11604.219312187593
00e12e8b_2088,11604.23202945645
00e12e8b_2089,11604.240531036728
00e12e8b_2090,11604.259126232231
00e12e8b_2091,11604.278424346743
00e12e8b_2092,11604.295358337593
00e12e8b_2093,11604.322232090586
00e12e8b_2094,11604.3495210784
00e12e8b_2095,11604.376301715358
00e12e8b_2096,11604.40834101597
00e12e8b_2097,11604.439479351538
00e12e8b_2098,11604.47558431673
00e12e8b_2099,11604.513544653902
00e12e8b_2100,11604.550182878449
00e12e8b_2101,11604.591250796046
00e12e8b_2102,11604.630851759783
00e12e8b_2103,11604.674556889138
00e12e8b_2104,11604.719558613957
00e12e8b_2105,11604.762209677638
00e12e8b_2106,11604.80894033964
00e12e8b_2107,11604.851415307916
00e12e8b_2108,11604.902378381285
00e12e8b_2109,11604.94680217751
00e12e8b_2110,11604.999095204505
00e12e8b_2111,11605.050160975665
00e12e8b_2112,11605.096289286594
00e12e8b_2113,11605.149672312229
00e12e8b_2114,11605.190579151938
00e12e8b_2115,11605.236901995013
00e12e8b_2116,11605.279517026544
00e12e8b_2117,11605.32344371011
00e12e8b_2118,11605.362860727015
00e12e8b_2119,11605.409231747717
00e12e8b_2120,11605.448419223414
00e12e8b_2121,11605.491434299698
00e12e8b_2122,11605.531012501422
00e12e8b_2123,11605.57259047671
00e12e8b_2124,11605.608968785882
00e12e8b_2125,11605.651920300985
00e12e8b_2126,11605.68719649633
00e12e8b_2127,11605.727175764736
00e12e8b_2128,11605.762201075828
00e12e8b_2129,11605.79432724555
00e12e8b_2130,11605.834254037105
00e12e8b_2131,11605.866696734436
00e12e8b_2132,11605.903097213077
00e12e8b_2133,11605.934265874797
00e12e8b_2134,11605.967087453806
00e12e8b_2135,11605.992066870718
00e12e8b_2136,11606.018430536795
00e12e8b_2137,11606.048414916886
00e12e8b_2138,11606.07271897346
00e12e8b_2139,11606.103646167758
00e12e8b_2140,11606.128497591844
00e12e8b_2141,11606.151699218393
00e12e8b_2142,11606.183196310149
00e12e8b_2143,11606.205449767465
00e12e8b_2144,11606.234093436995
00e12e8b_2145,11606.259280551989
00e12e8b_2146,11606.28746519966
00e12e8b_2147,11606.321940718777
00e12e8b_2148,11606.349609901346
00e12e8b_2149,11606.380745830229
00e12e8b_2150,11606.417186396233
00e12e8b_2151,11606.442968207379
00e12e8b_2152,11606.470603093516
00e12e8b_2153,11606.503571489231
00e12e8b_2154,11606.527246324657
00e12e8b_2155,11606.54888950713
00e12e8b_2156,11606.571445403397
00e12e8b_2157,11606.5962335531
00e12e8b_2158,11606.61480557993
00e12e8b_2159,11606.633972137679
00e12e8b_2160,11606.651315804922
00e12e8b_2161,11606.671476327489
00e12e8b_2162,11606.686878180542
00e12e8b_2163,11606.698444497604
00e12e8b_2164,11606.71012050466
00e12e8b_2165,11606.721684415814
00e12e8b_2166,11606.735296897805
00e12e8b_2167,11606.744905611678
00e12e8b_2168,11606.751464684065
00e12e8b_2169,11606.757532970409
00e12e8b_2170,11606.763611356739
00e12e8b_2171,11606.768209152146
00e12e8b_2172,11606.771365636661
00e12e8b_2173,11606.77567739967
00e12e8b_2174,11606.784342192308
00e12e8b_2175,11606.788010810295
00e12e8b_2176,11606.79498952353
00e12e8b_2177,11606.800565908576
00e12e8b_2178,11606.806849645624
00e12e8b_2179,11606.816072958183
00e12e8b_2180,11606.823557589061
00e12e8b_2181,11606.83975958085
00e12e8b_2182,11606.856983092874
00e12e8b_2183,11606.871730939194
00e12e8b_2184,11606.887615605396
00e12e8b_2185,11606.900349911397
00e12e8b_2186,11606.911846310562
00e12e8b_2187,11606.924911606882
00e12e8b_2188,11606.934211555848
00e12e8b_2189,11606.94311698843
00e12e8b_2190,11606.9535683641
00e12e8b_2191,11606.956246622207
00e12e8b_2192,11606.96393079431
00e12e8b_2193,11606.972470705961
00e12e8b_2194,11606.979504002957
00e12e8b_2195,11606.988225964124
00e12e8b_2196,11606.991573189971
00e12e8b_2197,11606.997254401986
00e12e8b_2198,11607.002233743322
00e12e8b_2199,11607.005716412254
00e12e8b_2200,11607.01278002499
00e12e8b_2201,11607.02373672571
00e12e8b_2202,11607.03557655487
00e12e8b_2203,11607.045652658871
00e12e8b_2204,11607.05393476145
00e12e8b_2205,11607.067267250903
00e12e8b_2206,11607.08133044605
00e12e8b_2207,11607.093206931575
00e12e8b_2208,11607.10245292478
00e12e8b_2209,11607.116785101025
00e12e8b_2210,11607.123340521877
00e12e8b_2211,11607.125390962721
00e12e8b_2212,11607.123732058568
00e12e8b_2213,11607.12798622986
00e12e8b_2214,11607.131506078767
00e12e8b_2215,11607.131523592228
00e12e8b_2216,11607.13931251184
00e12e8b_2217,11607.148614510956
00e12e8b_2218,11607.145216100038
00e12e8b_2219,11607.150833777398
00e12e8b_2220,11607.15817238291
00e12e8b_2221,11607.162684889186
00e12e8b_2222,11607.172346645584
00e12e8b_2223,11607.180742048236
00e12e8b_2224,11607.197545119292
00e12e8b_2225,11607.213300127256
00e12e8b_2226,11607.22826407879
00e12e8b_2227,11607.250084893343
00e12e8b_2228,11607.27012155185
00e12e8b_2229,11607.294820609837
00e12e8b_2230,11607.317830444306
00e12e8b_2231,11607.347635618775
00e12e8b_2232,11607.37242108117
00e12e8b_2233,11607.403429827076
00e12e8b_2234,11607.433595799532
00e12e8b_2235,11607.473942944549
00e12e8b_2236,11607.50881977231
00e12e8b_2237,11607.553751096948
00e12e8b_2238,11607.595111359518
00e12e8b_2239,11607.638531915953
00e12e8b_2240,11607.682143976286
00e12e8b_2241,11607.727160345916
00e12e8b_2242,11607.771709175264
00e12e8b_2243,11607.81336560467
00e12e8b_2244,11607.85336286795
00e12e8b_2245,11607.90165990192
00e12e8b_2246,11607.944390667937
00e12e8b_2247,11607.989689909435
00e12e8b_2248,11608.029346575027
00e12e8b_2249,11608.070980184875
00e12e8b_2250,11608.1160797271
00e12e8b_2251,11608.151938342626
00e12e8b_2252,11608.187339237062
00e12e8b_2253,11608.226711814626
00e12e8b_2254,11608.255722425944
00e12e8b_2255,11608.28373453307
00e12e8b_2256,11608.313084693247
00e12e8b_2257,11608.341305797509
00e12e8b_2258,11608.367959410529
00e12e8b_2259,11608.399599451519
00e12e8b_2260,11608.424672450707
00e12e8b_2261,11608.449902895223
00e12e8b_2262,11608.472489939897
00e12e8b_2263,11608.502561615082
00e12e8b_2264,11608.526787457302
00e12e8b_2265,11608.548569195038
00e12e8b_2266,11608.571013855384
00e12e8b_2267,11608.597433046067
00e12e8b_2268,11608.616644678834
00e12e8b_2269,11608.633544846478
00e12e8b_2270,11608.649074238332
00e12e8b_2271,11608.669710823917
00e12e8b_2272,11608.684765997292
00e12e8b_2273,11608.697347931506
00e12e8b_2274,11608.711323943571
00e12e8b_2275,11608.728199026056
00e12e8b_2276,11608.734582297204
00e12e8b_2277,11608.741915126262
00e12e8b_2278,11608.748149099254
00e12e8b_2279,11608.755773311797
00e12e8b_2280,11608.767905527558
00e12e8b_2281,11608.777946020948
00e12e8b_2282,11608.789025909959
00e12e8b_2283,11608.800479328194
00e12e8b_2284,11608.810848961435
00e12e8b_2285,11608.825068339036
00e12e8b_2286,11608.839716494324
00e12e8b_2287,11608.856981189045
00e12e8b_2288,11608.873996216946
00e12e8b_2289,11608.892577334693
00e12e8b_2290,11608.910226521257
00e12e8b_2291,11608.928012027973
00e12e8b_2292,11608.945645987387
00e12e8b_2293,11608.964576889959
00e12e8b_2294,11608.983130888042
00e12e8b_2295,11609.004708270284
00e12e8b_2296,11609.024880827033
00e12e8b_2297,11609.044548156355
00e12e8b_2298,11609.061536605306
00e12e8b_2299,11609.081172462716
00e12e8b_2300,11609.100347424876
00e12e8b_2301,11609.116947444603
00e12e8b_2302,11609.132982483892
00e12e8b_2303,11609.153583801599
00e12e8b_2304,11609.176623299634
00e12e8b_2305,11609.201415315492
00e12e8b_2306,11609.224602077717
00e12e8b_2307,11609.25148457162
00e12e8b_2308,11609.278362528736
00e12e8b_2309,11609.304971176398
00e12e8b_2310,11609.333285708559
00e12e8b_2311,11609.361427297594
00e12e8b_2312,11609.388642289403
00e12e8b_2313,11609.413707206884
00e12e8b_2314,11609.438241938828
00e12e8b_2315,11609.462118060781
00e12e8b_2316,11609.483947266592
00e12e8b_2317,11609.501616402616
00e12e8b_2318,11609.52524785056
00e12e8b_2319,11609.547495718252
00e12e8b_2320,11609.568934932606
00e12e8b_2321,11609.592602716803
00e12e8b_2322,11609.615283152916
00e12e8b_2323,11609.632374300032
00e12e8b_2324,11609.647279242126
00e12e8b_2325,11609.664992370163
00e12e8b_2326,11609.68311008832
00e12e8b_2327,11609.696797546429
00e12e8b_2328,11609.71316804516
00e12e8b_2329,11609.732682518004
00e12e8b_2330,11609.749106598123
00e12e8b_2331,11609.766817358894
00e12e8b_2332,11609.786704444847
00e12e8b_2333,11609.80523281994
00e12e8b_2334,11609.825067668418
00e12e8b_2335,11609.836290255724
00e12e8b_2336,11609.856749887513
00e12e8b_2337,11609.878527774974
00e12e8b_2338,11609.897886692881
00e12e8b_2339,11609.918913313799
00e12e8b_2340,11609.943759748643
00e12e8b_2341,11609.96322550091
00e12e8b_2342,11609.986319618543
00e12e8b_2343,11610.010956566137
00e12e8b_2344,11610.036197008889
00e12e8b_2345,11610.057434881674
00e12e8b_2346,11610.074318142042
00e12e8b_2347,11610.099784821265
00e12e8b_2348,11610.129050796888
00e12e8b_2349,11610.150645578851
00e12e8b_2350,11610.181967574154
00e12e8b_2351,11610.213151600978
00e12e8b_2352,11610.245153387968
00e12e8b_2353,11610.270825428872
00e12e8b_2354,11610.303338884158
00e12e8b_2355,11610.33108121292
00e12e8b_2356,11610.362727497184
00e12e8b_2357,11610.390093361611
00e12e8b_2358,11610.412752436612
00e12e8b_2359,11610.438579851841
00e12e8b_2360,11610.459363216556
00e12e8b_2361,11610.474293900585
00e12e8b_2362,11610.497681019484
00e12e8b_2363,11610.51577100515
00e12e8b_2364,11610.536379867095
00e12e8b_2365,11610.553234704472
00e12e8b_2366,11610.574387475699
00e12e8b_2367,11610.589521093461
00e12e8b_2368,11610.607863258669
00e12e8b_2369,11610.62319859062
00e12e8b_2370,11610.64305225851
00e12e8b_2371,11610.655421359097
00e12e8b_2372,11610.674457764108
00e12e8b_2373,11610.68813093947
00e12e8b_2374,11610.70706726972
00e12e8b_2375,11610.716826136211
00e12e8b_2376,11610.727525893904
00e12e8b_2377,11610.740722085571
00e12e8b_2378,11610.748369365261
00e12e8b_2379,11610.750958410434
00e12e8b_2380,11610.759917866482
00e12e8b_2381,11610.761768663644
00e12e8b_2382,11610.765031214883
00e12e8b_2383,11610.764498652105
00e12e8b_2384,11610.768799708416
00e12e8b_2385,11610.767700588782
00e12e8b_2386,11610.770281797404
00e12e8b_2387,11610.770092516434
00e12e8b_2388,11610.770866742554
00e12e8b_2389,11610.77601100508
00e12e8b_2390,11610.780151193354
00e12e8b_2391,11610.784883390697
00e12e8b_2392,11610.789919531111
00e12e8b_2393,11610.792985312819
00e12e8b_2394,11610.805125933435
00e12e8b_2395,11610.812455398707
00e12e8b_2396,11610.820503654559
00e12e8b_2397,11610.826680348993
00e12e8b_2398,11610.835810782188
00e12e8b_2399,11610.844749080763
00e12e8b_2400,11610.858019458617
00e12e8b_2401,11610.869172316934
00e12e8b_2402,11610.881673965116
00e12e8b_2403,11610.894142674599
00e12e8b_2404,11610.90424619925
00e12e8b_2405,11610.917848572979
00e12e8b_2406,11610.932143333914
00e12e8b_2407,11610.94170667131
00e12e8b_2408,11610.953666001802
00e12e8b_2409,11610.970023424496
00e12e8b_2410,11610.989898283064
00e12e8b_2411,11611.007944040053
00e12e8b_2412,11611.030357539094
00e12e8b_2413,11611.052744140361
00e12e8b_2414,11611.076712858725
00e12e8b_2415,11611.09614147554
00e12e8b_2416,11611.118527772436
00e12e8b_2417,11611.139812123782
00e12e8b_2418,11611.161147590406
00e12e8b_2419,11611.179947142724
00e12e8b_2420,11611.19725289297
00e12e8b_2421,11611.212884079509
00e12e8b_2422,11611.225265525281
00e12e8b_2423,11611.231406965228
00e12e8b_2424,11611.246644047718
00e12e8b_2425,11611.260441333263
00e12e8b_2426,11611.27226837437
00e12e8b_2427,11611.281941877696
00e12e8b_2428,11611.291613794388
00e12e8b_2429,11611.292978218524
00e12e8b_2430,11611.302539936198
00e12e8b_2431,11611.310666071633
00e12e8b_2432,11611.320649386795
00e12e8b_2433,11611.326888549727
00e12e8b_2434,11611.331646667782
00e12e8b_2435,11611.34026404634
00e12e8b_2436,11611.349758734837
00e12e8b_2437,11611.351752734041
00e12e8b_2438,11611.363197350012
00e12e8b_2439,11611.373851776458
00e12e8b_2440,11611.382469740638
00e12e8b_2441,11611.386051845058
00e12e8b_2442,11611.395973100003
00e12e8b_2443,11611.399737228196
00e12e8b_2444,11611.405374329759
00e12e8b_2445,11611.41259025584
00e12e8b_2446,11611.421868399453
00e12e8b_2447,11611.43453165805
00e12e8b_2448,11611.445641203167
00e12e8b_2449,11611.448888329316
00e12e8b_2450,11611.460365145324
00e12e8b_2451,11611.467287081008
00e12e8b_2452,11611.484093988522
00e12e8b_2453,11611.497301482112
00e12e8b_2454,11611.518070397837
00e12e8b_2455,11611.532484201125
00e12e8b_2456,11611.554313761888
00e12e8b_2457,11611.570540293324
00e12e8b_2458,11611.592954701438
00e12e8b_2459,11611.606727153656
00e12e8b_2460,11611.625759263166
00e12e8b_2461,11611.63694435357
00e12e8b_2462,11611.649616539802
00e12e8b_2463,11611.655930119823
00e12e8b_2464,11611.66614757306
00e12e8b_2465,11611.667968373564
00e12e8b_2466,11611.672335543208
00e12e8b_2467,11611.683263129053
00e12e8b_2468,11611.689985840452
00e12e8b_2469,11611.698722638219
00e12e8b_2470,11611.704697017813
00e12e8b_2471,11611.71036002607
00e12e8b_2472,11611.72159332737
00e12e8b_2473,11611.72391761613
00e12e8b_2474,11611.728427581435
00e12e8b_2475,11611.733620409008
00e12e8b_2476,11611.742480020916
00e12e8b_2477,11611.742642523663
00e12e8b_2478,11611.744677449702
00e12e8b_2479,11611.751305370086
00e12e8b_2480,11611.750600302252
00e12e8b_2481,11611.752025629226
00e12e8b_2482,11611.752322877524
00e12e8b_2483,11611.751648914234
00e12e8b_2484,11611.752700565694
00e12e8b_2485,11611.749133595305
00e12e8b_2486,11611.744785044479
00e12e8b_2487,11611.738377168702
00e12e8b_2488,11611.737861217045
00e12e8b_2489,11611.742430314585
00e12e8b_2490,11611.742983542066
00e12e8b_2491,11611.737216496651
00e12e8b_2492,11611.732127377134
00e12e8b_2493,11611.728843324545
00e12e8b_2494,11611.727857576205
00e12e8b_2495,11611.723459304467
00e12e8b_2496,11611.721009003108
00e12e8b_2497,11611.72332171112
00e12e8b_2498,11611.72402007407
00e12e8b_2499,11611.726084479209
00e12e8b_2500,11611.726700589363
00e12e8b_2501,11611.729056313578
00e12e8b_2502,11611.735038863611
00e12e8b_2503,11611.736561063757
00e12e8b_2504,11611.732336928992
00e12e8b_2505,11611.732407684769
00e12e8b_2506,11611.731829762877
00e12e8b_2507,11611.731767605124
00e12e8b_2508,11611.73101851959
00e12e8b_2509,11611.730481820461
00e12e8b_2510,11611.729926154256
00e12e8b_2511,11611.731009497425
00e12e8b_2512,11611.730814860115
00e12e8b_2513,11611.729677017061
00e12e8b_2514,11611.729331114162
00e12e8b_2515,11611.73377708598
00e12e8b_2516,11611.732206606957
00e12e8b_2517,11611.738039670023
00e12e8b_2518,11611.744065171184
00e12e8b_2519,11611.752756350505
00e12e8b_2520,11611.757549173988
00e12e8b_2521,11611.765174197322
00e12e8b_2522,11611.768671982241
00e12e8b_2523,11611.777360051365
00e12e8b_2524,11611.784025702756
00e12e8b_2525,11611.792077393977
00e12e8b_2526,11611.793220298914
00e12e8b_2527,11611.792818395003
00e12e8b_2528,11611.797060456493
00e12e8b_2529,11611.79919588298
00e12e8b_2530,11611.79839910318
00e12e8b_2531,11611.801523178914
00e12e8b_2532,11611.803992547899
00e12e8b_2533,11611.80400285383
00e12e8b_2534,11611.802501132126
00e12e8b_2535,11611.801375643863
00e12e8b_2536,11611.801955967085
00e12e8b_2537,11611.802751579919
00e12e8b_2538,11611.80347498216
00e12e8b_2539,11611.80609129134
00e12e8b_2540,11611.803526280128
00e12e8b_2541,11611.80456330336
00e12e8b_2542,11611.803820450506
00e12e8b_2543,11611.803745403227
00e12e8b_2544,11611.80635279977
00e12e8b_2545,11611.805104868126
00e12e8b_2546,11611.806280148416
00e12e8b_2547,11611.802875042398
00e12e8b_2548,11611.802392089088
00e12e8b_2549,11611.801276291371
00e12e8b_2550,11611.802862456578
00e12e8b_2551,11611.804446001272
00e12e8b_2552,11611.806955415876
00e12e8b_2553,11611.81484583718
00e12e8b_2554,11611.821873251443
00e12e8b_2555,11611.824498850754
00e12e8b_2556,11611.829939655006
00e12e8b_2557,11611.834344514902
00e12e8b_2558,11611.843225326265
00e12e8b_2559,11611.853789738663
00e12e8b_2560,11611.864532825719
00e12e8b_2561,11611.878249645693
00e12e8b_2562,11611.891412067544
00e12e8b_2563,11611.901641858676
00e12e8b_2564,11611.913482506334
00e12e8b_2565,11611.924864113558
00e12e8b_2566,11611.939215913331
00e12e8b_2567,11611.94769265284
00e12e8b_2568,11611.956397446076
00e12e8b_2569,11611.963086009497
00e12e8b_2570,11611.967531226292
00e12e8b_2571,11611.969888635855
00e12e8b_2572,11611.974831084442
00e12e8b_2573,11611.980598181937
00e12e8b_2574,11611.984074604294
00e12e8b_2575,11611.990595195479
00e12e8b_2576,11611.996929816512
00e12e8b_2577,11612.002352044161
00e12e8b_2578,11612.007468664062
00e12e8b_2579,11612.019165523645
00e12e8b_2580,11612.024938542469
00e12e8b_2581,11612.029680687005
00e12e8b_2582,11612.034293763641
00e12e8b_2583,11612.036277046926
00e12e8b_2584,11612.036997989151
00e12e8b_2585,11612.03913198032
00e12e8b_2586,11612.039510432216
00e12e8b_2587,11612.038993623079
00e12e8b_2588,11612.038129481973
00e12e8b_2589,11612.041508256358
00e12e8b_2590,11612.038796125322
00e12e8b_2591,11612.033316731045
00e12e8b_2592,11612.02903618887
00e12e8b_2593,11612.025632576326
00e12e8b_2594,11612.023012579397
00e12e8b_2595,11612.025216875492
00e12e8b_2596,11612.021912074815
00e12e8b_2597,11612.017410823704
00e12e8b_2598,11612.010769005501
00e12e8b_2599,11612.004607399194
00e12e8b_2600,11611.999708324014
00e12e8b_2601,11612.002080232036
00e12e8b_2602,11611.998046884244
00e12e8b_2603,11611.993946332354
00e12e8b_2604,11611.99173071685
00e12e8b_2605,11611.992038873766
00e12e8b_2606,11611.987335668138
00e12e8b_2607,11611.982681470943
00e12e8b_2608,11611.981097489224
00e12e8b_2609,11611.981780921116
00e12e8b_2610,11611.97659070769
00e12e8b_2611,11611.972094443103
00e12e8b_2612,11611.969645637284
00e12e8b_2613,11611.970111513587
00e12e8b_2614,11611.965960828466
00e12e8b_2615,11611.962629462367
00e12e8b_2616,11611.96636385288
00e12e8b_2617,11611.962930443371
00e12e8b_2618,11611.960923185003
00e12e8b_2619,11611.958804082095
00e12e8b_2620,11611.960947353073
00e12e8b_2621,11611.960208793862
00e12e8b_2622,11611.9599121374
00e12e8b_2623,11611.967540716056
00e12e8b_2624,11611.970087905334
00e12e8b_2625,11611.97177390508
00e12e8b_2626,11611.97994627527
00e12e8b_2627,11611.985352043212
00e12e8b_2628,11611.987941629328
00e12e8b_2629,11611.989993995365
00e12e8b_2630,11611.998445554118
00e12e8b_2631,11612.00410794845
00e12e8b_2632,11612.006219835006
00e12e8b_2633,11612.007727696531
00e12e8b_2634,11612.013260991256
00e12e8b_2635,11612.01414045649
00e12e8b_2636,11612.013808693784
00e12e8b_2637,11612.015190581807
00e12e8b_2638,11612.012593017438
00e12e8b_2639,11612.00753546465
00e12e8b_2640,11612.002950279106
00e12e8b_2641,11612.00436988621
00e12e8b_2642,11612.00444549268
00e12e8b_2643,11612.00221779686
00e12e8b_2644,11611.99725571854
00e12e8b_2645,11611.996019240616
00e12e8b_2646,11611.996755984945
00e12e8b_2647,11611.996437534557
00e12e8b_2648,11611.99451778128
00e12e8b_2649,11611.993187170188
00e12e8b_2650,11611.993995082405
00e12e8b_2651,11611.993592634304
00e12e8b_2652,11611.996571125095
00e12e8b_2653,11611.998653830588
00e12e8b_2654,11612.002281688037
00e12e8b_2655,11612.005649189872
00e12e8b_2656,11612.00716537882
00e12e8b_2657,11612.0101365775
00e12e8b_2658,11612.011366377337
00e12e8b_2659,11612.012570152474
00e12e8b_2660,11612.009892333292
00e12e8b_2661,11612.01496801291
00e12e8b_2662,11612.020919062525
00e12e8b_2663,11612.032726559528
00e12e8b_2664,11612.045663487803
00e12e8b_2665,11612.063051886655
00e12e8b_2666,11612.072929440124
00e12e8b_2667,11612.092166478105
00e12e8b_2668,11612.111783044666
00e12e8b_2669,11612.133137427783
00e12e8b_2670,11612.143339329348
00e12e8b_2671,11612.15782438105
00e12e8b_2672,11612.172698799632
00e12e8b_2673,11612.182998315962
00e12e8b_2674,11612.18556962348
00e12e8b_2675,11612.186527612841
00e12e8b_2676,11612.186454092209
00e12e8b_2677,11612.19107284944
00e12e8b_2678,11612.186885799852
00e12e8b_2679,11612.190232878707
00e12e8b_2680,11612.18728405195
00e12e8b_2681,11612.18970528596
00e12e8b_2682,11612.187613834692
00e12e8b_2683,11612.185670435825
00e12e8b_2684,11612.188648526724
00e12e8b_2685,11612.188108579514
00e12e8b_2686,11612.18081592246
00e12e8b_2687,11612.182773649845
00e12e8b_2688,11612.178920161585
00e12e8b_2689,11612.182440127459
00e12e8b_2690,11612.175916142227
00e12e8b_2691,11612.177205562974
00e12e8b_2692,11612.170584239528
00e12e8b_2693,11612.165482523247
00e12e8b_2694,11612.156879049755
00e12e8b_2695,11612.152972544875
00e12e8b_2696,11612.140050309172
00e12e8b_2697,11612.133267864498
00e12e8b_2698,11612.116032662876
00e12e8b_2699,11612.116341793728
00e12e8b_2700,11612.105683492195
00e12e8b_2701,11612.098743912862
00e12e8b_2702,11612.097131673701
00e12e8b_2703,11612.094647464754
00e12e8b_2704,11612.08821922139
00e12e8b_2705,11612.080351333749
00e12e8b_2706,11612.072875358455
00e12e8b_2707,11612.068913550134
00e12e8b_2708,11612.057573934133
00e12e8b_2709,11612.05229676905
00e12e8b_2710,11612.044793544064
00e12e8b_2711,11612.04555132323
00e12e8b_2712,11612.038830971407
00e12e8b_2713,11612.02802021546
00e12e8b_2714,11612.026923201147
00e12e8b_2715,11612.020746230239
00e12e8b_2716,11612.010970026064
00e12e8b_2717,11612.00124090882
00e12e8b_2718,11611.993527533003
00e12e8b_2719,11611.99130344277
00e12e8b_2720,11611.97996340401
00e12e8b_2721,11611.97331816327
00e12e8b_2722,11611.962881808418
00e12e8b_2723,11611.953487379911
00e12e8b_2724,11611.947998683961
00e12e8b_2725,11611.938522120709
00e12e8b_2726,11611.925814592316
00e12e8b_2727,11611.916575856647
00e12e8b_2728,11611.908420487965
00e12e8b_2729,11611.90232547781
00e12e8b_2730,11611.896800326082
00e12e8b_2731,11611.90114763572
00e12e8b_2732,11611.898424869245
00e12e8b_2733,11611.895235864606
00e12e8b_2734,11611.895328508146
00e12e8b_2735,11611.892214481577
00e12e8b_2736,11611.891687891868
00e12e8b_2737,11611.891858092122
00e12e8b_2738,11611.886964667567
00e12e8b_2739,11611.883471231646
00e12e8b_2740,11611.879086713452
00e12e8b_2741,11611.878017024166
00e12e8b_2742,11611.867868138272
00e12e8b_2743,11611.860072622967
00e12e8b_2744,11611.85228349634
00e12e8b_2745,11611.843302131207
00e12e8b_2746,11611.839081697344
00e12e8b_2747,11611.834884982807
00e12e8b_2748,11611.830700884024
00e12e8b_2749,11611.827941838888
00e12e8b_2750,11611.820988344632
00e12e8b_2751,11611.816577565955
00e12e8b_2752,11611.811936240749
00e12e8b_2753,11611.808841126516
00e12e8b_2754,11611.801478886464
00e12e8b_2755,11611.7968878713
00e12e8b_2756,11611.79489339122
00e12e8b_2757,11611.791606720994
00e12e8b_2758,11611.787763895853
00e12e8b_2759,11611.786003473728
00e12e8b_2760,11611.782336971672
00e12e8b_2761,11611.779204582688
00e12e8b_2762,11611.771236104001
00e12e8b_2763,11611.766962621374
00e12e8b_2764,11611.763446870922
00e12e8b_2765,11611.761105921014
00e12e8b_2766,11611.761154477896
00e12e8b_2767,11611.760986911235
00e12e8b_2768,11611.76680135557
00e12e8b_2769,11611.771159863252
00e12e8b_2770,11611.775188304084
00e12e8b_2771,11611.785143086632
00e12e8b_2772,11611.791335954564
00e12e8b_2773,11611.792378347574
00e12e8b_2774,11611.801225887488
00e12e8b_2775,11611.806489004437
00e12e8b_2776,11611.807583406247
00e12e8b_2777,11611.810108049809
00e12e8b_2778,11611.813658139628
00e12e8b_2779,11611.806409416957
00e12e8b_2780,11611.802327241097
00e12e8b_2781,11611.796116838837
00e12e8b_2782,11611.79348051993
00e12e8b_2783,11611.790324479789
00e12e8b_2784,11611.78340782316
00e12e8b_2785,11611.777468264318
00e12e8b_2786,11611.774019905339
00e12e8b_2787,11611.772847666449
00e12e8b_2788,11611.769518779249
00e12e8b_2789,11611.758152952192
00e12e8b_2790,11611.755495556808
00e12e8b_2791,11611.750380904024
00e12e8b_2792,11611.742528859275
00e12e8b_2793,11611.737209391003
00e12e8b_2794,11611.731430806423
00e12e8b_2795,11611.723826964308
00e12e8b_2796,11611.717576833289
00e12e8b_2797,11611.704027907206
00e12e8b_2798,11611.695579807356
00e12e8b_2799,11611.689464092524
00e12e8b_2800,11611.674613792402
00e12e8b_2801,11611.662302214554
00e12e8b_2802,11611.653251271251
00e12e8b_2803,11611.637274717672
00e12e8b_2804,11611.628304968763
00e12e8b_2805,11611.619183133258
00e12e8b_2806,11611.608754177827
00e12e8b_2807,11611.598491968949
00e12e8b_2808,11611.589137256175
00e12e8b_2809,11611.577373323635
00e12e8b_2810,11611.566446482131
00e12e8b_2811,11611.553994834543
00e12e8b_2812,11611.539696387008
00e12e8b_2813,11611.527017649743
00e12e8b_2814,11611.513090087494
00e12e8b_2815,11611.501750005446
00e12e8b_2816,11611.490232350448
00e12e8b_2817,11611.478105778675
00e12e8b_2818,11611.463505774225
00e12e8b_2819,11611.453216462443
00e12e8b_2820,11611.443775900736
00e12e8b_2821,11611.437047315365
00e12e8b_2822,11611.421162573717
00e12e8b_2823,11611.410864617414
00e12e8b_2824,11611.404578963953
00e12e8b_2825,11611.397002385347
00e12e8b_2826,11611.381743738559
00e12e8b_2827,11611.376656884982
00e12e8b_2828,11611.370162914183
00e12e8b_2829,11611.361467670671
00e12e8b_2830,11611.355062628954
00e12e8b_2831,11611.351457102224
00e12e8b_2832,11611.338042448495
00e12e8b_2833,11611.328165088253
00e12e8b_2834,11611.323323362136
00e12e8b_2835,11611.319475989898
00e12e8b_2836,11611.313227867127
00e12e8b_2837,11611.311355049436
00e12e8b_2838,11611.306381386486
00e12e8b_2839,11611.302986656521
00e12e8b_2840,11611.301292843644
00e12e8b_2841,11611.297891582455
00e12e8b_2842,11611.294579071147
00e12e8b_2843,11611.293725189986
00e12e8b_2844,11611.28901732032
00e12e8b_2845,11611.284980098
00e12e8b_2846,11611.28212338168
00e12e8b_2847,11611.276485604209
00e12e8b_2848,11611.268022331358
00e12e8b_2849,11611.256584951836
00e12e8b_2850,11611.247537108906
00e12e8b_2851,11611.236511679297
00e12e8b_2852,11611.228486532673
00e12e8b_2853,11611.219783873796
00e12e8b_2854,11611.209504699807
00e12e8b_2855,11611.205399377664
00e12e8b_2856,11611.19698931702
00e12e8b_2857,11611.189137117779
00e12e8b_2858,11611.182125461139
00e12e8b_2859,11611.173848215447
00e12e8b_2860,11611.167217801518
00e12e8b_2861,11611.16826989215
00e12e8b_2862,11611.16245461345
00e12e8b_2863,11611.157153961394
00e12e8b_2864,11611.15186099142
00e12e8b_2865,11611.153563398606
00e12e8b_2866,11611.147266310432
00e12e8b_2867,11611.144429839476
00e12e8b_2868,11611.140008914503
00e12e8b_2869,11611.141138163779
00e12e8b_2870,11611.136443513402
00e12e8b_2871,11611.129382370571
00e12e8b_2872,11611.133381861098
00e12e8b_2873,11611.132348069783
00e12e8b_2874,11611.134842253261
00e12e8b_2875,11611.140288919662
00e12e8b_2876,11611.145973344046
00e12e8b_2877,11611.153042482376
00e12e8b_2878,11611.162602281625
00e12e8b_2879,11611.168502072875
00e12e8b_2880,11611.182975177817
00e12e8b_2881,11611.184083305383
00e12e8b_2882,11611.195296958569
00e12e8b_2883,11611.201117289564
00e12e8b_2884,11611.206911256279
00e12e8b_2885,11611.207372390498
00e12e8b_2886,11611.211160276815
00e12e8b_2887,11611.208114651226
00e12e8b_2888,11611.210283677847
00e12e8b_2889,11611.207743717412
00e12e8b_2890,11611.210865842091
00e12e8b_2891,11611.208909667976
00e12e8b_2892,11611.209525582419
00e12e8b_2893,11611.204568603136
00e12e8b_2894,11611.208321733768
00e12e8b_2895,11611.20841673945
00e12e8b_2896,11611.204650945361
00e12e8b_2897,11611.203974365502
00e12e8b_2898,11611.200299476539
00e12e8b_2899,11611.202253270505
00e12e8b_2900,11611.201911230579
00e12e8b_2901,11611.195874963665
00e12e8b_2902,11611.198805017848
00e12e8b_2903,11611.194398929918
00e12e8b_2904,11611.192827360586
00e12e8b_2905,11611.189410472056
00e12e8b_2906,11611.184115657743
00e12e8b_2907,11611.184730719784
00e12e8b_2908,11611.175139045175
00e12e8b_2909,11611.172609659296
00e12e8b_2910,11611.172899281537
00e12e8b_2911,11611.165979234485
00e12e8b_2912,11611.166117468703
00e12e8b_2913,11611.164289625201
00e12e8b_2914,11611.157776115899
00e12e8b_2915,11611.157217758431
00e12e8b_2916,11611.152222696825
00e12e8b_2917,11611.149432446611
00e12e8b_2918,11611.144103561199
00e12e8b_2919,11611.1427297419
00e12e8b_2920,11611.13699377351
00e12e8b_2921,11611.133338961055
00e12e8b_2922,11611.126522747989
00e12e8b_2923,11611.116376989754
00e12e8b_2924,11611.114189856129
00e12e8b_2925,11611.104524885519
00e12e8b_2926,11611.094876551853
00e12e8b_2927,11611.093776376481
00e12e8b_2928,11611.085011493506
00e12e8b_2929,11611.080556751438
00e12e8b_2930,11611.075137748168
00e12e8b_2931,11611.06919428226
00e12e8b_2932,11611.06200322343
00e12e8b_2933,11611.053751009847
00e12e8b_2934,11611.046498634829
00e12e8b_2935,11611.04017193802
00e12e8b_2936,11611.030592345895
00e12e8b_2937,11611.030532642231
00e12e8b_2938,11611.022416199317
00e12e8b_2939,11611.014728337064
00e12e8b_2940,11611.00816237547
00e12e8b_2941,11610.999289828567
00e12e8b_2942,11610.993767182776
00e12e8b_2943,11610.985999174804
00e12e8b_2944,11610.973448393383
00e12e8b_2945,11610.966202315956
00e12e8b_2946,11610.960523442922
00e12e8b_2947,11610.954175778577
00e12e8b_2948,11610.950155134702
00e12e8b_2949,11610.950192658853
00e12e8b_2950,11610.945871184947
00e12e8b_2951,11610.941046213255
00e12e8b_2952,11610.939235793026
00e12e8b_2953,11610.94335510314
00e12e8b_2954,11610.942511417561
00e12e8b_2955,11610.933599482425
00e12e8b_2956,11610.932689335128
00e12e8b_2957,11610.930845494106
00e12e8b_2958,11610.9201823258
00e12e8b_2959,11610.918052890403
00e12e8b_2960,11610.908987531708
00e12e8b_2961,11610.902892505626
00e12e8b_2962,11610.895491592979
00e12e8b_2963,11610.890891169016
00e12e8b_2964,11610.884925472412
00e12e8b_2965,11610.882632343593
00e12e8b_2966,11610.873706990991
00e12e8b_2967,11610.87089968249
00e12e8b_2968,11610.86307740671
00e12e8b_2969,11610.858073212417
00e12e8b_2970,11610.846513961373
00e12e8b_2971,11610.838933536264
00e12e8b_2972,11610.832821211996
00e12e8b_2973,11610.822895915302
00e12e8b_2974,11610.813281316012
00e12e8b_2975,11610.802787304445
00e12e8b_2976,11610.794542643733
00e12e8b_2977,11610.779391812981
00e12e8b_2978,11610.766942289742
00e12e8b_2979,11610.755346393456
00e12e8b_2980,11610.744756607295
00e12e8b_2981,11610.734922762069
00e12e8b_2982,11610.73122136298
00e12e8b_2983,11610.72213483283
00e12e8b_2984,11610.71754667359
00e12e8b_2985,11610.707626225347
00e12e8b_2986,11610.700301519533
00e12e8b_2987,11610.693658060325
00e12e8b_2988,11610.683652433981
00e12e8b_2989,11610.673589874044
00e12e8b_2990,11610.662406542046
00e12e8b_2991,11610.647199385483
00e12e8b_2992,11610.624812622846
00e12e8b_2993,11610.608995021128
00e12e8b_2994,11610.593274309987
00e12e8b_2995,11610.579063596066
00e12e8b_2996,11610.565002076775
00e12e8b_2997,11610.550253290328
00e12e8b_2998,11610.529731003393
00e12e8b_2999,11610.517929591588
00e12e8b_3000,11610.503492451215
00e12e8b_3001,11610.485352781221
00e12e8b_3002,11610.473451525624
00e12e8b_3003,11610.461775763517
00e12e8b_3004,11610.448531937032
00e12e8b_3005,11610.42935968008
00e12e8b_3006,11610.417114082205
00e12e8b_3007,11610.400774422691
00e12e8b_3008,11610.37977123634
00e12e8b_3009,11610.364596091826
00e12e8b_3010,11610.347253037802
00e12e8b_3011,11610.329193223708
00e12e8b_3012,11610.30784909012
00e12e8b_3013,11610.2865659799
00e12e8b_3014,11610.266894684002
00e12e8b_3015,11610.243978632861
00e12e8b_3016,11610.226970426036
00e12e8b_3017,11610.207937823157
00e12e8b_3018,11610.19140695887
00e12e8b_3019,11610.166993535193
00e12e8b_3020,11610.147471046072
00e12e8b_3021,11610.129310937149
00e12e8b_3022,11610.10876211203
00e12e8b_3023,11610.08254630008
00e12e8b_3024,11610.060207624121
00e12e8b_3025,11610.038454040994
00e12e8b_3026,11610.014215922947
00e12e8b_3027,11609.98342317532
00e12e8b_3028,11609.959838996263
00e12e8b_3029,11609.934415346124
00e12e8b_3030,11609.908319606377
00e12e8b_3031,11609.876158138937
00e12e8b_3032,11609.847869981993
00e12e8b_3033,11609.81931954042
00e12e8b_3034,11609.794997944393
00e12e8b_3035,11609.763617702432
00e12e8b_3036,11609.738161483187
00e12e8b_3037,11609.71554710875
00e12e8b_3038,11609.691173220312
00e12e8b_3039,11609.661874949557
00e12e8b_3040,11609.639838541232
00e12e8b_3041,11609.615583416089
00e12e8b_3042,11609.592681723516
00e12e8b_3043,11609.573067119285
00e12e8b_3044,11609.546653028025
00e12e8b_3045,11609.524892705347
00e12e8b_3046,11609.504842771119
00e12e8b_3047,11609.487228180225
00e12e8b_3048,11609.462677114252
00e12e8b_3049,11609.444418994557
00e12e8b_3050,11609.430607526381
00e12e8b_3051,11609.414530864151
00e12e8b_3052,11609.397667505924
00e12e8b_3053,11609.375711356362
00e12e8b_3054,11609.35855773293
00e12e8b_3055,11609.341806962231
00e12e8b_3056,11609.329832158382
00e12e8b_3057,11609.317763625171
00e12e8b_3058,11609.301986993292
00e12e8b_3059,11609.29485467551
00e12e8b_3060,11609.281567854116
00e12e8b_3061,11609.269246712189
00e12e8b_3062,11609.259950436035
00e12e8b_3063,11609.242579116217
00e12e8b_3064,11609.230259620072
00e12e8b_3065,11609.2197048511
00e12e8b_3066,11609.208367897849
00e12e8b_3067,11609.19408168557
00e12e8b_3068,11609.17601721178
00e12e8b_3069,11609.15993281498
00e12e8b_3070,11609.14749723536
00e12e8b_3071,11609.135045464956
00e12e8b_3072,11609.125448290211
00e12e8b_3073,11609.108409421857
00e12e8b_3074,11609.098383053664
00e12e8b_3075,11609.090054536146
00e12e8b_3076,11609.078777111466
00e12e8b_3077,11609.066235239728
00e12e8b_3078,11609.057471255786
00e12e8b_3079,11609.040443134505
00e12e8b_3080,11609.0284920232
00e12e8b_3081,11609.019047291054
00e12e8b_3082,11609.004332449143
00e12e8b_3083,11608.992101092568
00e12e8b_3084,11608.983610939918
00e12e8b_3085,11608.970595274335
00e12e8b_3086,11608.965461746784
00e12e8b_3087,11608.957924218914
00e12e8b_3088,11608.949501380965
00e12e8b_3089,11608.941014016713
00e12e8b_3090,11608.931050694788
00e12e8b_3091,11608.923934632854
00e12e8b_3092,11608.910988173348
00e12e8b_3093,11608.902494572874
00e12e8b_3094,11608.895908332666
00e12e8b_3095,11608.884023852796
00e12e8b_3096,11608.87028608127
00e12e8b_3097,11608.856986083589
00e12e8b_3098,11608.83771552454
00e12e8b_3099,11608.817124611156
00e12e8b_3100,11608.801617329525
00e12e8b_3101,11608.788412604405
00e12e8b_3102,11608.772948591342
00e12e8b_3103,11608.757045652792
00e12e8b_3104,11608.73794753117
00e12e8b_3105,11608.720262987303
00e12e8b_3106,11608.702611229503
00e12e8b_3107,11608.683548865763
00e12e8b_3108,11608.659846536273
00e12e8b_3109,11608.637442838433
00e12e8b_3110,11608.614376583067
00e12e8b_3111,11608.586550938679
00e12e8b_3112,11608.561322587495
00e12e8b_3113,11608.536123969752
00e12e8b_3114,11608.50644779369
00e12e8b_3115,11608.478784539822
00e12e8b_3116,11608.449991124158
00e12e8b_3117,11608.414575860837
00e12e8b_3118,11608.384715475782
00e12e8b_3119,11608.352408701572
00e12e8b_3120,11608.313386652579
00e12e8b_3121,11608.286025613907
00e12e8b_3122,11608.250450017771
00e12e8b_3123,11608.220469126685
00e12e8b_3124,11608.187910965717
00e12e8b_3125,11608.158020731069
00e12e8b_3126,11608.127731499153
00e12e8b_3127,11608.091159243584
00e12e8b_3128,11608.060961108731
00e12e8b_3129,11608.024770712738
00e12e8b_3130,11607.992495452194
00e12e8b_3131,11607.957201121997
00e12e8b_3132,11607.924201636277
00e12e8b_3133,11607.885898593253
00e12e8b_3134,11607.84745444972
00e12e8b_3135,11607.814494976701
00e12e8b_3136,11607.772636878324
00e12e8b_3137,11607.73382804933
00e12e8b_3138,11607.690761603331
00e12e8b_3139,11607.649230791658
00e12e8b_3140,11607.602758686844
00e12e8b_3141,11607.558078310745
00e12e8b_3142,11607.516880392439
00e12e8b_3143,11607.469386327426
00e12e8b_3144,11607.423413798293
00e12e8b_3145,11607.386144733062
00e12e8b_3146,11607.341861030189
00e12e8b_3147,11607.295879493571
00e12e8b_3148,11607.256004006562
00e12e8b_3149,11607.208917790369
00e12e8b_3150,11607.159596236288
00e12e8b_3151,11607.117200326624
00e12e8b_3152,11607.067839038971
00e12e8b_3153,11607.018595881851
00e12e8b_3154,11606.97014722849
00e12e8b_3155,11606.926806153268
00e12e8b_3156,11606.888348255738
00e12e8b_3157,11606.847464647639
00e12e8b_3158,11606.810520817946
00e12e8b_3159,11606.775083863267
00e12e8b_3160,11606.742429707305
00e12e8b_3161,11606.71823889195
00e12e8b_3162,11606.687041119036
00e12e8b_3163,11606.655150454984
00e12e8b_3164,11606.624722131923
00e12e8b_3165,11606.592633443104
00e12e8b_3166,11606.55897062975
00e12e8b_3167,11606.526797690043
00e12e8b_3168,11606.498435823476
00e12e8b_3169,11606.473933156276
00e12e8b_3170,11606.445058516047
00e12e8b_3171,11606.416784709549
00e12e8b_3172,11606.388881803909
00e12e8b_3173,11606.359415043473
00e12e8b_3174,11606.32955168128
00e12e8b_3175,11606.301963881022
00e12e8b_3176,11606.272130337129
00e12e8b_3177,11606.244168720996
00e12e8b_3178,11606.21861809248
00e12e8b_3179,11606.191269256902
00e12e8b_3180,11606.164429594228
00e12e8b_3181,11606.137291521107
00e12e8b_3182,11606.113212118838
00e12e8b_3183,11606.087086848622
00e12e8b_3184,11606.054785030454
00e12e8b_3185,11606.02676950573
00e12e8b_3186,11605.997509685216
00e12e8b_3187,11605.965418290642
00e12e8b_3188,11605.934154831977
00e12e8b_3189,11605.908791121898
00e12e8b_3190,11605.880627531085
00e12e8b_3191,11605.853566421
00e12e8b_3192,11605.828643899258
00e12e8b_3193,11605.798531259723
00e12e8b_3194,11605.771909244104
00e12e8b_3195,11605.754343686158
00e12e8b_3196,11605.72936977409
00e12e8b_3197,11605.703517375812
00e12e8b_3198,11605.678573726116
00e12e8b_3199,11605.654755654981
00e12e8b_3200,11605.630482788034
00e12e8b_3201,11605.609185516292
00e12e8b_3202,11605.584227288498
00e12e8b_3203,11605.552047744502
00e12e8b_3204,11605.531655554827
00e12e8b_3205,11605.504836680615
00e12e8b_3206,11605.48285030995
00e12e8b_3207,11605.453497989267
00e12e8b_3208,11605.432673401567
00e12e8b_3209,11605.403698263588
00e12e8b_3210,11605.379191569646
00e12e8b_3211,11605.351608908784
00e12e8b_3212,11605.317690931875
00e12e8b_3213,11605.286398275133
00e12e8b_3214,11605.25174590781
00e12e8b_3215,11605.21938807057
00e12e8b_3216,11605.185592538437
00e12e8b_3217,11605.151076642793
00e12e8b_3218,11605.113124536081
00e12e8b_3219,11605.078330324995
00e12e8b_3220,11605.042878814249
00e12e8b_3221,11605.004159617722
00e12e8b_3222,11604.969274679392
00e12e8b_3223,11604.933143770617
00e12e8b_3224,11604.89931547628
00e12e8b_3225,11604.86861477721
00e12e8b_3226,11604.838300063298
00e12e8b_3227,11604.808282030244
00e12e8b_3228,11604.781637864651
00e12e8b_3229,11604.75273173103
00e12e8b_3230,11604.729141431155
00e12e8b_3231,11604.698792072151
00e12e8b_3232,11604.675122760571
00e12e8b_3233,11604.645895044705
00e12e8b_3234,11604.618952121225
00e12e8b_3235,11604.594421936377
00e12e8b_3236,11604.564008109306
00e12e8b_3237,11604.537757693692
00e12e8b_3238,11604.51012456362
00e12e8b_3239,11604.48412469124
00e12e8b_3240,11604.455027188964
00e12e8b_3241,11604.425577658694
00e12e8b_3242,11604.399021272962
00e12e8b_3243,11604.373040529561
00e12e8b_3244,11604.350001587425
00e12e8b_3245,11604.326451931374
00e12e8b_3246,11604.3073672046
00e12e8b_3247,11604.28718380651
00e12e8b_3248,11604.267842726318
00e12e8b_3249,11604.251913250457
00e12e8b_3250,11604.232900279632
00e12e8b_3251,11604.212358576631
00e12e8b_3252,11604.197167632461
00e12e8b_3253,11604.179393357674
00e12e8b_3254,11604.16711493995
00e12e8b_3255,11604.149124604945
00e12e8b_3256,11604.138106222035
00e12e8b_3257,11604.12362396964
00e12e8b_3258,11604.11090530633
00e12e8b_3259,11604.101892000617
00e12e8b_3260,11604.08931435412
00e12e8b_3261,11604.077484883135
00e12e8b_3262,11604.066697765576
00e12e8b_3263,11604.056760431924
00e12e8b_3264,11604.053079893903
00e12e8b_3265,11604.046958753337
00e12e8b_3266,11604.04661667188
00e12e8b_3267,11604.04745189261
00e12e8b_3268,11604.046470471882
00e12e8b_3269,11604.048650010798
00e12e8b_3270,11604.049913271807
00e12e8b_3271,11604.050980895146
00e12e8b_3272,11604.04434647839
00e12e8b_3273,11604.039016920546
00e12e8b_3274,11604.038075240876
00e12e8b_3275,11604.029505784998
00e12e8b_3276,11604.021256045717
00e12e8b_3277,11604.015737082507
00e12e8b_3278,11604.00061067332
00e12e8b_3279,11603.99762007428
00e12e8b_3280,11603.989777957257
00e12e8b_3281,11603.989661252486
00e12e8b_3282,11603.98839722481
00e12e8b_3283,11603.983514610987
00e12e8b_3284,11603.98602398119
00e12e8b_3285,11603.986175162545
00e12e8b_3286,11603.984616956986
00e12e8b_3287,11603.986839759666
00e12e8b_3288,11603.990979380855
00e12e8b_3289,11603.991699888105
00e12e8b_3290,11603.994817005367
00e12e8b_3291,11603.994225703089
00e12e8b_3292,11603.995987097402
00e12e8b_3293,11603.999569941498
00e12e8b_3294,11603.997618254176
00e12e8b_3295,11603.99154964318
00e12e8b_3296,11603.995780528647
00e12e8b_3297,11604.000903244734
00e12e8b_3298,11604.008328722253
00e12e8b_3299,11604.00899729802
00e12e8b_3300,11604.017582103992
00e12e8b_3301,11604.031900530666
00e12e8b_3302,11604.043666376981
00e12e8b_3303,11604.052598897299
00e12e8b_3304,11604.067166133042
00e12e8b_3305,11604.077707455814
00e12e8b_3306,11604.082942086032
00e12e8b_3307,11604.091507949928
00e12e8b_3308,11604.097081121316
00e12e8b_3309,11604.097036195237
00e12e8b_3310,11604.091318839994
00e12e8b_3311,11604.095634438025
00e12e8b_3312,11604.097412048257
00e12e8b_3313,11604.096340193704
00e12e8b_3314,11604.099500433269
00e12e8b_3315,11604.10174011072
00e12e8b_3316,11604.10134800776
00e12e8b_3317,11604.096910680253
00e12e8b_3318,11604.09744978478
00e12e8b_3319,11604.095476849563
00e12e8b_3320,11604.090179242401
00e12e8b_3321,11604.089904176071
00e12e8b_3322,11604.086728084252
00e12e8b_3323,11604.07980907269
00e12e8b_3324,11604.077074758909
00e12e8b_3325,11604.073443448406
00e12e8b_3326,11604.068052630557
00e12e8b_3327,11604.0584834526
00e12e8b_3328,11604.054428826374
00e12e8b_3329,11604.04872552194
00e12e8b_3330,11604.039523309064
00e12e8b_3331,11604.034400124016
00e12e8b_3332,11604.028497457624
00e12e8b_3333,11604.020944021704
00e12e8b_3334,11604.020303821208
00e12e8b_3335,11604.018824280814
00e12e8b_3336,11604.01108176745
00e12e8b_3337,11604.010081625147
00e12e8b_3338,11604.007906499599
00e12e8b_3339,11603.998810660136
00e12e8b_3340,11603.992678088352
00e12e8b_3341,11603.982457971382
00e12e8b_3342,11603.977008665766
00e12e8b_3343,11603.969078988346
00e12e8b_3344,11603.958899161458
00e12e8b_3345,11603.954263754113
00e12e8b_3346,11603.948015590979
00e12e8b_3347,11603.938716244618
00e12e8b_3348,11603.935508711897
00e12e8b_3349,11603.930066856614
00e12e8b_3350,11603.921589604475
00e12e8b_3351,11603.918489336413
00e12e8b_3352,11603.910146227892
00e12e8b_3353,11603.9040438827
00e12e8b_3354,11603.899629758893
00e12e8b_3355,11603.89044017555
00e12e8b_3356,11603.88361495674
00e12e8b_3357,11603.878046888654
00e12e8b_3358,11603.869002758769
00e12e8b_3359,11603.864223119866
00e12e8b_3360,11603.852757269438
00e12e8b_3361,11603.850057998136
00e12e8b_3362,11603.843841460464
00e12e8b_3363,11603.834048466197
00e12e8b_3364,11603.835712266049
00e12e8b_3365,11603.834624933588
00e12e8b_3366,11603.838440743315
00e12e8b_3367,11603.846809088245
00e12e8b_3368,11603.851067135105
00e12e8b_3369,11603.861066208106
00e12e8b_3370,11603.865046053208
00e12e8b_3371,11603.87573968511
00e12e8b_3372,11603.885700088846
00e12e8b_3373,11603.887647772375
00e12e8b_3374,11603.895230854489
00e12e8b_3375,11603.896684131412
00e12e8b_3376,11603.901068936426
00e12e8b_3377,11603.904761191247
00e12e8b_3378,11603.910775361855
00e12e8b_3379,11603.920068228197
00e12e8b_3380,11603.918574346724
00e12e8b_3381,11603.92330081073
00e12e8b_3382,11603.922927915006
00e12e8b_3383,11603.928679588218
00e12e8b_3384,11603.93159240791
00e12e8b_3385,11603.938153302519
00e12e8b_3386,11603.940364769873
00e12e8b_3387,11603.947797012728
00e12e8b_3388,11603.950228882397
00e12e8b_3389,11603.95696147779
00e12e8b_3390,11603.95677596035
00e12e8b_3391,11603.960414885285
00e12e8b_3392,11603.960945372437
00e12e8b_3393,11603.959530708951
00e12e8b_3394,11603.961694092897
00e12e8b_3395,11603.95818286763
00e12e8b_3396,11603.95454737281
00e12e8b_3397,11603.955247268907
00e12e8b_3398,11603.950225980367
00e12e8b_3399,11603.950050138545
00e12e8b_3400,11603.945913980368
00e12e8b_3401,11603.94419178367
00e12e8b_3402,11603.93704818743
00e12e8b_3403,11603.940723619322
00e12e8b_3404,11603.942905336331
00e12e8b_3405,11603.947832185493
00e12e8b_3406,11603.954365227037
00e12e8b_3407,11603.967823938652
00e12e8b_3408,11603.980760580089
00e12e8b_3409,11603.992481810816
00e12e8b_3410,11604.00301441037
00e12e8b_3411,11604.01989325082
00e12e8b_3412,11604.0310365004
00e12e8b_3413,11604.04123260263
00e12e8b_3414,11604.05062573469
00e12e8b_3415,11604.056304222893
00e12e8b_3416,11604.063287788258
00e12e8b_3417,11604.0654944962
00e12e8b_3418,11604.063067062214
00e12e8b_3419,11604.072184636192
00e12e8b_3420,11604.076118608202
00e12e8b_3421,11604.080237025843
00e12e8b_3422,11604.082830459894
00e12e8b_3423,11604.086306757781
00e12e8b_3424,11604.089970798135
00e12e8b_3425,11604.091164740665
00e12e8b_3426,11604.092097621706
00e12e8b_3427,11604.090479215107
00e12e8b_3428,11604.089905055846
00e12e8b_3429,11604.087944303043
00e12e8b_3430,11604.084214402545
00e12e8b_3431,11604.080608872518
00e12e8b_3432,11604.07198340139
00e12e8b_3433,11604.069839693548
00e12e8b_3434,11604.06626177318
00e12e8b_3435,11604.06343658351
00e12e8b_3436,11604.057785399573
00e12e8b_3437,11604.051464687553
00e12e8b_3438,11604.04378676029
00e12e8b_3439,11604.037076280134
00e12e8b_3440,11604.023827675384
00e12e8b_3441,11604.023508625136
00e12e8b_3442,11604.016051689781
00e12e8b_3443,11604.008894974755
00e12e8b_3444,11604.002765385127
00e12e8b_3445,11603.991488713524
00e12e8b_3446,11603.986505100353
00e12e8b_3447,11603.981618583495
00e12e8b_3448,11603.971129049127
00e12e8b_3449,11603.9675587992
00e12e8b_3450,11603.963392017378
00e12e8b_3451,11603.959124734945
00e12e8b_3452,11603.95179793761
00e12e8b_3453,11603.948281886358
00e12e8b_3454,11603.945833746457
00e12e8b_3455,11603.941371914685
00e12e8b_3456,11603.938355282433
00e12e8b_3457,11603.931929754679
00e12e8b_3458,11603.9268144468
00e12e8b_3459,11603.921795069302
00e12e8b_3460,11603.912162073007
00e12e8b_3461,11603.907955381954
00e12e8b_3462,11603.896009464052
00e12e8b_3463,11603.893642639016
00e12e8b_3464,11603.878462181547
00e12e8b_3465,11603.871935667592
00e12e8b_3466,11603.864527140267
00e12e8b_3467,11603.863017279029
00e12e8b_3468,11603.860290380115
00e12e8b_3469,11603.864210385014
00e12e8b_3470,11603.863268094523
00e12e8b_3471,11603.873555460945
00e12e8b_3472,11603.871969424432
00e12e8b_3473,11603.871349624435
00e12e8b_3474,11603.874570034137
00e12e8b_3475,11603.869609942965
00e12e8b_3476,11603.867869980706
00e12e8b_3477,11603.858288737476
00e12e8b_3478,11603.844796469064
00e12e8b_3479,11603.836371503996
00e12e8b_3480,11603.813821372136
00e12e8b_3481,11603.79637967223
00e12e8b_3482,11603.786274801445
00e12e8b_3483,11603.76992676981
00e12e8b_3484,11603.754251679386
00e12e8b_3485,11603.736998548982
00e12e8b_3486,11603.728399888401
00e12e8b_3487,11603.717310330494
00e12e8b_3488,11603.697472616872
00e12e8b_3489,11603.678708731644
00e12e8b_3490,11603.66677879805
00e12e8b_3491,11603.65059296606
00e12e8b_3492,11603.63542731179
00e12e8b_3493,11603.621181026676
00e12e8b_3494,11603.60395821532
00e12e8b_3495,11603.59298070938
00e12e8b_3496,11603.575654201319
00e12e8b_3497,11603.558980848635
00e12e8b_3498,11603.541938755738
00e12e8b_3499,11603.525017809636
00e12e8b_3500,11603.506951048164
00e12e8b_3501,11603.4913034393
00e12e8b_3502,11603.475066485333
00e12e8b_3503,11603.467533010433
00e12e8b_3504,11603.462052080653
00e12e8b_3505,11603.454003952891
00e12e8b_3506,11603.449539438854
00e12e8b_3507,11603.44129090229
00e12e8b_3508,11603.436700451643
00e12e8b_3509,11603.431076159111
00e12e8b_3510,11603.419853152041
00e12e8b_3511,11603.413012509982
00e12e8b_3512,11603.406687466239
00e12e8b_3513,11603.396821564565
00e12e8b_3514,11603.392260387991
00e12e8b_3515,11603.383488141593
00e12e8b_3516,11603.37872014911
00e12e8b_3517,11603.376251223704
00e12e8b_3518,11603.376028177729
00e12e8b_3519,11603.377728866464
00e12e8b_3520,11603.378061372627
00e12e8b_3521,11603.375000973738
00e12e8b_3522,11603.371867745707
00e12e8b_3523,11603.366653776655
00e12e8b_3524,11603.357395888706
00e12e8b_3525,11603.349584914959
00e12e8b_3526,11603.33729241397
00e12e8b_3527,11603.329994882957
00e12e8b_3528,11603.324294916303
00e12e8b_3529,11603.31396574793
00e12e8b_3530,11603.30074084585
00e12e8b_3531,11603.290069625556
00e12e8b_3532,11603.279772125581
00e12e8b_3533,11603.268973510785
00e12e8b_3534,11603.252203355725
00e12e8b_3535,11603.238057242052
00e12e8b_3536,11603.227307561661
00e12e8b_3537,11603.209976940576
00e12e8b_3538,11603.19607281465
00e12e8b_3539,11603.18421467778
00e12e8b_3540,11603.171905707812
00e12e8b_3541,11603.152340273047
00e12e8b_3542,11603.138770370842
00e12e8b_3543,11603.119768446548
00e12e8b_3544,11603.10395766775
00e12e8b_3545,11603.083677648086
00e12e8b_3546,11603.060962424905
00e12e8b_3547,11603.038243277128
00e12e8b_3548,11603.016455272485
00e12e8b_3549,11602.993867348367
00e12e8b_3550,11602.97804070071
00e12e8b_3551,11602.954849108046
00e12e8b_3552,11602.940890154354
00e12e8b_3553,11602.91856721934
00e12e8b_3554,11602.902263354095
00e12e8b_3555,11602.882740927544
00e12e8b_3556,11602.865059498648
00e12e8b_3557,11602.845187765979
00e12e8b_3558,11602.82929569874
00e12e8b_3559,11602.808333686266
00e12e8b_3560,11602.790979266605
00e12e8b_3561,11602.7667570712
00e12e8b_3562,11602.746953561138
00e12e8b_3563,11602.719526576737
00e12e8b_3564,11602.694894028537
00e12e8b_3565,11602.677959927729
00e12e8b_3566,11602.65094995741
00e12e8b_3567,11602.63153672513
00e12e8b_3568,11602.611340579542
00e12e8b_3569,11602.589146466053
00e12e8b_3570,11602.571277507406
00e12e8b_3571,11602.55054278217
00e12e8b_3572,11602.530576916988
00e12e8b_3573,11602.514284735265
00e12e8b_3574,11602.49292133177
00e12e8b_3575,11602.466225370728
00e12e8b_3576,11602.444784168105
00e12e8b_3577,11602.419658638591
00e12e8b_3578,11602.393976670315
00e12e8b_3579,11602.37033125634
00e12e8b_3580,11602.34101956258
00e12e8b_3581,11602.312403364467
00e12e8b_3582,11602.28497501394
00e12e8b_3583,11602.255954164732
00e12e8b_3584,11602.229577404454
00e12e8b_3585,11602.20078272002
00e12e8b_3586,11602.171785680895
00e12e8b_3587,11602.14222600693
00e12e8b_3588,11602.112254306498
00e12e8b_3589,11602.08806432239
00e12e8b_3590,11602.055948960966
00e12e8b_3591,11602.02302820085
00e12e8b_3592,11601.995090978638
00e12e8b_3593,11601.96064857296
00e12e8b_3594,11601.924249827516
00e12e8b_3595,11601.887306342447
00e12e8b_3596,11601.847114707954
00e12e8b_3597,11601.807340342602
00e12e8b_3598,11601.765831849298
00e12e8b_3599,11601.729067486629
00e12e8b_3600,11601.689963227738
00e12e8b_3601,11601.649887094187
00e12e8b_3602,11601.6189255994
00e12e8b_3603,11601.583667663754
00e12e8b_3604,11601.546279634571
00e12e8b_3605,11601.516366661412
00e12e8b_3606,11601.49268738868
00e12e8b_3607,11601.461606966725
00e12e8b_3608,11601.429750975338
00e12e8b_3609,11601.39653093622
00e12e8b_3610,11601.371082520802
00e12e8b_3611,11601.339877054308
00e12e8b_3612,11601.314197175048
00e12e8b_3613,11601.286409295697
00e12e8b_3614,11601.267911296483
00e12e8b_3615,11601.24443212045
00e12e8b_3616,11601.220001766502
00e12e8b_3617,11601.1918517236
00e12e8b_3618,11601.173342087419
00e12e8b_3619,11601.148980138127
00e12e8b_3620,11601.125083702118
00e12e8b_3621,11601.107101437154
00e12e8b_3622,11601.09551689824
00e12e8b_3623,11601.07789489259
00e12e8b_3624,11601.06118604563
00e12e8b_3625,11601.046149443828
00e12e8b_3626,11601.036336801317
00e12e8b_3627,11601.01761320157
00e12e8b_3628,11601.002310244075
00e12e8b_3629,11600.985890546446
00e12e8b_3630,11600.967750748066
00e12e8b_3631,11600.953690310493
00e12e8b_3632,11600.934243400192
00e12e8b_3633,11600.914431552574
00e12e8b_3634,11600.897440970719
00e12e8b_3635,11600.880009569904
00e12e8b_3636,11600.868145845048
00e12e8b_3637,11600.852853034932
00e12e8b_3638,11600.838095066098
00e12e8b_3639,11600.822219076173
00e12e8b_3640,11600.80479559087
00e12e8b_3641,11600.792567932487
00e12e8b_3642,11600.776245330975
00e12e8b_3643,11600.760257809397
00e12e8b_3644,11600.745543507752
00e12e8b_3645,11600.726574172702
00e12e8b_3646,11600.715982806294
00e12e8b_3647,11600.700530926877
00e12e8b_3648,11600.683105005013
00e12e8b_3649,11600.665072555486
00e12e8b_3650,11600.64914962151
00e12e8b_3651,11600.633159526846
00e12e8b_3652,11600.622271666876
00e12e8b_3653,11600.60576887765
00e12e8b_3654,11600.586788358709
00e12e8b_3655,11600.569027501497
00e12e8b_3656,11600.552734217617
00e12e8b_3657,11600.53694209104
00e12e8b_3658,11600.526076829365
00e12e8b_3659,11600.509985637087
00e12e8b_3660,11600.49296933721
00e12e8b_3661,11600.47529827744
00e12e8b_3662,11600.456613277143
00e12e8b_3663,11600.436523876637
00e12e8b_3664,11600.416468455664
00e12e8b_3665,11600.401522402295
00e12e8b_3666,11600.382125996279
00e12e8b_3667,11600.36006105972
00e12e8b_3668,11600.340057426321
00e12e8b_3669,11600.321159367002
00e12e8b_3670,11600.297997586735
00e12e8b_3671,11600.275212744147
00e12e8b_3672,11600.25196142741
00e12e8b_3673,11600.23006651492
00e12e8b_3674,11600.208492804019
00e12e8b_3675,11600.184788056762
00e12e8b_3676,11600.161641350172
00e12e8b_3677,11600.142513369447
00e12e8b_3678,11600.119802003457
00e12e8b_3679,11600.092714342487
00e12e8b_3680,11600.064511529741
00e12e8b_3681,11600.037628269518
00e12e8b_3682,11600.009609895904
00e12e8b_3683,11599.980114238366
00e12e8b_3684,11599.949975345215
00e12e8b_3685,11599.919616965974
00e12e8b_3686,11599.881566549968
00e12e8b_3687,11599.850793714082
00e12e8b_3688,11599.82056264517
00e12e8b_3689,11599.791844091102
00e12e8b_3690,11599.763613232391
00e12e8b_3691,11599.736145817125
00e12e8b_3692,11599.708092487886
00e12e8b_3693,11599.679123415868
00e12e8b_3694,11599.649813926178
00e12e8b_3695,11599.620257594725
00e12e8b_3696,11599.590365906675
00e12e8b_3697,11599.561830767581
00e12e8b_3698,11599.52881653393
00e12e8b_3699,11599.500597061811
00e12e8b_3700,11599.471796248723
00e12e8b_3701,11599.442680788463
00e12e8b_3702,11599.412690216675
00e12e8b_3703,11599.377703302645
00e12e8b_3704,11599.339546676663
00e12e8b_3705,11599.306439877728
00e12e8b_3706,11599.273269824267
00e12e8b_3707,11599.239904473663
00e12e8b_3708,11599.207267854872
00e12e8b_3709,11599.173206265932
00e12e8b_3710,11599.141697228833
00e12e8b_3711,11599.11137235356
00e12e8b_3712,11599.083123951565
00e12e8b_3713,11599.053445272175
00e12e8b_3714,11599.018867209747
00e12e8b_3715,11598.987811313204
00e12e8b_3716,11598.955851668868
00e12e8b_3717,11598.921435381755
00e12e8b_3718,11598.88885396006
00e12e8b_3719,11598.855863420951
00e12e8b_3720,11598.82337984865
00e12e8b_3721,11598.78752424394
00e12e8b_3722,11598.754712514961
00e12e8b_3723,11598.72344874917
00e12e8b_3724,11598.68720080007
00e12e8b_3725,11598.656667746132
00e12e8b_3726,11598.62185700902
00e12e8b_3727,11598.594758167259
00e12e8b_3728,11598.568648015065
00e12e8b_3729,11598.539772718905
00e12e8b_3730,11598.51500793123
00e12e8b_3731,11598.491437200018
00e12e8b_3732,11598.464207958852
00e12e8b_3733,11598.444372459804
00e12e8b_3734,11598.416041057537
00e12e8b_3735,11598.393711012675
00e12e8b_3736,11598.365460103196
00e12e8b_3737,11598.341777005506
00e12e8b_3738,11598.314899772542
00e12e8b_3739,11598.281753334382
00e12e8b_3740,11598.252772847758
00e12e8b_3741,11598.218640875708
00e12e8b_3742,11598.191333147777
00e12e8b_3743,11598.158409104371
00e12e8b_3744,11598.129886895718
00e12e8b_3745,11598.098363670579
00e12e8b_3746,11598.070080508496
00e12e8b_3747,11598.036407901971
00e12e8b_3748,11598.009632422421
00e12e8b_3749,11597.977636733067
00e12e8b_3750,11597.944204075193
00e12e8b_3751,11597.9137724639
00e12e8b_3752,11597.877638073103
00e12e8b_3753,11597.849442713907
00e12e8b_3754,11597.81364930353
00e12e8b_3755,11597.783145764264
00e12e8b_3756,11597.746219179942
00e12e8b_3757,11597.712479090307
00e12e8b_3758,11597.68075522464
00e12e8b_3759,11597.646158776632
00e12e8b_3760,11597.618202936792
00e12e8b_3761,11597.588678736338
00e12e8b_3762,11597.558160046352
00e12e8b_3763,11597.534478455136
00e12e8b_3764,11597.51150292631
00e12e8b_3765,11597.488893189762
00e12e8b_3766,11597.470712370843
00e12e8b_3767,11597.448195499677
00e12e8b_3768,11597.432732777128
00e12e8b_3769,11597.40944533983
00e12e8b_3770,11597.391726135287
00e12e8b_3771,11597.369172517889
00e12e8b_3772,11597.350064118544
00e12e8b_3773,11597.331580255408
00e12e8b_3774,11597.307626546222
00e12e8b_3775,11597.28955507198
00e12e8b_3776,11597.269227144294
00e12e8b_3777,11597.252916891764
00e12e8b_3778,11597.232302179895
00e12e8b_3779,11597.211699355965
00e12e8b_3780,11597.197328806027
00e12e8b_3781,11597.175969946817
00e12e8b_3782,11597.160856517763
00e12e8b_3783,11597.14078331382
00e12e8b_3784,11597.126020575013
00e12e8b_3785,11597.103815404404
00e12e8b_3786,11597.086161555171
00e12e8b_3787,11597.062056851151
00e12e8b_3788,11597.044202832765
00e12e8b_3789,11597.017370314217
00e12e8b_3790,11596.996402825594
00e12e8b_3791,11596.969936007066
00e12e8b_3792,11596.951271903012
00e12e8b_3793,11596.924752783003
00e12e8b_3794,11596.902751858634
00e12e8b_3795,11596.875466110156
00e12e8b_3796,11596.85369843863
00e12e8b_3797,11596.823715430648
00e12e8b_3798,11596.79849813334
00e12e8b_3799,11596.766777976722
00e12e8b_3800,11596.741828295913
00e12e8b_3801,11596.713423787049
00e12e8b_3802,11596.679025810747
00e12e8b_3803,11596.648433871884
00e12e8b_3804,11596.614954601091
00e12e8b_3805,11596.581791654418
00e12e8b_3806,11596.54191848461
00e12e8b_3807,11596.506433531456
00e12e8b_3808,11596.466721588517
00e12e8b_3809,11596.429249015247
00e12e8b_3810,11596.392352873616
00e12e8b_3811,11596.34691329893
00e12e8b_3812,11596.310876592112
00e12e8b_3813,11596.269670910584
00e12e8b_3814,11596.23678232394
00e12e8b_3815,11596.204275252401
00e12e8b_3816,11596.169456505964
00e12e8b_3817,11596.13967395058
00e12e8b_3818,11596.104019236915
00e12e8b_3819,11596.07675742235
00e12e8b_3820,11596.047825230973
00e12e8b_3821,11596.012988050737
00e12e8b_3822,11595.983793780255
00e12e8b_3823,11595.95803452294
00e12e8b_3824,11595.925919993319
00e12e8b_3825,11595.897517908466
00e12e8b_3826,11595.87171117601
00e12e8b_3827,11595.842159729236
00e12e8b_3828,11595.816755917898
00e12e8b_3829,11595.793496717302
00e12e8b_3830,11595.765974498016
00e12e8b_3831,11595.744510276862
00e12e8b_3832,11595.72076896115
00e12e8b_3833,11595.689798683288
00e12e8b_3834,11595.664427647665
00e12e8b_3835,11595.644210341412
00e12e8b_3836,11595.62025302611
00e12e8b_3837,11595.601485228795
00e12e8b_3838,11595.582885359087
00e12e8b_3839,11595.562208858904
00e12e8b_3840,11595.545271298968
00e12e8b_3841,11595.529451825043
00e12e8b_3842,11595.513592433437
00e12e8b_3843,11595.49402072153
00e12e8b_3844,11595.476352357076
00e12e8b_3845,11595.458188278884
00e12e8b_3846,11595.435358270293
00e12e8b_3847,11595.417589465847
00e12e8b_3848,11595.397161434377
00e12e8b_3849,11595.37425687546
00e12e8b_3850,11595.348359051128
00e12e8b_3851,11595.331306791984
00e12e8b_3852,11595.311860609558
00e12e8b_3853,11595.289556303716
00e12e8b_3854,11595.263356586926
00e12e8b_3855,11595.235308471623
00e12e8b_3856,11595.20917162711
00e12e8b_3857,11595.18350303762
00e12e8b_3858,11595.158494577117
00e12e8b_3859,11595.13195678862
00e12e8b_3860,11595.108378805935
00e12e8b_3861,11595.083349038232
00e12e8b_3862,11595.058956381687
00e12e8b_3863,11595.03057600866
00e12e8b_3864,11595.005564525876
00e12e8b_3865,11594.97973955438
00e12e8b_3866,11594.957378208484
00e12e8b_3867,11594.926453533844
00e12e8b_3868,11594.900470802859
00e12e8b_3869,11594.873030223758
00e12e8b_3870,11594.847079939882
00e12e8b_3871,11594.814106047248
00e12e8b_3872,11594.788481653457
00e12e8b_3873,11594.763886214674
00e12e8b_3874,11594.74079085813
00e12e8b_3875,11594.708794793813
00e12e8b_3876,11594.678551538316
00e12e8b_3877,11594.650920099964
00e12e8b_3878,11594.623399302132
00e12e8b_3879,11594.600711693842
00e12e8b_3880,11594.580154246241
00e12e8b_3881,11594.564034753856
00e12e8b_3882,11594.542164450495
00e12e8b_3883,11594.526025993218
00e12e8b_3884,11594.512708396105
00e12e8b_3885,11594.49054299173
00e12e8b_3886,11594.476921553958
00e12e8b_3887,11594.46006624764
00e12e8b_3888,11594.440477299522
00e12e8b_3889,11594.420204481112
00e12e8b_3890,11594.399509891322
00e12e8b_3891,11594.37391800163
00e12e8b_3892,11594.341697742326
00e12e8b_3893,11594.316429549146
00e12e8b_3894,11594.28866014689
00e12e8b_3895,11594.258655283791
00e12e8b_3896,11594.231336807487
00e12e8b_3897,11594.206285824399
00e12e8b_3898,11594.174093418253
00e12e8b_3899,11594.149154700157
00e12e8b_3900,11594.122659159319
00e12e8b_3901,11594.092533771358
00e12e8b_3902,11594.0651890462
00e12e8b_3903,11594.041202761953
00e12e8b_3904,11594.008717198856
00e12e8b_3905,11593.98078126121
00e12e8b_3906,11593.954919416416
00e12e8b_3907,11593.920536357795
00e12e8b_3908,11593.892955533325
00e12e8b_3909,11593.859368413401
00e12e8b_3910,11593.83233714596
00e12e8b_3911,11593.80308881421
00e12e8b_3912,11593.769891619348
00e12e8b_3913,11593.739785076974
00e12e8b_3914,11593.71104877889
00e12e8b_3915,11593.67828218571
00e12e8b_3916,11593.65320772329
00e12e8b_3917,11593.62603476351
00e12e8b_3918,11593.593495855119
00e12e8b_3919,11593.562294683135
00e12e8b_3920,11593.522956097178
00e12e8b_3921,11593.491232820747
00e12e8b_3922,11593.456487309724
00e12e8b_3923,11593.418191933753
00e12e8b_3924,11593.382530884906
00e12e8b_3925,11593.344279109253
00e12e8b_3926,11593.30894487598
00e12e8b_3927,11593.275745080673
00e12e8b_3928,11593.236889183754
00e12e8b_3929,11593.203816044874
00e12e8b_3930,11593.168330430308
00e12e8b_3931,11593.135108257842
00e12e8b_3932,11593.10418759771
00e12e8b_3933,11593.066284701878
00e12e8b_3934,11593.033687676954
00e12e8b_3935,11592.993467563123
00e12e8b_3936,11592.960746863206
00e12e8b_3937,11592.926276167509
00e12e8b_3938,11592.88921035111
00e12e8b_3939,11592.854887045905
00e12e8b_3940,11592.815484988187
00e12e8b_3941,11592.781822988794
00e12e8b_3942,11592.743858793376
00e12e8b_3943,11592.716953592248
00e12e8b_3944,11592.685264198608
00e12e8b_3945,11592.662600753334
00e12e8b_3946,11592.639683305006
00e12e8b_3947,11592.614340661967
00e12e8b_3948,11592.593065945992
00e12e8b_3949,11592.568842687306
00e12e8b_3950,11592.547076963934
00e12e8b_3951,11592.521615714111
00e12e8b_3952,11592.499082144897
00e12e8b_3953,11592.469682395198
00e12e8b_3954,11592.446400640618
00e12e8b_3955,11592.41485930355
00e12e8b_3956,11592.382602821599
00e12e8b_3957,11592.341147353647
00e12e8b_3958,11592.310654625428
00e12e8b_3959,11592.27355983092
00e12e8b_3960,11592.2438054458
00e12e8b_3961,11592.20803442763
00e12e8b_3962,11592.179929460486
00e12e8b_3963,11592.146946869809
00e12e8b_3964,11592.115103416472
00e12e8b_3965,11592.091148131178
00e12e8b_3966,11592.06047584494
00e12e8b_3967,11592.031511655088
00e12e8b_3968,11592.004068880593
00e12e8b_3969,11591.973265744442
00e12e8b_3970,11591.943310845912
00e12e8b_3971,11591.909485813934
00e12e8b_3972,11591.871502536642
00e12e8b_3973,11591.836097524947
00e12e8b_3974,11591.803400073797
00e12e8b_3975,11591.763938818684
00e12e8b_3976,11591.726078052376
00e12e8b_3977,11591.68964454178
00e12e8b_3978,11591.644940535265
00e12e8b_3979,11591.60137174055
00e12e8b_3980,11591.548375986271
00e12e8b_3981,11591.509066478178
00e12e8b_3982,11591.467745706635
00e12e8b_3983,11591.42510825221
00e12e8b_3984,11591.383324968421
00e12e8b_3985,11591.34596067058
00e12e8b_3986,11591.310696474899
00e12e8b_3987,11591.27320704543
00e12e8b_3988,11591.235535984797
00e12e8b_3989,11591.194999474581
00e12e8b_3990,11591.154765855175
00e12e8b_3991,11591.109860683657
00e12e8b_3992,11591.063461201164
00e12e8b_3993,11591.020385865922
00e12e8b_3994,11590.968374698476
00e12e8b_3995,11590.917868702283
00e12e8b_3996,11590.868628542761
00e12e8b_3997,11590.818701564971
00e12e8b_3998,11590.771061696274
00e12e8b_3999,11590.723557442783
00e12e8b_4000,11590.671626582049
00e12e8b_4001,11590.624827920983
00e12e8b_4002,11590.576949517255
00e12e8b_4003,11590.52613987272
00e12e8b_4004,11590.47606467098
00e12e8b_4005,11590.42745844783
00e12e8b_4006,11590.373411384975
00e12e8b_4007,11590.322086837316
00e12e8b_4008,11590.270769690294
00e12e8b_4009,11590.215806438784
00e12e8b_4010,11590.15834919379
00e12e8b_4011,11590.099011916434
00e12e8b_4012,11590.038447619128
00e12e8b_4013,11589.97479422646
00e12e8b_4014,11589.904816670114
00e12e8b_4015,11589.83798335804
00e12e8b_4016,11589.772260965316
00e12e8b_4017,11589.709508324737
00e12e8b_4018,11589.643174572575
00e12e8b_4019,11589.582102423701
00e12e8b_4020,11589.51949017258
00e12e8b_4021,11589.454532792319
00e12e8b_4022,11589.39004191861
00e12e8b_4023,11589.332133698026
00e12e8b_4024,11589.27481114207
00e12e8b_4025,11589.212229937984
00e12e8b_4026,11589.14576873474
00e12e8b_4027,11589.088755617495
00e12e8b_4028,11589.028371517968
00e12e8b_4029,11588.968246700082
00e12e8b_4030,11588.908160488594
00e12e8b_4031,11588.850422636966
00e12e8b_4032,11588.793829044274
00e12e8b_4033,11588.740053374704
00e12e8b_4034,11588.677995371638
00e12e8b_4035,11588.625478263453
00e12e8b_4036,11588.572112501328
00e12e8b_4037,11588.511231668417
00e12e8b_4038,11588.460285528778
00e12e8b_4039,11588.410906495925
00e12e8b_4040,11588.353879845343
00e12e8b_4041,11588.304480355
00e12e8b_4042,11588.255174362377
00e12e8b_4043,11588.216459407447
00e12e8b_4044,11588.172160346308
00e12e8b_4045,11588.130824518908
00e12e8b_4046,11588.091532552378
00e12e8b_4047,11588.050438134378
00e12e8b_4048,11588.002707779378
00e12e8b_4049,11587.967266781467
00e12e8b_4050,11587.92879923154
00e12e8b_4051,11587.895228378366
00e12e8b_4052,11587.85726575663
00e12e8b_4053,11587.825195099278
00e12e8b_4054,11587.794946314363
00e12e8b_4055,11587.764799175317
00e12e8b_4056,11587.732136366601
00e12e8b_4057,11587.704314296621
00e12e8b_4058,11587.668432550156
00e12e8b_4059,11587.628345772771
00e12e8b_4060,11587.585171819268
00e12e8b_4061,11587.54903761988
00e12e8b_4062,11587.505108986326
00e12e8b_4063,11587.460932589749
00e12e8b_4064,11587.418077249049
00e12e8b_4065,11587.381539898699
00e12e8b_4066,11587.343808073056
00e12e8b_4067,11587.303701205885
00e12e8b_4068,11587.264404162044
00e12e8b_4069,11587.22647006161
00e12e8b_4070,11587.190045567575
00e12e8b_4071,11587.152566088764
00e12e8b_4072,11587.112698214878
00e12e8b_4073,11587.082230325606
00e12e8b_4074,11587.041944852095
00e12e8b_4075,11587.00862518236
00e12e8b_4076,11586.971917593884
00e12e8b_4077,11586.939600470698
00e12e8b_4078,11586.899501833563
00e12e8b_4079,11586.869840939711
00e12e8b_4080,11586.833849230366
00e12e8b_4081,11586.793458887762
00e12e8b_4082,11586.756466627998
00e12e8b_4083,11586.726785548657
00e12e8b_4084,11586.689214946564
00e12e8b_4085,11586.663044655208
00e12e8b_4086,11586.63880323067
00e12e8b_4087,11586.61787917499
00e12e8b_4088,11586.590019119812
00e12e8b_4089,11586.570271482818
00e12e8b_4090,11586.547629999779
00e12e8b_4091,11586.5267028557
00e12e8b_4092,11586.50527319836
00e12e8b_4093,11586.480779372385
00e12e8b_4094,11586.457852331461
00e12e8b_4095,11586.430903131277
00e12e8b_4096,11586.403488940437
00e12e8b_4097,11586.373704098776
00e12e8b_4098,11586.349391895961
00e12e8b_4099,11586.327790641706
00e12e8b_4100,11586.304727835492
00e12e8b_4101,11586.280527376919
00e12e8b_4102,11586.256767312643
00e12e8b_4103,11586.237971714561
00e12e8b_4104,11586.214973255355
00e12e8b_4105,11586.191339938046
00e12e8b_4106,11586.173396277167
00e12e8b_4107,11586.14812626068
00e12e8b_4108,11586.123593075761
00e12e8b_4109,11586.102973206496
00e12e8b_4110,11586.078883089252
00e12e8b_4111,11586.057862728212
00e12e8b_4112,11586.032950578476
00e12e8b_4113,11586.00944794773
00e12e8b_4114,11585.982215041446
00e12e8b_4115,11585.957216214727
00e12e8b_4116,11585.930315425598
00e12e8b_4117,11585.898179657981
00e12e8b_4118,11585.866340088694
00e12e8b_4119,11585.838210386206
00e12e8b_4120,11585.809813926993
00e12e8b_4121,11585.779288891463
00e12e8b_4122,11585.751911041396
00e12e8b_4123,11585.72312430939
00e12e8b_4124,11585.694278764662
00e12e8b_4125,11585.662132812076
00e12e8b_4126,11585.632082036369
00e12e8b_4127,11585.599956138743
00e12e8b_4128,11585.569459869728
00e12e8b_4129,11585.537504989794
00e12e8b_4130,11585.499354587944
00e12e8b_4131,11585.46501600952
00e12e8b_4132,11585.42828938711
00e12e8b_4133,11585.393373364037
00e12e8b_4134,11585.357516684982
00e12e8b_4135,11585.324601330834
00e12e8b_4136,11585.297013939296
00e12e8b_4137,11585.26194219974
00e12e8b_4138,11585.230644780502
00e12e8b_4139,11585.203027861753
00e12e8b_4140,11585.171093217316
00e12e8b_4141,11585.139109883017
00e12e8b_4142,11585.114568513462
00e12e8b_4143,11585.087532735495
00e12e8b_4144,11585.063646216571
00e12e8b_4145,11585.037445691134
00e12e8b_4146,11585.012599203521
00e12e8b_4147,11584.989911463465
00e12e8b_4148,11584.966914237786
00e12e8b_4149,11584.947967456543
00e12e8b_4150,11584.925822234476
00e12e8b_4151,11584.90583590963
00e12e8b_4152,11584.886497552918
00e12e8b_4153,11584.868041688715
00e12e8b_4154,11584.859720067529
00e12e8b_4155,11584.84656285324
00e12e8b_4156,11584.837803877894
00e12e8b_4157,11584.831237395563
00e12e8b_4158,11584.828985314109
00e12e8b_4159,11584.827061579996
00e12e8b_4160,11584.822049818267
00e12e8b_4161,11584.823424758797
00e12e8b_4162,11584.82387842815
00e12e8b_4163,11584.81616315343
00e12e8b_4164,11584.815970220778
00e12e8b_4165,11584.807428791508
00e12e8b_4166,11584.794671017133
00e12e8b_4167,11584.784483575144
00e12e8b_4168,11584.77781951743
00e12e8b_4169,11584.777248003913
00e12e8b_4170,11584.773901969264
00e12e8b_4171,11584.774334625925
00e12e8b_4172,11584.772902456152
00e12e8b_4173,11584.773400984872
00e12e8b_4174,11584.778455806474
00e12e8b_4175,11584.781823235218
00e12e8b_4176,11584.786004635229
00e12e8b_4177,11584.788311568613
00e12e8b_4178,11584.798609828373
00e12e8b_4179,11584.801724811201
00e12e8b_4180,11584.812788191011
00e12e8b_4181,11584.822405245668
00e12e8b_4182,11584.82984366508
00e12e8b_4183,11584.842576253352
00e12e8b_4184,11584.856081744498
00e12e8b_4185,11584.867288823832
00e12e8b_4186,11584.876538418359
00e12e8b_4187,11584.885168944535
00e12e8b_4188,11584.894555526465
00e12e8b_4189,11584.909853442568
00e12e8b_4190,11584.929219141079
00e12e8b_4191,11584.957898632603
00e12e8b_4192,11584.986555887823
00e12e8b_4193,11585.01731847478
00e12e8b_4194,11585.049825798938
00e12e8b_4195,11585.087833524918
00e12e8b_4196,11585.1188264431
00e12e8b_4197,11585.156609706959
00e12e8b_4198,11585.187622117905
00e12e8b_4199,11585.22310336115
00e12e8b_4200,11585.250063504376
00e12e8b_4201,11585.281319510192
00e12e8b_4202,11585.310394781487
00e12e8b_4203,11585.335002494994
00e12e8b_4204,11585.364738199934
00e12e8b_4205,11585.392510329326
00e12e8b_4206,11585.416708122426
00e12e8b_4207,11585.451387980414
00e12e8b_4208,11585.481253030692
00e12e8b_4209,11585.508444144361
00e12e8b_4210,11585.536814299738
00e12e8b_4211,11585.563649302472
00e12e8b_4212,11585.59059827275
00e12e8b_4213,11585.623182675216
00e12e8b_4214,11585.648938493632
00e12e8b_4215,11585.68128869024
00e12e8b_4216,11585.707176952037
00e12e8b_4217,11585.735947624345
00e12e8b_4218,11585.759385415065
00e12e8b_4219,11585.783645488495
00e12e8b_4220,11585.80834986468
00e12e8b_4221,11585.83119365598
00e12e8b_4222,11585.851919724271
00e12e8b_4223,11585.867737482951
00e12e8b_4224,11585.885170206822
00e12e8b_4225,11585.902817078306
00e12e8b_4226,11585.927327766183
00e12e8b_4227,11585.94950163014
00e12e8b_4228,11585.967853576502
00e12e8b_4229,11585.988787173625
00e12e8b_4230,11586.00803091115
00e12e8b_4231,11586.03545522899
00e12e8b_4232,11586.05048684606
00e12e8b_4233,11586.070757587373
00e12e8b_4234,11586.085412519613
00e12e8b_4235,11586.104445180814
00e12e8b_4236,11586.115843709078
00e12e8b_4237,11586.134540772091
00e12e8b_4238,11586.150513943245
00e12e8b_4239,11586.171245067355
00e12e8b_4240,11586.18768874494
00e12e8b_4241,11586.21010624892
00e12e8b_4242,11586.229806260268
00e12e8b_4243,11586.254324436692
00e12e8b_4244,11586.275166782138
00e12e8b_4245,11586.301200024234
00e12e8b_4246,11586.323626007848
00e12e8b_4247,11586.35181374672
00e12e8b_4248,11586.380821175484
00e12e8b_4249,11586.405707342736
00e12e8b_4250,11586.43567218371
00e12e8b_4251,11586.464669938665
00e12e8b_4252,11586.496419580479
00e12e8b_4253,11586.526325771343
00e12e8b_4254,11586.562515016278
00e12e8b_4255,11586.594248230922
00e12e8b_4256,11586.63159653532
00e12e8b_4257,11586.66408431487
00e12e8b_4258,11586.701344692194
00e12e8b_4259,11586.733455095076
00e12e8b_4260,11586.771794716962
00e12e8b_4261,11586.805880908745
00e12e8b_4262,11586.853728239796
00e12e8b_4263,11586.900075023997
00e12e8b_4264,11586.949969699326
00e12e8b_4265,11586.996351010173
00e12e8b_4266,11587.04891743173
00e12e8b_4267,11587.094934169403
00e12e8b_4268,11587.144487980568
00e12e8b_4269,11587.190461756047
00e12e8b_4270,11587.238223749006
00e12e8b_4271,11587.279047118716
00e12e8b_4272,11587.317540887088
00e12e8b_4273,11587.358524857296
00e12e8b_4274,11587.393156810078
00e12e8b_4275,11587.434000753932
00e12e8b_4276,11587.468868185351
00e12e8b_4277,11587.511035141508
00e12e8b_4278,11587.550299057002
00e12e8b_4279,11587.592122577447
00e12e8b_4280,11587.628838553872
00e12e8b_4281,11587.670938072391
00e12e8b_4282,11587.705285496648
00e12e8b_4283,11587.745449669314
00e12e8b_4284,11587.782503425296
00e12e8b_4285,11587.822367125198
00e12e8b_4286,11587.858002761677
00e12e8b_4287,11587.896595254548
00e12e8b_4288,11587.938747737857
00e12e8b_4289,11587.976278403235
00e12e8b_4290,11588.019598498664
00e12e8b_4291,11588.05475819971
00e12e8b_4292,11588.092458913896
00e12e8b_4293,11588.124043076887
00e12e8b_4294,11588.159491181792
00e12e8b_4295,11588.19165519224
00e12e8b_4296,11588.224592362301
00e12e8b_4297,11588.267552561943
00e12e8b_4298,11588.305208021233
00e12e8b_4299,11588.351418388665
00e12e8b_4300,11588.391384453931
00e12e8b_4301,11588.434984430693
00e12e8b_4302,11588.473940352074
00e12e8b_4303,11588.513257817787
00e12e8b_4304,11588.557006716772
00e12e8b_4305,11588.59542168463
00e12e8b_4306,11588.635983576442
00e12e8b_4307,11588.671037116997
00e12e8b_4308,11588.709508714826
00e12e8b_4309,11588.741206188397
00e12e8b_4310,11588.771217066685
00e12e8b_4311,11588.807924656016
00e12e8b_4312,11588.841347794889
00e12e8b_4313,11588.877940345956
00e12e8b_4314,11588.909383585651
00e12e8b_4315,11588.945226155189
00e12e8b_4316,11588.971957441663
00e12e8b_4317,11588.999400274912
00e12e8b_4318,11589.031934050567
00e12e8b_4319,11589.057545178553
00e12e8b_4320,11589.089119336379
00e12e8b_4321,11589.114097079182
00e12e8b_4322,11589.140495474901
00e12e8b_4323,11589.173012805015
00e12e8b_4324,11589.200114793704
00e12e8b_4325,11589.22686324927
00e12e8b_4326,11589.259159121433
00e12e8b_4327,11589.284998290768
00e12e8b_4328,11589.319305688474
00e12e8b_4329,11589.347910278097
00e12e8b_4330,11589.37581759804
00e12e8b_4331,11589.409278396392
00e12e8b_4332,11589.434050074537
00e12e8b_4333,11589.469751014167
00e12e8b_4334,11589.50003101005
00e12e8b_4335,11589.530003484655
00e12e8b_4336,11589.566441733301
00e12e8b_4337,11589.59664401471
00e12e8b_4338,11589.633286290697
00e12e8b_4339,11589.664560931138
00e12e8b_4340,11589.696738666036
00e12e8b_4341,11589.757855581753
00e12e8b_4342,11589.815812320983
00e12e8b_4343,11589.882174953891
00e12e8b_4344,11589.944288034183
00e12e8b_4345,11590.00518643759
00e12e8b_4346,11590.072812378256
00e12e8b_4347,11590.135102018954
00e12e8b_4348,11590.20348176083
00e12e8b_4349,11590.263862272972
00e12e8b_4350,11590.32679289499
00e12e8b_4351,11590.394721080811
00e12e8b_4352,11590.454735572039
00e12e8b_4353,11590.522249259024
00e12e8b_4354,11590.583454789718
00e12e8b_4355,11590.617124029086
00e12e8b_4356,11590.659481465158
00e12e8b_4357,11590.694555723832
00e12e8b_4358,11590.738283420533
00e12e8b_4359,11590.77889425163
00e12e8b_4360,11590.818423960442
00e12e8b_4361,11590.866216669168
00e12e8b_4362,11590.90503295159
00e12e8b_4363,11590.950253052159
00e12e8b_4364,11590.989794528912
00e12e8b_4365,11591.031870985487
00e12e8b_4366,11591.07213478941
00e12e8b_4367,11591.108717090552
00e12e8b_4368,11591.152610320627
00e12e8b_4369,11591.191399567408
00e12e8b_4370,11591.231116266043
00e12e8b_4371,11591.2677012674
00e12e8b_4372,11591.306521845723
00e12e8b_4373,11591.34132727045
00e12e8b_4374,11591.374349723486
00e12e8b_4375,11591.414690731159
00e12e8b_4376,11591.45067898094
00e12e8b_4377,11591.489441487804
00e12e8b_4378,11591.520887289458
00e12e8b_4379,11591.55362269208
00e12e8b_4380,11591.585067484848
00e12e8b_4381,11591.616680586329
00e12e8b_4382,11591.65195386139
00e12e8b_4383,11591.684382453765
00e12e8b_4384,11591.718942613086
00e12e8b_4385,11591.751305334443
00e12e8b_4386,11591.790624220928
00e12e8b_4387,11591.820551336361
00e12e8b_4388,11591.857859008262
00e12e8b_4389,11591.887971983884
00e12e8b_4390,11591.926457649382
00e12e8b_4391,11591.960282345639
00e12e8b_4392,11591.997356550279
00e12e8b_4393,11592.040391391678
00e12e8b_4394,11592.076344321005
00e12e8b_4395,11592.12010234542
00e12e8b_4396,11592.157868751678
00e12e8b_4397,11592.202090150484
00e12e8b_4398,11592.242130448525
00e12e8b_4399,11592.285028653292
00e12e8b_4400,11592.320183647911
00e12e8b_4401,11592.36162771037
00e12e8b_4402,11592.401546133657
00e12e8b_4403,11592.441766573338
00e12e8b_4404,11592.491919051754
00e12e8b_4405,11592.538160186057
00e12e8b_4406,11592.58785650074
00e12e8b_4407,11592.637086748724
00e12e8b_4408,11592.689803650286
00e12e8b_4409,11592.739217050275
00e12e8b_4410,11592.793409425933
00e12e8b_4411,11592.840495569515
00e12e8b_4412,11592.892414670725
00e12e8b_4413,11592.938409517636
00e12e8b_4414,11592.985232745243
00e12e8b_4415,11593.023371855947
00e12e8b_4416,11593.065457003277
00e12e8b_4417,11593.102722141955
00e12e8b_4418,11593.144914319015
00e12e8b_4419,11593.181525016294
00e12e8b_4420,11593.220249533042
00e12e8b_4421,11593.251736974356
00e12e8b_4422,11593.287909388424
00e12e8b_4423,11593.321613853836
00e12e8b_4424,11593.354686023398
00e12e8b_4425,11593.39072522628
00e12e8b_4426,11593.420930662187
00e12e8b_4427,11593.455072349043
00e12e8b_4428,11593.48417343344
00e12e8b_4429,11593.519337575992
00e12e8b_4430,11593.545904302691
00e12e8b_4431,11593.57668163049
00e12e8b_4432,11593.603078825337
00e12e8b_4433,11593.633508631832
00e12e8b_4434,11593.657463670726
00e12e8b_4435,11593.687218424348
00e12e8b_4436,11593.708947374518
00e12e8b_4437,11593.72897449274
00e12e8b_4438,11593.752094870504
00e12e8b_4439,11593.77605326418
00e12e8b_4440,11593.805259852903
00e12e8b_4441,11593.829374264902
00e12e8b_4442,11593.85013533693
00e12e8b_4443,11593.875113882208
00e12e8b_4444,11593.896238184841
00e12e8b_4445,11593.922201990856
00e12e8b_4446,11593.941979965031
00e12e8b_4447,11593.962078211847
00e12e8b_4448,11593.986530973274
00e12e8b_4449,11594.00485095742
00e12e8b_4450,11594.023576384894
00e12e8b_4451,11594.046544042838
00e12e8b_4452,11594.065333230581
00e12e8b_4453,11594.088068556954
00e12e8b_4454,11594.113401308821
00e12e8b_4455,11594.134928050713
00e12e8b_4456,11594.157537889154
00e12e8b_4457,11594.183957264957
00e12e8b_4458,11594.205512461742
00e12e8b_4459,11594.229378785712
00e12e8b_4460,11594.256915032458
00e12e8b_4461,11594.28055649802
00e12e8b_4462,11594.302487299956
00e12e8b_4463,11594.330287276067
00e12e8b_4464,11594.352117522098
00e12e8b_4465,11594.377129356682
00e12e8b_4466,11594.398964956108
00e12e8b_4467,11594.427844493024
00e12e8b_4468,11594.45128966993
00e12e8b_4469,11594.47575506338
00e12e8b_4470,11594.498600011297
00e12e8b_4471,11594.529844829663
00e12e8b_4472,11594.55517286267
00e12e8b_4473,11594.581994498763
00e12e8b_4474,11594.608991297893
00e12e8b_4475,11594.642396787794
00e12e8b_4476,11594.672791971225
00e12e8b_4477,11594.700779259083
00e12e8b_4478,11594.729090700148
00e12e8b_4479,11594.762321279133
00e12e8b_4480,11594.790716618047
00e12e8b_4481,11594.820438800052
00e12e8b_4482,11594.850433819633
00e12e8b_4483,11594.876842327296
00e12e8b_4484,11594.90094325621
00e12e8b_4485,11594.929671703685
00e12e8b_4486,11594.95408122128
00e12e8b_4487,11594.98083374805
00e12e8b_4488,11595.011219990567
00e12e8b_4489,11595.038921299001
00e12e8b_4490,11595.066816132157
00e12e8b_4491,11595.099502716625
00e12e8b_4492,11595.127613601391
00e12e8b_4493,11595.154590550868
00e12e8b_4494,11595.183866215513
00e12e8b_4495,11595.211933677947
00e12e8b_4496,11595.240403848407
00e12e8b_4497,11595.268628681315
00e12e8b_4498,11595.296164540277
00e12e8b_4499,11595.330058145528
00e12e8b_4500,11595.360488847282
00e12e8b_4501,11595.389789540626
00e12e8b_4502,11595.418741884048
00e12e8b_4503,11595.449879614032
00e12e8b_4504,11595.481503212834
00e12e8b_4505,11595.511579798478
00e12e8b_4506,11595.543456838961
00e12e8b_4507,11595.574031294855
00e12e8b_4508,11595.605953043869
00e12e8b_4509,11595.638066988766
00e12e8b_4510,11595.671931445178
00e12e8b_4511,11595.706232516972
00e12e8b_4512,11595.74396161604
00e12e8b_4513,11595.779646210049
00e12e8b_4514,11595.814159193651
00e12e8b_4515,11595.851054937546
00e12e8b_4516,11595.887639305656
00e12e8b_4517,11595.923298602764
00e12e8b_4518,11595.960653965687
00e12e8b_4519,11595.996577614336
00e12e8b_4520,11596.030641384115
00e12e8b_4521,11596.063499811353
00e12e8b_4522,11596.097776465866
00e12e8b_4523,11596.132254420343
00e12e8b_4524,11596.16911910655
00e12e8b_4525,11596.203513255485
00e12e8b_4526,11596.236517351206
00e12e8b_4527,11596.269971683701
00e12e8b_4528,11596.304142810273
00e12e8b_4529,11596.398085472098
00e12e8b_4530,11596.42517296975
00e12e8b_4531,11596.449476215246
00e12e8b_4532,11596.476134206172
00e12e8b_4533,11596.502813572124
00e12e8b_4534,11596.528941247881
00e12e8b_4535,11596.554445226826
00e12e8b_4536,11596.580103967113
00e12e8b_4537,11596.603193084975
00e12e8b_4538,11596.62912909165
00e12e8b_4539,11596.656453012234
00e12e8b_4540,11596.679892246262
00e12e8b_4541,11596.698545384523
00e12e8b_4542,11596.72236224624
00e12e8b_4543,11596.744191247177
00e12e8b_4544,11596.766059813854
00e12e8b_4545,11596.782387622778
00e12e8b_4546,11596.801049766738
00e12e8b_4547,11596.820516616128
00e12e8b_4548,11596.832173184626
00e12e8b_4549,11596.847427220844
00e12e8b_4550,11596.866410069697
00e12e8b_4551,11596.878000552342
00e12e8b_4552,11596.895528627736
00e12e8b_4553,11596.90749595423
00e12e8b_4554,11596.922460345997
00e12e8b_4555,11596.93978261134
00e12e8b_4556,11596.9501327168
00e12e8b_4557,11596.965251375128
00e12e8b_4558,11596.97853453791
00e12e8b_4559,11596.99515807023
00e12e8b_4560,11597.007790661552
00e12e8b_4561,11597.026633495349
00e12e8b_4562,11597.039782270253
00e12e8b_4563,11597.060954946857
00e12e8b_4564,11597.074665242631
00e12e8b_4565,11597.0930447345
00e12e8b_4566,11597.106726415304
00e12e8b_4567,11597.12449559215
00e12e8b_4568,11597.138895783391
00e12e8b_4569,11597.159342877389
00e12e8b_4570,11597.17413168183
00e12e8b_4571,11597.190449650254
00e12e8b_4572,11597.210697971463
00e12e8b_4573,11597.225646784478
00e12e8b_4574,11597.24883272748
00e12e8b_4575,11597.263788431901
00e12e8b_4576,11597.279759506311
00e12e8b_4577,11597.30430396889
00e12e8b_4578,11597.32419171284
00e12e8b_4579,11597.347561712351
00e12e8b_4580,11597.374354306558
00e12e8b_4581,11597.396571455356
00e12e8b_4582,11597.420972834258
00e12e8b_4583,11597.443733378685
00e12e8b_4584,11597.471030572673
00e12e8b_4585,11597.492485060498
00e12e8b_4586,11597.511387035342
00e12e8b_4587,11597.532073609724
00e12e8b_4588,11597.552206362074
00e12e8b_4589,11597.564307006094
00e12e8b_4590,11597.578841045635
00e12e8b_4591,11597.589717288763
00e12e8b_4592,11597.603052816425
00e12e8b_4593,11597.619557334287
00e12e8b_4594,11597.637698985029
00e12e8b_4595,11597.650903711408
00e12e8b_4596,11597.665567982933
00e12e8b_4597,11597.677693131445
00e12e8b_4598,11597.692045112213
00e12e8b_4599,11597.702874360919
00e12e8b_4600,11597.714026774756
00e12e8b_4601,11597.728617672958
00e12e8b_4602,11597.741105000161
00e12e8b_4603,11597.752958740253
00e12e8b_4604,11597.766581177908
00e12e8b_4605,11597.7783289078
00e12e8b_4606,11597.792316894138
00e12e8b_4607,11597.804576527697
00e12e8b_4608,11597.816427615442
00e12e8b_4609,11597.830785131362
00e12e8b_4610,11597.841568961194
00e12e8b_4611,11597.853062746031
00e12e8b_4612,11597.86651206133
00e12e8b_4613,11597.87733541592
00e12e8b_4614,11597.894181517739
00e12e8b_4615,11597.910098342934
00e12e8b_4616,11597.927272454388
00e12e8b_4617,11597.946972694495
00e12e8b_4618,11597.96557421192
00e12e8b_4619,11597.984041695241
00e12e8b_4620,11598.000734644522
00e12e8b_4621,11598.016676595904
00e12e8b_4622,11598.033251174504
00e12e8b_4623,11598.047151933017
00e12e8b_4624,11598.059005020841
00e12e8b_4625,11598.072974124309
00e12e8b_4626,11598.083380716285
00e12e8b_4627,11598.096810782316
00e12e8b_4628,11598.110539546531
00e12e8b_4629,11598.12191410164
00e12e8b_4630,11598.134668252958
00e12e8b_4631,11598.140348754469
00e12e8b_4632,11598.152126014887
00e12e8b_4633,11598.165762516735
00e12e8b_4634,11598.178038878452
00e12e8b_4635,11598.19130522399
00e12e8b_4636,11598.206209080201
00e12e8b_4637,11598.217085578606
00e12e8b_4638,11598.230811753807
00e12e8b_4639,11598.241606115398
00e12e8b_4640,11598.251127811447
00e12e8b_4641,11598.262891334012
00e12e8b_4642,11598.266770741422
00e12e8b_4643,11598.276646304726
00e12e8b_4644,11598.284457062713
00e12e8b_4645,11598.290940920555
00e12e8b_4646,11598.299413194192
00e12e8b_4647,11598.306877395658
00e12e8b_4648,11598.314717937108
00e12e8b_4649,11598.327322682519
00e12e8b_4650,11598.338777164809
00e12e8b_4651,11598.350562285137
00e12e8b_4652,11598.359638834892
00e12e8b_4653,11598.371369603654
00e12e8b_4654,11598.383562780658
00e12e8b_4655,11598.398170563267
00e12e8b_4656,11598.410619208931
00e12e8b_4657,11598.427502236435
00e12e8b_4658,11598.442237976114
00e12e8b_4659,11598.455498598672
00e12e8b_4660,11598.470726151023
00e12e8b_4661,11598.480909723321
00e12e8b_4662,11598.495926956697
00e12e8b_4663,11598.514717544873
00e12e8b_4664,11598.532650420924
00e12e8b_4665,11598.553686524181
00e12e8b_4666,11598.57353905369
00e12e8b_4667,11598.594341196382
00e12e8b_4668,11598.618069205982
00e12e8b_4669,11598.639505625515
00e12e8b_4670,11598.656133680186
00e12e8b_4671,11598.679226506225
00e12e8b_4672,11598.701276958669
00e12e8b_4673,11598.72675624454
00e12e8b_4674,11598.750042331487
00e12e8b_4675,11598.772829877882
00e12e8b_4676,11598.795342896454
00e12e8b_4677,11598.815730999537
00e12e8b_4678,11598.834112944514
00e12e8b_4679,11598.850441172508
00e12e8b_4680,11598.869286397665
00e12e8b_4681,11598.887906208582
00e12e8b_4682,11598.905894088683
00e12e8b_4683,11598.925726708581
00e12e8b_4684,11598.94596643864
00e12e8b_4685,11598.962264807233
00e12e8b_4686,11598.977878936204
00e12e8b_4687,11598.989708538144
00e12e8b_4688,11599.004144518283
00e12e8b_4689,11599.02092858151
00e12e8b_4690,11599.036240638234
00e12e8b_4691,11599.051454317256
00e12e8b_4692,11599.068475788023
00e12e8b_4693,11599.08043226035
00e12e8b_4694,11599.090279588425
00e12e8b_4695,11599.098824235207
00e12e8b_4696,11599.109616983838
00e12e8b_4697,11599.121071019337
00e12e8b_4698,11599.134125638671
00e12e8b_4699,11599.147275062547
00e12e8b_4700,11599.162099053947
00e12e8b_4701,11599.174470563192
00e12e8b_4702,11599.18765930189
00e12e8b_4703,11599.197701986177
00e12e8b_4704,11599.210495219308
00e12e8b_4705,11599.226109605384
00e12e8b_4706,11599.241268666785
00e12e8b_4707,11599.256081924223
00e12e8b_4708,11599.271976996351
00e12e8b_4709,11599.284278961197
00e12e8b_4710,11599.292486477887
00e12e8b_4711,11599.307476633365
00e12e8b_4712,11599.31985208682
00e12e8b_4713,11599.333887586537
00e12e8b_4714,11599.346875755615
00e12e8b_4715,11599.354698572111
00e12e8b_4716,11599.367629806962
00e12e8b_4717,11599.381086331854
00e12e8b_4718,11599.390050087535
00e12e8b_4719,11599.407126925162
00e12e8b_4720,11599.424827925346
00e12e8b_4721,11599.438583529562
00e12e8b_4722,11599.4594986151
00e12e8b_4723,11599.473312518814
00e12e8b_4724,11599.49471433138
00e12e8b_4725,11599.507979602942
00e12e8b_4726,11599.525591105208
00e12e8b_4727,11599.538857224963
00e12e8b_4728,11599.55509089055
00e12e8b_4729,11599.565093343252
00e12e8b_4730,11599.58141489687
00e12e8b_4731,11599.58846244554
00e12e8b_4732,11599.602202031005
00e12e8b_4733,11599.610121583526
00e12e8b_4734,11599.61736327337
00e12e8b_4735,11599.63139869857
00e12e8b_4736,11599.638897602696
00e12e8b_4737,11599.647292992295
00e12e8b_4738,11599.65803912446
00e12e8b_4739,11599.67270359343
00e12e8b_4740,11599.684286522537
00e12e8b_4741,11599.691419098212
00e12e8b_4742,11599.69811871738
00e12e8b_4743,11599.706055984305
00e12e8b_4744,11599.710892164152
00e12e8b_4745,11599.715532480324
00e12e8b_4746,11599.727099061045
00e12e8b_4747,11599.729814272534
00e12e8b_4748,11599.734696551992
00e12e8b_4749,11599.734948929052
00e12e8b_4750,11599.733677602282
00e12e8b_4751,11599.733945023863
00e12e8b_4752,11599.73029287193
00e12e8b_4753,11599.72715970184
00e12e8b_4754,11599.72190967343
00e12e8b_4755,11599.721800051491
00e12e8b_4756,11599.72246429641
00e12e8b_4757,11599.718893736841
00e12e8b_4758,11599.71426545885
00e12e8b_4759,11599.709541192919
00e12e8b_4760,11599.69785484767
00e12e8b_4761,11599.690695731097
00e12e8b_4762,11599.685509474206
00e12e8b_4763,11599.677848505577
00e12e8b_4764,11599.667396323792
00e12e8b_4765,11599.656891301038
00e12e8b_4766,11599.647193969122
00e12e8b_4767,11599.634277877278
00e12e8b_4768,11599.624364696498
00e12e8b_4769,11599.615914876511
00e12e8b_4770,11599.606101338797
00e12e8b_4771,11599.599860655175
00e12e8b_4772,11599.588071948241
00e12e8b_4773,11599.582762880229
00e12e8b_4774,11599.570759220744
00e12e8b_4775,11599.564961353515
00e12e8b_4776,11599.55415508472
00e12e8b_4777,11599.548633126487
00e12e8b_4778,11599.541104978787
00e12e8b_4779,11599.531399043673
00e12e8b_4780,11599.526643080348
00e12e8b_4781,11599.518801344111
00e12e8b_4782,11599.509218106923
00e12e8b_4783,11599.507782829023
00e12e8b_4784,11599.49782117808
00e12e8b_4785,11599.489406007042
00e12e8b_4786,11599.489144704252
00e12e8b_4787,11599.481704722832
00e12e8b_4788,11599.475131695019
00e12e8b_4789,11599.470246018125
00e12e8b_4790,11599.46311081313
00e12e8b_4791,11599.457472062262
00e12e8b_4792,11599.45492329347
00e12e8b_4793,11599.446898928329
00e12e8b_4794,11599.440984842391
00e12e8b_4795,11599.432808326506
00e12e8b_4796,11599.425054156767
00e12e8b_4797,11599.418213223786
00e12e8b_4798,11599.408998935156
00e12e8b_4799,11599.401078329833
00e12e8b_4800,11599.387679285857
00e12e8b_4801,11599.375156973481
00e12e8b_4802,11599.366627105628
00e12e8b_4803,11599.355908457092
00e12e8b_4804,11599.342421423771
00e12e8b_4805,11599.336250883109
00e12e8b_4806,11599.327600486831
00e12e8b_4807,11599.32048686135
00e12e8b_4808,11599.313484886872
00e12e8b_4809,11599.306860357712
00e12e8b_4810,11599.30366689317
00e12e8b_4811,11599.298711892123
00e12e8b_4812,11599.294061067401
00e12e8b_4813,11599.292591236257
00e12e8b_4814,11599.287603202167
00e12e8b_4815,11599.287782563231
00e12e8b_4816,11599.285660450245
00e12e8b_4817,11599.281370752033
00e12e8b_4818,11599.280391642726
00e12e8b_4819,11599.277754030454
00e12e8b_4820,11599.274664464148
00e12e8b_4821,11599.277346579587
00e12e8b_4822,11599.270086951794
00e12e8b_4823,11599.266692824087
00e12e8b_4824,11599.273229072936
00e12e8b_4825,11599.273648902123
00e12e8b_4826,11599.280635774045
00e12e8b_4827,11599.292388538828
00e12e8b_4828,11599.301092881009
00e12e8b_4829,11599.312050281587
00e12e8b_4830,11599.32694233218
00e12e8b_4831,11599.337103924388
00e12e8b_4832,11599.35341075646
00e12e8b_4833,11599.362109397774
00e12e8b_4834,11599.37773978422
00e12e8b_4835,11599.384958926308
00e12e8b_4836,11599.394937982368
00e12e8b_4837,11599.398211091582
00e12e8b_4838,11599.402939162715
00e12e8b_4839,11599.410343092455
00e12e8b_4840,11599.415692382425
00e12e8b_4841,11599.423182463634
00e12e8b_4842,11599.433892544206
00e12e8b_4843,11599.436815671459
00e12e8b_4844,11599.444563742556
00e12e8b_4845,11599.455133243275
00e12e8b_4846,11599.462084527662
00e12e8b_4847,11599.463117475618
00e12e8b_4848,11599.47033739095
00e12e8b_4849,11599.475476428772
00e12e8b_4850,11599.482013722021
00e12e8b_4851,11599.486525960256
00e12e8b_4852,11599.490849642003
00e12e8b_4853,11599.491237327715
00e12e8b_4854,11599.493865477394
00e12e8b_4855,11599.495735330545
00e12e8b_4856,11599.498884691075
00e12e8b_4857,11599.49917260458
00e12e8b_4858,11599.498077520413
00e12e8b_4859,11599.498355831034
00e12e8b_4860,11599.49747008328
00e12e8b_4861,11599.505624408357
00e12e8b_4862,11599.506635797055
00e12e8b_4863,11599.505960371895
00e12e8b_4864,11599.50687439171
00e12e8b_4865,11599.505121981001
00e12e8b_4866,11599.504014780465
00e12e8b_4867,11599.505340728107
00e12e8b_4868,11599.510384804762
00e12e8b_4869,11599.509923258038
00e12e8b_4870,11599.505602112144
00e12e8b_4871,11599.501679829853
00e12e8b_4872,11599.505233014512
00e12e8b_4873,11599.501983340384
00e12e8b_4874,11599.497930914324
00e12e8b_4875,11599.502953485426
00e12e8b_4876,11599.500801893388
00e12e8b_4877,11599.504244192016
00e12e8b_4878,11599.500933627678
00e12e8b_4879,11599.502581713068
00e12e8b_4880,11599.501650924649
00e12e8b_4881,11599.504488724324
00e12e8b_4882,11599.503588234056
00e12e8b_4883,11599.511871024793
00e12e8b_4884,11599.512876309353
00e12e8b_4885,11599.520320048394
00e12e8b_4886,11599.521262481898
00e12e8b_4887,11599.52837729356
00e12e8b_4888,11599.538740857177
00e12e8b_4889,11599.541267465775
00e12e8b_4890,11599.549402487759
00e12e8b_4891,11599.55956396133
00e12e8b_4892,11599.561837172569
00e12e8b_4893,11599.570815066443
00e12e8b_4894,11599.578628487343
00e12e8b_4895,11599.586134397356
00e12e8b_4896,11599.595360833477
00e12e8b_4897,11599.598862466773
00e12e8b_4898,11599.60953210968
00e12e8b_4899,11599.622653086308
00e12e8b_4900,11599.633189460474
00e12e8b_4901,11599.645935107324
00e12e8b_4902,11599.650651853193
00e12e8b_4903,11599.661983293372
00e12e8b_4904,11599.675000502908
00e12e8b_4905,11599.68587549714
00e12e8b_4906,11599.686271981045
00e12e8b_4907,11599.694168760812
00e12e8b_4908,11599.694975415117
00e12e8b_4909,11599.703195360828
00e12e8b_4910,11599.709272320328
00e12e8b_4911,11599.71189669263
00e12e8b_4912,11599.716309744945
00e12e8b_4913,11599.725748797555
00e12e8b_4914,11599.730225972522
00e12e8b_4915,11599.742267797852
00e12e8b_4916,11599.747403189362
00e12e8b_4917,11599.75336348702
00e12e8b_4918,11599.766227921205
00e12e8b_4919,11599.773621675153
00e12e8b_4920,11599.78393381594
00e12e8b_4921,11599.79292692272
00e12e8b_4922,11599.807137025058
00e12e8b_4923,11599.820222970451
00e12e8b_4924,11599.830985351766
00e12e8b_4925,11599.842533315756
00e12e8b_4926,11599.857276501927
00e12e8b_4927,11599.868848676892
00e12e8b_4928,11599.878165222803
00e12e8b_4929,11599.888450961012
00e12e8b_4930,11599.90108166547
00e12e8b_4931,11599.918976739762
00e12e8b_4932,11599.935562610695
00e12e8b_4933,11599.952166284786
00e12e8b_4934,11599.97121166429
00e12e8b_4935,11599.984915972247
00e12e8b_4936,11600.004113687924
00e12e8b_4937,11600.021446539966
00e12e8b_4938,11600.038557879761
00e12e8b_4939,11600.051023080694
00e12e8b_4940,11600.064284688464
00e12e8b_4941,11600.076498274764
00e12e8b_4942,11600.082746481232
00e12e8b_4943,11600.08977186431
00e12e8b_4944,11600.089458780767
00e12e8b_4945,11600.095278634739
00e12e8b_4946,11600.097400915463
00e12e8b_4947,11600.10627523693
00e12e8b_4948,11600.107626821838
00e12e8b_4949,11600.108006558383
00e12e8b_4950,11600.114033582886
00e12e8b_4951,11600.113927259421
00e12e8b_4952,11600.115522315438
00e12e8b_4953,11600.119011745557
00e12e8b_4954,11600.118147202153
00e12e8b_4955,11600.120009097453
00e12e8b_4956,11600.120698533814
00e12e8b_4957,11600.125665160236
00e12e8b_4958,11600.127582551298
00e12e8b_4959,11600.125579489551
00e12e8b_4960,11600.122755802615
00e12e8b_4961,11600.120783999588
00e12e8b_4962,11600.116406574085
00e12e8b_4963,11600.11453700584
00e12e8b_4964,11600.109547878732
00e12e8b_4965,11600.103017597708
00e12e8b_4966,11600.097137759174
00e12e8b_4967,11600.094074018041
00e12e8b_4968,11600.086459833785
00e12e8b_4969,11600.087073963401
00e12e8b_4970,11600.085163746186
00e12e8b_4971,11600.085692242774
00e12e8b_4972,11600.077013570572
00e12e8b_4973,11600.072439553749
00e12e8b_4974,11600.068150639952
00e12e8b_4975,11600.05463464919
00e12e8b_4976,11600.046330896514
00e12e8b_4977,11600.04029378363
00e12e8b_4978,11600.025334011005
00e12e8b_4979,11600.01664484385
00e12e8b_4980,11600.0002030562
00e12e8b_4981,11599.987739703764
00e12e8b_4982,11599.971574257397
00e12e8b_4983,11599.959311515868
00e12e8b_4984,11599.94203719245
00e12e8b_4985,11599.92736518861
00e12e8b_4986,11599.91629386552
00e12e8b_4987,11599.901123956792
00e12e8b_4988,11599.884968704675
00e12e8b_4989,11599.868809489126
00e12e8b_4990,11599.86074779669
00e12e8b_4991,11599.84504691264
00e12e8b_4992,11599.829558272111
00e12e8b_4993,11599.814502537785
00e12e8b_4994,11599.79619716935
00e12e8b_4995,11599.778988696875
00e12e8b_4996,11599.758827553189
00e12e8b_4997,11599.73540111705
00e12e8b_4998,11599.719509579663
00e12e8b_4999,11599.698975921594
00e12e8b_5000,11599.679124657081
00e12e8b_5001,11599.664366495039
00e12e8b_5002,11599.648463382935
00e12e8b_5003,11599.633621327997
00e12e8b_5004,11599.62229447849
00e12e8b_5005,11599.608926780518
00e12e8b_5006,11599.600335615512
00e12e8b_5007,11599.593319410724
00e12e8b_5008,11599.58239458669
00e12e8b_5009,11599.57281905246
00e12e8b_5010,11599.561503216555
00e12e8b_5011,11599.551127655252
00e12e8b_5012,11599.540579654551
00e12e8b_5013,11599.526822828715
00e12e8b_5014,11599.518417321111
00e12e8b_5015,11599.508749278559
00e12e8b_5016,11599.498398192096
00e12e8b_5017,11599.491783006699
00e12e8b_5018,11599.488850106127
00e12e8b_5019,11599.481016893971
00e12e8b_5020,11599.476276160647
00e12e8b_5021,11599.469143259459
00e12e8b_5022,11599.465474088485
00e12e8b_5023,11599.459531356022
00e12e8b_5024,11599.453758244836
00e12e8b_5025,11599.449138399908
00e12e8b_5026,11599.443905448392
00e12e8b_5027,11599.438677707527
00e12e8b_5028,11599.433862936354
00e12e8b_5029,11599.424875004657
00e12e8b_5030,11599.414230584302
00e12e8b_5031,11599.405033944906
00e12e8b_5032,11599.396090674472
00e12e8b_5033,11599.385072301142
00e12e8b_5034,11599.370226749532
00e12e8b_5035,11599.354559513875
00e12e8b_5036,11599.343301359579
00e12e8b_5037,11599.32967003411
00e12e8b_5038,11599.315827211487
00e12e8b_5039,11599.305970978592
00e12e8b_5040,11599.294029264001
00e12e8b_5041,11599.28493751266
00e12e8b_5042,11599.274000213127
00e12e8b_5043,11599.261816552586
00e12e8b_5044,11599.249931525297
00e12e8b_5045,11599.233342484174
00e12e8b_5046,11599.215133812275
00e12e8b_5047,11599.197672559047
00e12e8b_5048,11599.176863666693
00e12e8b_5049,11599.1578654088
00e12e8b_5050,11599.135160271133
00e12e8b_5051,11599.11394610363
00e12e8b_5052,11599.094166745923
00e12e8b_5053,11599.073883840567
00e12e8b_5054,11599.052953355633
00e12e8b_5055,11599.041298327173
00e12e8b_5056,11599.022974473668
00e12e8b_5057,11599.007279626016
00e12e8b_5058,11598.990110545517
00e12e8b_5059,11598.972287260647
00e12e8b_5060,11598.954530919887
00e12e8b_5061,11598.935158640783
00e12e8b_5062,11598.915942129948
00e12e8b_5063,11598.89951760417
00e12e8b_5064,11598.879518798087
00e12e8b_5065,11598.859669193032
00e12e8b_5066,11598.84323223562
00e12e8b_5067,11598.82157208018
00e12e8b_5068,11598.804694129543
00e12e8b_5069,11598.784709101346
00e12e8b_5070,11598.764915559063
00e12e8b_5071,11598.74710368007
00e12e8b_5072,11598.726868740889
00e12e8b_5073,11598.708779696382
00e12e8b_5074,11598.692360603021
00e12e8b_5075,11598.677252459463
00e12e8b_5076,11598.663609846863
00e12e8b_5077,11598.650921243396
00e12e8b_5078,11598.636710622417
00e12e8b_5079,11598.624019132
00e12e8b_5080,11598.604802712216
00e12e8b_5081,11598.586773002571
00e12e8b_5082,11598.563981559284
00e12e8b_5083,11598.543719194324
00e12e8b_5084,11598.524558606014
00e12e8b_5085,11598.502284132755
00e12e8b_5086,11598.478186914695
00e12e8b_5087,11598.454863067505
00e12e8b_5088,11598.429967469845
00e12e8b_5089,11598.404934842565
00e12e8b_5090,11598.38449059024
00e12e8b_5091,11598.36337172097
00e12e8b_5092,11598.343788628292
00e12e8b_5093,11598.323488694623
00e12e8b_5094,11598.301824452845
00e12e8b_5095,11598.282488779167
00e12e8b_5096,11598.260088422465
00e12e8b_5097,11598.23251837121
00e12e8b_5098,11598.209086101326
00e12e8b_5099,11598.182003115826
00e12e8b_5100,11598.151722681376
00e12e8b_5101,11598.119331401573
00e12e8b_5102,11598.074434728958
00e12e8b_5103,11598.038002994048
00e12e8b_5104,11598.002550572073
00e12e8b_5105,11597.970378387377
00e12e8b_5106,11597.935712655259
00e12e8b_5107,11597.905087304298
00e12e8b_5108,11597.876549525608
00e12e8b_5109,11597.84628492531
00e12e8b_5110,11597.818953637321
00e12e8b_5111,11597.796791521967
00e12e8b_5112,11597.76705462006
00e12e8b_5113,11597.743440763696
00e12e8b_5114,11597.716711749265
00e12e8b_5115,11597.691002279886
00e12e8b_5116,11597.662578724125
00e12e8b_5117,11597.62745750175
00e12e8b_5118,11597.592404570036
00e12e8b_5119,11597.559137668792
00e12e8b_5120,11597.52794259803
00e12e8b_5121,11597.49460940576
00e12e8b_5122,11597.467647472227
00e12e8b_5123,11597.43197200753
00e12e8b_5124,11597.402376400567
00e12e8b_5125,11597.37092622907
00e12e8b_5126,11597.33992968328
00e12e8b_5127,11597.315950753731
00e12e8b_5128,11597.292965146135
00e12e8b_5129,11597.273141177502
00e12e8b_5130,11597.252959574686
00e12e8b_5131,11597.231867239367
00e12e8b_5132,11597.217002324513
00e12e8b_5133,11597.200005835915
00e12e8b_5134,11597.181633961307
00e12e8b_5135,11597.169087215381
00e12e8b_5136,11597.153558832102
00e12e8b_5137,11597.136532744853
00e12e8b_5138,11597.118690820087
00e12e8b_5139,11597.104468122474
00e12e8b_5140,11597.083480170444
00e12e8b_5141,11597.06877781591
00e12e8b_5142,11597.053209554098
00e12e8b_5143,11597.039625387646
00e12e8b_5144,11597.033011810621
00e12e8b_5145,11597.019927326251
00e12e8b_5146,11597.0105901188
00e12e8b_5147,11596.997477904213
00e12e8b_5148,11596.985120461954
00e12e8b_5149,11596.975102365413
00e12e8b_5150,11596.9630289643
00e12e8b_5151,11596.949676738004
00e12e8b_5152,11596.944328344733
00e12e8b_5153,11596.929583512036
00e12e8b_5154,11596.916062499913
00e12e8b_5155,11596.900779873118
00e12e8b_5156,11596.880062362856
00e12e8b_5157,11596.866643436899
00e12e8b_5158,11596.843483361477
00e12e8b_5159,11596.822697898402
00e12e8b_5160,11596.794952632314
00e12e8b_5161,11596.769576661143
00e12e8b_5162,11596.747502825256
00e12e8b_5163,11596.724736994238
00e12e8b_5164,11596.700860432817
00e12e8b_5165,11596.673158014535
00e12e8b_5166,11596.647703286573
00e12e8b_5167,11596.623518336404
00e12e8b_5168,11596.60050683404
00e12e8b_5169,11596.569447006306
00e12e8b_5170,11596.544225600834
00e12e8b_5171,11596.518612248336
00e12e8b_5172,11596.48817225721
00e12e8b_5173,11596.455362422688
00e12e8b_5174,11596.428605349334
00e12e8b_5175,11596.396220810668
00e12e8b_5176,11596.364441267171
00e12e8b_5177,11596.327979391048
00e12e8b_5178,11596.296631351772
00e12e8b_5179,11596.26624383772
00e12e8b_5180,11596.232043247928
00e12e8b_5181,11596.202165148412
00e12e8b_5182,11596.17339926332
00e12e8b_5183,11596.134032183301
00e12e8b_5184,11596.103749405163
00e12e8b_5185,11596.073187215494
00e12e8b_5186,11596.03726633369
00e12e8b_5187,11595.999487885398
00e12e8b_5188,11595.963979280885
00e12e8b_5189,11595.929447692473
00e12e8b_5190,11595.890976116441
00e12e8b_5191,11595.854696769999
00e12e8b_5192,11595.818173407524
00e12e8b_5193,11595.781213364093
00e12e8b_5194,11595.74269631875
00e12e8b_5195,11595.708411947713
00e12e8b_5196,11595.675085530496
00e12e8b_5197,11595.638118618092
00e12e8b_5198,11595.604605644074
00e12e8b_5199,11595.57102447364
00e12e8b_5200,11595.540605249094
00e12e8b_5201,11595.513070327139
00e12e8b_5202,11595.481893612858
00e12e8b_5203,11595.4504426397
00e12e8b_5204,11595.426720811363
00e12e8b_5205,11595.394202429521
00e12e8b_5206,11595.370014449123
00e12e8b_5207,11595.340075546439
00e12e8b_5208,11595.30802478706
00e12e8b_5209,11595.280195074909
00e12e8b_5210,11595.253787417018
00e12e8b_5211,11595.22441498307
00e12e8b_5212,11595.198862410041
00e12e8b_5213,11595.170192249985
00e12e8b_5214,11595.14901530197
00e12e8b_5215,11595.124318336744
00e12e8b_5216,11595.104310577266
00e12e8b_5217,11595.081316125968
00e12e8b_5218,11595.061583740342
00e12e8b_5219,11595.038683765975
00e12e8b_5220,11595.018698590491
00e12e8b_5221,11594.997692430821
00e12e8b_5222,11594.974673513967
00e12e8b_5223,11594.952528398368
00e12e8b_5224,11594.928090474046
00e12e8b_5225,11594.902258062642
00e12e8b_5226,11594.877095014584
00e12e8b_5227,11594.854599596107
00e12e8b_5228,11594.83172053107
00e12e8b_5229,11594.813342556256
00e12e8b_5230,11594.78755926163
00e12e8b_5231,11594.765125065638
00e12e8b_5232,11594.742630093744
00e12e8b_5233,11594.724087408917
00e12e8b_5234,11594.704094050363
00e12e8b_5235,11594.689209633576
00e12e8b_5236,11594.670638453093
00e12e8b_5237,11594.65417829622
00e12e8b_5238,11594.6361777819
00e12e8b_5239,11594.623083106198
00e12e8b_5240,11594.601663804304
00e12e8b_5241,11594.587295544012
00e12e8b_5242,11594.568501179667
00e12e8b_5243,11594.552757675936
00e12e8b_5244,11594.536199145967
00e12e8b_5245,11594.519879216668
00e12e8b_5246,11594.498314084838
00e12e8b_5247,11594.479660263984
00e12e8b_5248,11594.463487168268
00e12e8b_5249,11594.45064650999
00e12e8b_5250,11594.439747728657
00e12e8b_5251,11594.42775310557
00e12e8b_5252,11594.417931198745
00e12e8b_5253,11594.410357071229
00e12e8b_5254,11594.402206195042
00e12e8b_5255,11594.394083005456
00e12e8b_5256,11594.388158529815
00e12e8b_5257,11594.382149089033
00e12e8b_5258,11594.373458260867
00e12e8b_5259,11594.37198407553
00e12e8b_5260,11594.363916742594
00e12e8b_5261,11594.353239651307
00e12e8b_5262,11594.340158221708
00e12e8b_5263,11594.33387601125
00e12e8b_5264,11594.325218819795
00e12e8b_5265,11594.32101943644
00e12e8b_5266,11594.310394049178
00e12e8b_5267,11594.306434806582
00e12e8b_5268,11594.29736736616
00e12e8b_5269,11594.29130575612
00e12e8b_5270,11594.28226653893
00e12e8b_5271,11594.27905939826
00e12e8b_5272,11594.2763245313
00e12e8b_5273,11594.270905310183
00e12e8b_5274,11594.270358085774
00e12e8b_5275,11594.268066052566
00e12e8b_5276,11594.267983818798
00e12e8b_5277,11594.261920930963
00e12e8b_5278,11594.258539717273
00e12e8b_5279,11594.256263574161
00e12e8b_5280,11594.254272610828
00e12e8b_5281,11594.250097834727
00e12e8b_5282,11594.249834632443
00e12e8b_5283,11594.243909395607
00e12e8b_5284,11594.242294667878
00e12e8b_5285,11594.240494871647
00e12e8b_5286,11594.240651314662
00e12e8b_5287,11594.24244877835
00e12e8b_5288,11594.237779411647
00e12e8b_5289,11594.23825143059
00e12e8b_5290,11594.239729379367
00e12e8b_5291,11594.240112706693
00e12e8b_5292,11594.23540541307
00e12e8b_5293,11594.23391462664
00e12e8b_5294,11594.232638937774
00e12e8b_5295,11594.231375819412
00e12e8b_5296,11594.224597071538
00e12e8b_5297,11594.222893754028
00e12e8b_5298,11594.220833561205
00e12e8b_5299,11594.212737667025
00e12e8b_5300,11594.209177779961
00e12e8b_5301,11594.20587603604
00e12e8b_5302,11594.198655453014
00e12e8b_5303,11594.19640084662
00e12e8b_5304,11594.194270042208
00e12e8b_5305,11594.186144875592
00e12e8b_5306,11594.183482192475
00e12e8b_5307,11594.181039307136
00e12e8b_5308,11594.173477324322
00e12e8b_5309,11594.170922711699
00e12e8b_5310,11594.169109756931
00e12e8b_5311,11594.16197582447
00e12e8b_5312,11594.161142170826
00e12e8b_5313,11594.15390371306
00e12e8b_5314,11594.151182307478
00e12e8b_5315,11594.148740242104
00e12e8b_5316,11594.14142654529
00e12e8b_5317,11594.140639988964
00e12e8b_5318,11594.137276831032
00e12e8b_5319,11594.13920095356
00e12e8b_5320,11594.135054847266
00e12e8b_5321,11594.137147419548
00e12e8b_5322,11594.134653591453
00e12e8b_5323,11594.136272588166
00e12e8b_5324,11594.132921192626
00e12e8b_5325,11594.134968747541
00e12e8b_5326,11594.132070831916
00e12e8b_5327,11594.135232383116
00e12e8b_5328,11594.130439702938
00e12e8b_5329,11594.132304104674
00e12e8b_5330,11594.128531973005
00e12e8b_5331,11594.125863512483
00e12e8b_5332,11594.120006363873
00e12e8b_5333,11594.120484314604
00e12e8b_5334,11594.116606513046
00e12e8b_5335,11594.112879245735
00e12e8b_5336,11594.114608738406
00e12e8b_5337,11594.111861619498
00e12e8b_5338,11594.1137719047
00e12e8b_5339,11594.110796847188
00e12e8b_5340,11594.10868575022
00e12e8b_5341,11594.110251573547
00e12e8b_5342,11594.106844018024
00e12e8b_5343,11594.10856877685
00e12e8b_5344,11594.104764174688
00e12e8b_5345,11594.100843014385
00e12e8b_5346,11594.101775551082
00e12e8b_5347,11594.09938759731
00e12e8b_5348,11594.095677190722
00e12e8b_5349,11594.098274297045
00e12e8b_5350,11594.095006514312
00e12e8b_5351,11594.092663919859
00e12e8b_5352,11594.09572224956
00e12e8b_5353,11594.091190479758
00e12e8b_5354,11594.090292128967
00e12e8b_5355,11594.091029612417
00e12e8b_5356,11594.097889891422
00e12e8b_5357,11594.100192137888
00e12e8b_5358,11594.104406561164
00e12e8b_5359,11594.109163306042
00e12e8b_5360,11594.118298819089
00e12e8b_5361,11594.122763791358
00e12e8b_5362,11594.127409524197
00e12e8b_5363,11594.131721611926
00e12e8b_5364,11594.141088968172
00e12e8b_5365,11594.144935365968
00e12e8b_5366,11594.148360660736
00e12e8b_5367,11594.15072439746
00e12e8b_5368,11594.14957227313
00e12e8b_5369,11594.151053845795
00e12e8b_5370,11594.150883168997
00e12e8b_5371,11594.150220057916
00e12e8b_5372,11594.148799867873
00e12e8b_5373,11594.146247482571
00e12e8b_5374,11594.143798840361
00e12e8b_5375,11594.146434145736
00e12e8b_5376,11594.142888354429
00e12e8b_5377,11594.139947346983
00e12e8b_5378,11594.135423316991
00e12e8b_5379,11594.129845022755
00e12e8b_5380,11594.129546893471
00e12e8b_5381,11594.123709099415
00e12e8b_5382,11594.118406140828
00e12e8b_5383,11594.113089967706
00e12e8b_5384,11594.113756834417
00e12e8b_5385,11594.10935957432
00e12e8b_5386,11594.105012831169
00e12e8b_5387,11594.100376835564
00e12e8b_5388,11594.098793568148
00e12e8b_5389,11594.091974200315
00e12e8b_5390,11594.084393025221
00e12e8b_5391,11594.08183070473
00e12e8b_5392,11594.076777273367
00e12e8b_5393,11594.07149784873
00e12e8b_5394,11594.070622799565
00e12e8b_5395,11594.064378793433
00e12e8b_5396,11594.055994580802
00e12e8b_5397,11594.052911028812
00e12e8b_5398,11594.046668855352
00e12e8b_5399,11594.046479788283
00e12e8b_5400,11594.041446803956
00e12e8b_5401,11594.037350128627
00e12e8b_5402,11594.037944684833
00e12e8b_5403,11594.0344627234
00e12e8b_5404,11594.037620304593
00e12e8b_5405,11594.03614634868
00e12e8b_5406,11594.040039774136
00e12e8b_5407,11594.038723971667
00e12e8b_5408,11594.03695636012
00e12e8b_5409,11594.040719637118
00e12e8b_5410,11594.03812370166
00e12e8b_5411,11594.040898925468
00e12e8b_5412,11594.038196578333
00e12e8b_5413,11594.040960399481
00e12e8b_5414,11594.03864769074
00e12e8b_5415,11594.041222612941
00e12e8b_5416,11594.037411320598
00e12e8b_5417,11594.039364685459
00e12e8b_5418,11594.040034063768
00e12e8b_5419,11594.035263540558
00e12e8b_5420,11594.039047779632
00e12e8b_5421,11594.039117719962
00e12e8b_5422,11594.047069691289
00e12e8b_5423,11594.051340541944
00e12e8b_5424,11594.060792351796
00e12e8b_5425,11594.070957741678
00e12e8b_5426,11594.074663753334
00e12e8b_5427,11594.0830946688
00e12e8b_5428,11594.086362122962
00e12e8b_5429,11594.095459032687
00e12e8b_5430,11594.104385904498
00e12e8b_5431,11594.10798754591
00e12e8b_5432,11594.114902611243
00e12e8b_5433,11594.120378327774
00e12e8b_5434,11594.11902200479
00e12e8b_5435,11594.123520794083
00e12e8b_5436,11594.127811525645
00e12e8b_5437,11594.127995863368
00e12e8b_5438,11594.122809382294
00e12e8b_5439,11594.123497688575
00e12e8b_5440,11594.125229198908
00e12e8b_5441,11594.121223134889
00e12e8b_5442,11594.123707771467
00e12e8b_5443,11594.12624219321
00e12e8b_5444,11594.128314439287
00e12e8b_5445,11594.131003630602
00e12e8b_5446,11594.128857190266
00e12e8b_5447,11594.13234475681
00e12e8b_5448,11594.134513120032
00e12e8b_5449,11594.13599230217
00e12e8b_5450,11594.136882837658
00e12e8b_5451,11594.130656654213
00e12e8b_5452,11594.127980613002
00e12e8b_5453,11594.123908400767
00e12e8b_5454,11594.120563281664
00e12e8b_5455,11594.117436845114
00e12e8b_5456,11594.114669233735
00e12e8b_5457,11594.110047389979
00e12e8b_5458,11594.111344503439
00e12e8b_5459,11594.110375678374
00e12e8b_5460,11594.113597618674
00e12e8b_5461,11594.120123788614
00e12e8b_5462,11594.128454370155
00e12e8b_5463,11594.138923214303
00e12e8b_5464,11594.15060259179
00e12e8b_5465,11594.16333764436
00e12e8b_5466,11594.176003105953
00e12e8b_5467,11594.188852441974
00e12e8b_5468,11594.203198357885
00e12e8b_5469,11594.216382970862
00e12e8b_5470,11594.229113227972
00e12e8b_5471,11594.235130976977
00e12e8b_5472,11594.244409573075
00e12e8b_5473,11594.25329942294
00e12e8b_5474,11594.259822691449
00e12e8b_5475,11594.263690950986
00e12e8b_5476,11594.269579017346
00e12e8b_5477,11594.278797526958
00e12e8b_5478,11594.28954604041
00e12e8b_5479,11594.295004847736
00e12e8b_5480,11594.309381072453
00e12e8b_5481,11594.325134611228
00e12e8b_5482,11594.344943146687
00e12e8b_5483,11594.362824243395
00e12e8b_5484,11594.372221432071
00e12e8b_5485,11594.38778206061
00e12e8b_5486,11594.40095413087
00e12e8b_5487,11594.411831671288
00e12e8b_5488,11594.415963098509
00e12e8b_5489,11594.422998691483
00e12e8b_5490,11594.4273296695
00e12e8b_5491,11594.428206663171
00e12e8b_5492,11594.42606347553
00e12e8b_5493,11594.428205541668
00e12e8b_5494,11594.43167044269
00e12e8b_5495,11594.43053314605
00e12e8b_5496,11594.433352417118
00e12e8b_5497,11594.434125118609
00e12e8b_5498,11594.434115995326
00e12e8b_5499,11594.439126422207
00e12e8b_5500,11594.442037611398
00e12e8b_5501,11594.439291518327
00e12e8b_5502,11594.441907822838
00e12e8b_5503,11594.44192462688
00e12e8b_5504,11594.434586393498
00e12e8b_5505,11594.433643606906
00e12e8b_5506,11594.427131971377
00e12e8b_5507,11594.423978766992
00e12e8b_5508,11594.415688171393
00e12e8b_5509,11594.412724208976
00e12e8b_5510,11594.409820832625
00e12e8b_5511,11594.40054316663
00e12e8b_5512,11594.398225517587
00e12e8b_5513,11594.392803289233
00e12e8b_5514,11594.395037835355
00e12e8b_5515,11594.393198462516
00e12e8b_5516,11594.39817261386
00e12e8b_5517,11594.397385042337
00e12e8b_5518,11594.399349368001
00e12e8b_5519,11594.40667495887
00e12e8b_5520,11594.40857077789
00e12e8b_5521,11594.415316823994
00e12e8b_5522,11594.413876530041
00e12e8b_5523,11594.418935288686
00e12e8b_5524,11594.41790542868
00e12e8b_5525,11594.419714098984
00e12e8b_5526,11594.427088509827
00e12e8b_5527,11594.431675776576
00e12e8b_5528,11594.436821758825
00e12e8b_5529,11594.447132716534
00e12e8b_5530,11594.452957121088
00e12e8b_5531,11594.455782468678
00e12e8b_5532,11594.467414331568
00e12e8b_5533,11594.47289646535
00e12e8b_5534,11594.478642834605
00e12e8b_5535,11594.488077381018
00e12e8b_5536,11594.492159918529
00e12e8b_5537,11594.491342169147
00e12e8b_5538,11594.496539066542
00e12e8b_5539,11594.500003011806
00e12e8b_5540,11594.502142323505
00e12e8b_5541,11594.505338726325
00e12e8b_5542,11594.507357442995
00e12e8b_5543,11594.51276114818
00e12e8b_5544,11594.511580448547
00e12e8b_5545,11594.512310786224
00e12e8b_5546,11594.512505207236
00e12e8b_5547,11594.512702011241
00e12e8b_5548,11594.519544954983
00e12e8b_5549,11594.521656001478
00e12e8b_5550,11594.522998852863
00e12e8b_5551,11594.52303619582
00e12e8b_5552,11594.523839640766
00e12e8b_5553,11594.523162340332
00e12e8b_5554,11594.52342223756
00e12e8b_5555,11594.523041910117
00e12e8b_5556,11594.527074470845
00e12e8b_5557,11594.52322599153
00e12e8b_5558,11594.521094980446
00e12e8b_5559,11594.519846370807
00e12e8b_5560,11594.51741578284
00e12e8b_5561,11594.517567602597
00e12e8b_5562,11594.517517451575
00e12e8b_5563,11594.517720165113
00e12e8b_5564,11594.517447145414
00e12e8b_5565,11594.516446439415
00e12e8b_5566,11594.51686848735
00e12e8b_5567,11594.517263936603
00e12e8b_5568,11594.5173473299
00e12e8b_5569,11594.522325562746
00e12e8b_5570,11594.523755295122
00e12e8b_5571,11594.522892539073
00e12e8b_5572,11594.524195409356
00e12e8b_5573,11594.52647065711
00e12e8b_5574,11594.527571830073
00e12e8b_5575,11594.53491487341
00e12e8b_5576,11594.537378374798
00e12e8b_5577,11594.537456002612
00e12e8b_5578,11594.539531813425
00e12e8b_5579,11594.545318311892
00e12e8b_5580,11594.545664622692
00e12e8b_5581,11594.54432218689
00e12e8b_5582,11594.544552075182
00e12e8b_5583,11594.54939929555
00e12e8b_5584,11594.54613677914
00e12e8b_5585,11594.545398878812
00e12e8b_5586,11594.55126304182
00e12e8b_5587,11594.55243808903
00e12e8b_5588,11594.557355618193
00e12e8b_5589,11594.557080461977
00e12e8b_5590,11594.55648777301
00e12e8b_5591,11594.560325087456
00e12e8b_5592,11594.562603740851
00e12e8b_5593,11594.56885770155
00e12e8b_5594,11594.570027342268
00e12e8b_5595,11594.576157753756
00e12e8b_5596,11594.57870719634
00e12e8b_5597,11594.582870297201
00e12e8b_5598,11594.58443163649
00e12e8b_5599,11594.591302348801
00e12e8b_5600,11594.592469081013
00e12e8b_5601,11594.598316396321
00e12e8b_5602,11594.597627073266
00e12e8b_5603,11594.602016056931
00e12e8b_5604,11594.599599780013
00e12e8b_5605,11594.60224052898
00e12e8b_5606,11594.605452385593
00e12e8b_5607,11594.604293120428
00e12e8b_5608,11594.608324387122
00e12e8b_5609,11594.607035063756
00e12e8b_5610,11594.611832678269
00e12e8b_5611,11594.615910609316
00e12e8b_5612,11594.622558774128
00e12e8b_5613,11594.624615828205
00e12e8b_5614,11594.633637526664
00e12e8b_5615,11594.642568229576
00e12e8b_5616,11594.646373989299
00e12e8b_5617,11594.652651080447
00e12e8b_5618,11594.661756389773
00e12e8b_5619,11594.671401195006
00e12e8b_5620,11594.68189665717
00e12e8b_5621,11594.686962414129
00e12e8b_5622,11594.698009685933
00e12e8b_5623,11594.707758174896
00e12e8b_5624,11594.715582526977
00e12e8b_5625,11594.726469707457
00e12e8b_5626,11594.737426165044
00e12e8b_5627,11594.742011202361
00e12e8b_5628,11594.753884865468
00e12e8b_5629,11594.766732523844
00e12e8b_5630,11594.780922852817
00e12e8b_5631,11594.793275341992
00e12e8b_5632,11594.807947370027
00e12e8b_5633,11594.822384177169
00e12e8b_5634,11594.836754661346
00e12e8b_5635,11594.851945049506
00e12e8b_5636,11594.866891931219
00e12e8b_5637,11594.878748689862
00e12e8b_5638,11594.89166635531
00e12e8b_5639,11594.90381995327
00e12e8b_5640,11594.916308279327
00e12e8b_5641,11594.92737806746
00e12e8b_5642,11594.937493588768
00e12e8b_5643,11594.946012688444
00e12e8b_5644,11594.959936221727
00e12e8b_5645,11594.970408838513
00e12e8b_5646,11594.981283003926
00e12e8b_5647,11594.992619385854
00e12e8b_5648,11595.003644545666
00e12e8b_5649,11595.015145318284
00e12e8b_5650,11595.026721340739
00e12e8b_5651,11595.040380287817
00e12e8b_5652,11595.05192091707
00e12e8b_5653,11595.061412293246
00e12e8b_5654,11595.069826648047
00e12e8b_5655,11595.084651262296
00e12e8b_5656,11595.094657736252
00e12e8b_5657,11595.100776977075
00e12e8b_5658,11595.109798631049
00e12e8b_5659,11595.124172947562
00e12e8b_5660,11595.13274669839
00e12e8b_5661,11595.140129958118
00e12e8b_5662,11595.147623392058
00e12e8b_5663,11595.16179092647
00e12e8b_5664,11595.168104418339
00e12e8b_5665,11595.177763727217
00e12e8b_5666,11595.188765421399
00e12e8b_5667,11595.200840442198
00e12e8b_5668,11595.212387087275
00e12e8b_5669,11595.228577797454
00e12e8b_5670,11595.240311414133
00e12e8b_5671,11595.250097071439
00e12e8b_5672,11595.262070708644
00e12e8b_5673,11595.272079188771
00e12e8b_5674,11595.28308142643
00e12e8b_5675,11595.294367013179
00e12e8b_5676,11595.30608776685
00e12e8b_5677,11595.316927960248
00e12e8b_5678,11595.329875521125
00e12e8b_5679,11595.34439876865
00e12e8b_5680,11595.3632999723
00e12e8b_5681,11595.377645480063
00e12e8b_5682,11595.391926155811
00e12e8b_5683,11595.405786523019
00e12e8b_5684,11595.417037059124
00e12e8b_5685,11595.42899840933
00e12e8b_5686,11595.434492445009
00e12e8b_5687,11595.444811723712
00e12e8b_5688,11595.452586080723
00e12e8b_5689,11595.45830072237
00e12e8b_5690,11595.465221625545
00e12e8b_5691,11595.469912639168
00e12e8b_5692,11595.474914050159
00e12e8b_5693,11595.480390322924
00e12e8b_5694,11595.48579564461
00e12e8b_5695,11595.491961660391
00e12e8b_5696,11595.496633927009
00e12e8b_5697,11595.499405088323
00e12e8b_5698,11595.498126271208
00e12e8b_5699,11595.502399183599
00e12e8b_5700,11595.504888858597
00e12e8b_5701,11595.507969305692
00e12e8b_5702,11595.509579069865
00e12e8b_5703,11595.512452231345
00e12e8b_5704,11595.508511613423
00e12e8b_5705,11595.512382446184
00e12e8b_5706,11595.516002050255
00e12e8b_5707,11595.520041318527
00e12e8b_5708,11595.518273608035
00e12e8b_5709,11595.521273517785
00e12e8b_5710,11595.523727802414
00e12e8b_5711,11595.521857354513
00e12e8b_5712,11595.519180182953
00e12e8b_5713,11595.523096996249
00e12e8b_5714,11595.527043772989
00e12e8b_5715,11595.527201324265
00e12e8b_5716,11595.533126814888
00e12e8b_5717,11595.535855533888
00e12e8b_5718,11595.535579796568
00e12e8b_5719,11595.541285665755
00e12e8b_5720,11595.547119732793
00e12e8b_5721,11595.548311819257
00e12e8b_5722,11595.555737367089
00e12e8b_5723,11595.561042990574
00e12e8b_5724,11595.568493446857
00e12e8b_5725,11595.580243222732
00e12e8b_5726,11595.587127859155
00e12e8b_5727,11595.600554648725
00e12e8b_5728,11595.608135900246
00e12e8b_5729,11595.62112561916
00e12e8b_5730,11595.627840794834
00e12e8b_5731,11595.637638197577
00e12e8b_5732,11595.642713449477
00e12e8b_5733,11595.648300058107
00e12e8b_5734,11595.650720254507
00e12e8b_5735,11595.661131874369
00e12e8b_5736,11595.668602555497
00e12e8b_5737,11595.68038177523
00e12e8b_5738,11595.690640030476
00e12e8b_5739,11595.708601537499
00e12e8b_5740,11595.7211073677
00e12e8b_5741,11595.7410749659
00e12e8b_5742,11595.755628686733
00e12e8b_5743,11595.76958363538
00e12e8b_5744,11595.785338392834
00e12e8b_5745,11595.796872927724
00e12e8b_5746,11595.80526480704
00e12e8b_5747,11595.815607979905
00e12e8b_5748,11595.818297037404
00e12e8b_5749,11595.822829963836
00e12e8b_5750,11595.824825494934
00e12e8b_5751,11595.824911184167
00e12e8b_5752,11595.8249933159
00e12e8b_5753,11595.831391862332
00e12e8b_5754,11595.832373750682
00e12e8b_5755,11595.838303558714
00e12e8b_5756,11595.835255326852
00e12e8b_5757,11595.836043073752
00e12e8b_5758,11595.834758329576
00e12e8b_5759,11595.839525715475
00e12e8b_5760,11595.838759352813
00e12e8b_5761,11595.843335652316
00e12e8b_5762,11595.841094701027
00e12e8b_5763,11595.84537990404
00e12e8b_5764,11595.847029383349
00e12e8b_5765,11595.844290591785
00e12e8b_5766,11595.846717695356
00e12e8b_5767,11595.849008356594
00e12e8b_5768,11595.851432388748
00e12e8b_5769,11595.849239134654
00e12e8b_5770,11595.852188826893
00e12e8b_5771,11595.853838300904
00e12e8b_5772,11595.859500074079
00e12e8b_5773,11595.86488459674
00e12e8b_5774,11595.869366721909
00e12e8b_5775,11595.874994261114
00e12e8b_5776,11595.880526239558
00e12e8b_5777,11595.88488669895
00e12e8b_5778,11595.891219672912
00e12e8b_5779,11595.899654171295
00e12e8b_5780,11595.91005702673
00e12e8b_5781,11595.925820112101
00e12e8b_5782,11595.938420380015
00e12e8b_5783,11595.951170485434
00e12e8b_5784,11595.962307576074
00e12e8b_5785,11595.981294488141
00e12e8b_5786,11595.99497051398
00e12e8b_5787,11596.008536310974
00e12e8b_5788,11596.025434526644
00e12e8b_5789,11596.038353643842
00e12e8b_5790,11596.055501849041
00e12e8b_5791,11596.066465362093
00e12e8b_5792,11596.07863997356
00e12e8b_5793,11596.096741534871
00e12e8b_5794,11596.113618215528
00e12e8b_5795,11596.127685861757
00e12e8b_5796,11596.146772151991
00e12e8b_5797,11596.15662594993
00e12e8b_5798,11596.174492953463
00e12e8b_5799,11596.192041449363
00e12e8b_5800,11596.203517188622
00e12e8b_5801,11596.218868719487
00e12e8b_5802,11596.235185507647
00e12e8b_5803,11596.251789046675
00e12e8b_5804,11596.265263849964
00e12e8b_5805,11596.281065361032
00e12e8b_5806,11596.292423315865
00e12e8b_5807,11596.310387957677
00e12e8b_5808,11596.328156842392
00e12e8b_5809,11596.344945501427
00e12e8b_5810,11596.362177687963
00e12e8b_5811,11596.37848702191
00e12e8b_5812,11596.394766854455
00e12e8b_5813,11596.416317959502
00e12e8b_5814,11596.433703222956
00e12e8b_5815,11596.449959502479
00e12e8b_5816,11596.464368888395
00e12e8b_5817,11596.481359389663
00e12e8b_5818,11596.501990619105
00e12e8b_5819,11596.519562940714
00e12e8b_5820,11596.534916220098
00e12e8b_5821,11596.551512929265
00e12e8b_5822,11596.573612944689
00e12e8b_5823,11596.590311670998
00e12e8b_5824,11596.611299035798
00e12e8b_5825,11596.630265612035
00e12e8b_5826,11596.653633346308
00e12e8b_5827,11596.674235047616
00e12e8b_5828,11596.700044996256
00e12e8b_5829,11596.719533715464
00e12e8b_5830,11596.744351415262
00e12e8b_5831,11596.761980744663
00e12e8b_5832,11596.78609617136
00e12e8b_5833,11596.809725273702
00e12e8b_5834,11596.828179149064
00e12e8b_5835,11596.85142047537
00e12e8b_5836,11596.873254604643
00e12e8b_5837,11596.89628627905
00e12e8b_5838,11596.915196447362
00e12e8b_5839,11596.935534297105
00e12e8b_5840,11596.951190991775
00e12e8b_5841,11596.909152758226
00e12e8b_5842,11596.932043855724
00e12e8b_5843,11596.954442440052
00e12e8b_5844,11596.980029344453
00e12e8b_5845,11597.001269915001
00e12e8b_5846,11597.022133663366
00e12e8b_5847,11597.044525579837
00e12e8b_5848,11597.065089001968
00e12e8b_5849,11597.0922032144
00e12e8b_5850,11597.112930517731
00e12e8b_5851,11597.136248749957
00e12e8b_5852,11597.15844980389
00e12e8b_5853,11597.180907968057
00e12e8b_5854,11597.203614102915
00e12e8b_5855,11597.224594898898
00e12e8b_5856,11597.245676940596
00e12e8b_5857,11597.268376932792
00e12e8b_5858,11597.28983109548
00e12e8b_5859,11597.311513556178
00e12e8b_5860,11597.335667405983
00e12e8b_5861,11597.361449710024
00e12e8b_5862,11597.384146651118
00e12e8b_5863,11597.407308445232
00e12e8b_5864,11597.431658448784
00e12e8b_5865,11597.455177116537
00e12e8b_5866,11597.478871573216
00e12e8b_5867,11597.504978087069
00e12e8b_5868,11597.529322932425
00e12e8b_5869,11597.559262090961
00e12e8b_5870,11597.587029956003
00e12e8b_5871,11597.613315772633
00e12e8b_5872,11597.638979348867
00e12e8b_5873,11597.669418100704
00e12e8b_5874,11597.69919816206
00e12e8b_5875,11597.729386171839
00e12e8b_5876,11597.764564611993
00e12e8b_5877,11597.797526707232
00e12e8b_5878,11597.83020450977
00e12e8b_5879,11597.863137147824
00e12e8b_5880,11597.898949602946
00e12e8b_5881,11597.933667889722
00e12e8b_5882,11597.976280602077
00e12e8b_5883,11598.015985204656
00e12e8b_5884,11598.053635342942
00e12e8b_5885,11598.091987046573
00e12e8b_5886,11598.131648015275
00e12e8b_5887,11598.175342488146
00e12e8b_5888,11598.211998655974
00e12e8b_5889,11598.2515069933
00e12e8b_5890,11598.287782130148
00e12e8b_5891,11598.32330024545
00e12e8b_5892,11598.3615892347
00e12e8b_5893,11598.39447065442
00e12e8b_5894,11598.425577544056
00e12e8b_5895,11598.454437514625
00e12e8b_5896,11598.490931613176
00e12e8b_5897,11598.519647866859
00e12e8b_5898,11598.548266873715
00e12e8b_5899,11598.579189370095
00e12e8b_5900,11598.608203649228
00e12e8b_5901,11598.64395293044
00e12e8b_5902,11598.673704174482
00e12e8b_5903,11598.702250189242
00e12e8b_5904,11598.731716444141
00e12e8b_5905,11598.766919763946
00e12e8b_5906,11598.800746726329
00e12e8b_5907,11598.832776709307
00e12e8b_5908,11598.869845571342
00e12e8b_5909,11598.902665583722
00e12e8b_5910,11598.933657000074
00e12e8b_5911,11598.965182940052
00e12e8b_5912,11599.002474761553
00e12e8b_5913,11599.03080415738
00e12e8b_5914,11599.0586130747
00e12e8b_5915,11599.094071000356
00e12e8b_5916,11599.12062861388
00e12e8b_5917,11599.14838750444
00e12e8b_5918,11599.176521801153
00e12e8b_5919,11599.212739106493
00e12e8b_5920,11599.243515472393
00e12e8b_5921,11599.277337298017
00e12e8b_5922,11599.32037833568
00e12e8b_5923,11599.354941472573
00e12e8b_5924,11599.3880982335
00e12e8b_5925,11599.430669943504
00e12e8b_5926,11599.467915429374
00e12e8b_5927,11599.505835716454
00e12e8b_5928,11599.550362847236
00e12e8b_5929,11599.58801618902
00e12e8b_5930,11599.624203051966
00e12e8b_5931,11599.664600914482
00e12e8b_5932,11599.692153835795
00e12e8b_5933,11599.716864393506
00e12e8b_5934,11599.745126136073
00e12e8b_5935,11599.768678884755
00e12e8b_5936,11599.797761573362
00e12e8b_5937,11599.821893363609
00e12e8b_5938,11599.847368800918
00e12e8b_5939,11599.881090589412
00e12e8b_5940,11599.90927066904
00e12e8b_5941,11599.939322577651
00e12e8b_5942,11599.97717137499
00e12e8b_5943,11600.01031615023
00e12e8b_5944,11600.044721282822
00e12e8b_5945,11600.083669329722
00e12e8b_5946,11600.119822438315
00e12e8b_5947,11600.152956745347
00e12e8b_5948,11600.182831398257
00e12e8b_5949,11600.210980924752
00e12e8b_5950,11600.235212807085
00e12e8b_5951,11600.25954970971
00e12e8b_5952,11600.281912284361
00e12e8b_5953,11600.304358332998
00e12e8b_5954,11600.32886811723
00e12e8b_5955,11600.348932126177
00e12e8b_5956,11600.369274662575
00e12e8b_5957,11600.389646492877
00e12e8b_5958,11600.406011151941
00e12e8b_5959,11600.42776616443
00e12e8b_5960,11600.451418722027
00e12e8b_5961,11600.474326812808
00e12e8b_5962,11600.489598644017
00e12e8b_5963,11600.511543807146
00e12e8b_5964,11600.528248918163
00e12e8b_5965,11600.550907217339
00e12e8b_5966,11600.571881877786
00e12e8b_5967,11600.589350870418
00e12e8b_5968,11600.604928077482
00e12e8b_5969,11600.62734773922
00e12e8b_5970,11600.641005270802
00e12e8b_5971,11600.657792484308
00e12e8b_5972,11600.670948939382
00e12e8b_5973,11600.685701934646
00e12e8b_5974,11600.701769545012
00e12e8b_5975,11600.720249625921
00e12e8b_5976,11600.731972095524
00e12e8b_5977,11600.737779096962
00e12e8b_5978,11600.739783925936
00e12e8b_5979,11600.739646390975
00e12e8b_5980,11600.738713128416
00e12e8b_5981,11600.735980032321
00e12e8b_5982,11600.73126412263
00e12e8b_5983,11600.72864442098
00e12e8b_5984,11600.724159902318
00e12e8b_5985,11600.72432539278
00e12e8b_5986,11600.7248585817
00e12e8b_5987,11600.728810363078
00e12e8b_5988,11600.729449498249
00e12e8b_5989,11600.738855301686
00e12e8b_5990,11600.746892655974
00e12e8b_5991,11600.750173476441
00e12e8b_5992,11600.756324194976
00e12e8b_5993,11600.761471710908
00e12e8b_5994,11600.762059620796
00e12e8b_5995,11600.767557854808
00e12e8b_5996,11600.768743760404
00e12e8b_5997,11600.774013309325
00e12e8b_5998,11600.775654000514
00e12e8b_5999,11600.78129546575
00e12e8b_6000,11600.782050532085
00e12e8b_6001,11600.782413260615
00e12e8b_6002,11600.782337590614
00e12e8b_6003,11600.78640935074
00e12e8b_6004,11600.784751081861
00e12e8b_6005,11600.78203519592
00e12e8b_6006,11600.780596666726
00e12e8b_6007,11600.775213290595
00e12e8b_6008,11600.774641836364
00e12e8b_6009,11600.769829914316
00e12e8b_6010,11600.764856826694
00e12e8b_6011,11600.76010326951
00e12e8b_6012,11600.755145225135
00e12e8b_6013,11600.74669278887
00e12e8b_6014,11600.739430715652
00e12e8b_6015,11600.734105914913
00e12e8b_6016,11600.72943839983
00e12e8b_6017,11600.724634511229
00e12e8b_6018,11600.720582039297
00e12e8b_6019,11600.710030531403
00e12e8b_6020,11600.706429945236
00e12e8b_6021,11600.69901107769
00e12e8b_6022,11600.690946653696
00e12e8b_6023,11600.68947714881
00e12e8b_6024,11600.682673772137
00e12e8b_6025,11600.680108067356
00e12e8b_6026,11600.670777297568
00e12e8b_6027,11600.667581676407
00e12e8b_6028,11600.660547745567
00e12e8b_6029,11600.656576058878
00e12e8b_6030,11600.648138053217
00e12e8b_6031,11600.642231652382
00e12e8b_6032,11600.64259072384
00e12e8b_6033,11600.636792856709
00e12e8b_6034,11600.631828070425
00e12e8b_6035,11600.628327945487
00e12e8b_6036,11600.62399095086
00e12e8b_6037,11600.620297812024
00e12e8b_6038,11600.624716624294
00e12e8b_6039,11600.62382210478
00e12e8b_6040,11600.621085133718
00e12e8b_6041,11600.616261342911
00e12e8b_6042,11600.611849503373
00e12e8b_6043,11600.609235351807
00e12e8b_6044,11600.60565945605
00e12e8b_6045,11600.601860343882
00e12e8b_6046,11600.598175837988
00e12e8b_6047,11600.595249906992
00e12e8b_6048,11600.595939575127
00e12e8b_6049,11600.591866819646
00e12e8b_6050,11600.59026017573
00e12e8b_6051,11600.58466219181
00e12e8b_6052,11600.574154449794
00e12e8b_6053,11600.560899556243
00e12e8b_6054,11600.550305281751
00e12e8b_6055,11600.539636948026
00e12e8b_6056,11600.528677689246
00e12e8b_6057,11600.513558395269
00e12e8b_6058,11600.498719739779
00e12e8b_6059,11600.483297239898
00e12e8b_6060,11600.469676198085
00e12e8b_6061,11600.454870874757
00e12e8b_6062,11600.439537134058
00e12e8b_6063,11600.425335687598
00e12e8b_6064,11600.411983228481
00e12e8b_6065,11600.391915755457
00e12e8b_6066,11600.374744275492
00e12e8b_6067,11600.356935444815
00e12e8b_6068,11600.33904397491
00e12e8b_6069,11600.32138618407
00e12e8b_6070,11600.3025874165
00e12e8b_6071,11600.282966970648
00e12e8b_6072,11600.261937823865
00e12e8b_6073,11600.241329943863
00e12e8b_6074,11600.221826434812
00e12e8b_6075,11600.197868395182
00e12e8b_6076,11600.177620057162
00e12e8b_6077,11600.156973501103
00e12e8b_6078,11600.133350031214
00e12e8b_6079,11600.111180204396
00e12e8b_6080,11600.08833620159
00e12e8b_6081,11600.06606900911
00e12e8b_6082,11600.038285291066
00e12e8b_6083,11600.01442779326
00e12e8b_6084,11599.991120284049
00e12e8b_6085,11599.963185885359
00e12e8b_6086,11599.93964145499
00e12e8b_6087,11599.912700204226
00e12e8b_6088,11599.893851079269
00e12e8b_6089,11599.873612241809
00e12e8b_6090,11599.853852424516
00e12e8b_6091,11599.826732014351
00e12e8b_6092,11599.80565834882
00e12e8b_6093,11599.78288315751
00e12e8b_6094,11599.76011133165
00e12e8b_6095,11599.730149776144
00e12e8b_6096,11599.707002346695
00e12e8b_6097,11599.681168935982
00e12e8b_6098,11599.648106841876
00e12e8b_6099,11599.619986642501
00e12e8b_6100,11599.590848642809
00e12e8b_6101,11599.556428979335
00e12e8b_6102,11599.527785410624
00e12e8b_6103,11599.499541519071
00e12e8b_6104,11599.463315811796
00e12e8b_6105,11599.432617649605
00e12e8b_6106,11599.401812323707
00e12e8b_6107,11599.365707694968
00e12e8b_6108,11599.334998351747
00e12e8b_6109,11599.31345706435
00e12e8b_6110,11599.289627997237
00e12e8b_6111,11599.270042179382
00e12e8b_6112,11599.248729403102
00e12e8b_6113,11599.229027244344
00e12e8b_6114,11599.206139651198
00e12e8b_6115,11599.188259892624
00e12e8b_6116,11599.168188389727
00e12e8b_6117,11599.142554348227
00e12e8b_6118,11599.120264875144
00e12e8b_6119,11599.095709671607
00e12e8b_6120,11599.072953012208
00e12e8b_6121,11599.045555535551
00e12e8b_6122,11599.020946422277
00e12e8b_6123,11598.991944044308
00e12e8b_6124,11598.970825779325
00e12e8b_6125,11598.941732098505
00e12e8b_6126,11598.922358267271
00e12e8b_6127,11598.896605715989
00e12e8b_6128,11598.880535081742
00e12e8b_6129,11598.858992663347
00e12e8b_6130,11598.843951082643
00e12e8b_6131,11598.82569951301
00e12e8b_6132,11598.811561901912
00e12e8b_6133,11598.794659963434
00e12e8b_6134,11598.783436564003
00e12e8b_6135,11598.76877451691
00e12e8b_6136,11598.751666319202
00e12e8b_6137,11598.739993768031
00e12e8b_6138,11598.724702736354
00e12e8b_6139,11598.712633426092
00e12e8b_6140,11598.698016746901
00e12e8b_6141,11598.682398415198
00e12e8b_6142,11598.675419027637
00e12e8b_6143,11598.662850573563
00e12e8b_6144,11598.658243598633
00e12e8b_6145,11598.645846042087
00e12e8b_6146,11598.635473908242
00e12e8b_6147,11598.632367797585
00e12e8b_6148,11598.62303118976
00e12e8b_6149,11598.614724149666
00e12e8b_6150,11598.610020301374
00e12e8b_6151,11598.601018602976
00e12e8b_6152,11598.589761710633
00e12e8b_6153,11598.580992248582
00e12e8b_6154,11598.569675481758
00e12e8b_6155,11598.557022703639
00e12e8b_6156,11598.546979110408
00e12e8b_6157,11598.537184902638
00e12e8b_6158,11598.525928304454
00e12e8b_6159,11598.511863192769
00e12e8b_6160,11598.504744193957
00e12e8b_6161,11598.48855994645
00e12e8b_6162,11598.471451951536
00e12e8b_6163,11598.455281054326
00e12e8b_6164,11598.442813412736
00e12e8b_6165,11598.426843046018
00e12e8b_6166,11598.409640697382
00e12e8b_6167,11598.394657928173
00e12e8b_6168,11598.379901841327
00e12e8b_6169,11598.35789522779
00e12e8b_6170,11598.33732631649
00e12e8b_6171,11598.314233570825
00e12e8b_6172,11598.29146699106
00e12e8b_6173,11598.265226986154
00e12e8b_6174,11598.247547562944
00e12e8b_6175,11598.22289887698
00e12e8b_6176,11598.199652804673
00e12e8b_6177,11598.173345627434
00e12e8b_6178,11598.149064963422
00e12e8b_6179,11598.12793088672
00e12e8b_6180,11598.111078442753
00e12e8b_6181,11598.091591152912
00e12e8b_6182,11598.070591416845
00e12e8b_6183,11598.05041407705
00e12e8b_6184,11598.027730789094
00e12e8b_6185,11598.001966027048
00e12e8b_6186,11597.978096199122
00e12e8b_6187,11597.9517266042
00e12e8b_6188,11597.927904258991
00e12e8b_6189,11597.89718033855
00e12e8b_6190,11597.863751247161
00e12e8b_6191,11597.831265348075
00e12e8b_6192,11597.797168850233
00e12e8b_6193,11597.766218369978
00e12e8b_6194,11597.73453018779
00e12e8b_6195,11597.706674679028
00e12e8b_6196,11597.680190709976
00e12e8b_6197,11597.653726109002
00e12e8b_6198,11597.62794689296
00e12e8b_6199,11597.600283713396
00e12e8b_6200,11597.574785140874
00e12e8b_6201,11597.549039081608
00e12e8b_6202,11597.521550152353
00e12e8b_6203,11597.496265131238
00e12e8b_6204,11597.467018708438
00e12e8b_6205,11597.440533186218
00e12e8b_6206,11597.414623126882
00e12e8b_6207,11597.38507783712
00e12e8b_6208,11597.356436581962
00e12e8b_6209,11597.325472093391
00e12e8b_6210,11597.297863197831
00e12e8b_6211,11597.269265165185
00e12e8b_6212,11597.239969375274
00e12e8b_6213,11597.213514896766
00e12e8b_6214,11597.183626831198
00e12e8b_6215,11597.151671679145
00e12e8b_6216,11597.124857987055
00e12e8b_6217,11597.095480057653
00e12e8b_6218,11597.069717427046
00e12e8b_6219,11597.040960372578
00e12e8b_6220,11597.014352585484
00e12e8b_6221,11596.987456726147
00e12e8b_6222,11596.958395515107
00e12e8b_6223,11596.933089096665
00e12e8b_6224,11596.899287511216
00e12e8b_6225,11596.870645532217
00e12e8b_6226,11596.836417380357
00e12e8b_6227,11596.802081785545
00e12e8b_6228,11596.768646322915
00e12e8b_6229,11596.737093118783
00e12e8b_6230,11596.70144000191
00e12e8b_6231,11596.672782990481
00e12e8b_6232,11596.64250993264
00e12e8b_6233,11596.616000412781
00e12e8b_6234,11596.583729344115
00e12e8b_6235,11596.559034466776
00e12e8b_6236,11596.53471024234
00e12e8b_6237,11596.513103342917
00e12e8b_6238,11596.489629956872
00e12e8b_6239,11596.470546456578
00e12e8b_6240,11596.453953646807
00e12e8b_6241,11596.431976781292
00e12e8b_6242,11596.411393981776
00e12e8b_6243,11596.395523588588
00e12e8b_6244,11596.372282358974
00e12e8b_6245,11596.35697501163
00e12e8b_6246,11596.34233724261
00e12e8b_6247,11596.32318690576
00e12e8b_6248,11596.31162711583
00e12e8b_6249,11596.293024049053
00e12e8b_6250,11596.282504367475
00e12e8b_6251,11596.272663713822
00e12e8b_6252,11596.254774510584
00e12e8b_6253,11596.246085056964
00e12e8b_6254,11596.22989371996
00e12e8b_6255,11596.220851887658
00e12e8b_6256,11596.205989026595
00e12e8b_6257,11596.190266462854
00e12e8b_6258,11596.172630322437
00e12e8b_6259,11596.158754197055
00e12e8b_6260,11596.140119321812
00e12e8b_6261,11596.129164231374
00e12e8b_6262,11596.109881072884
00e12e8b_6263,11596.094583656592
00e12e8b_6264,11596.080166823645
00e12e8b_6265,11596.063974591681
00e12e8b_6266,11596.051032526735
00e12e8b_6267,11596.030182197006
00e12e8b_6268,11596.011397999926
00e12e8b_6269,11595.999399017426
00e12e8b_6270,11595.982362645467
00e12e8b_6271,11595.966062686333
00e12e8b_6272,11595.941737183559
00e12e8b_6273,11595.915287130985
00e12e8b_6274,11595.89200161264
00e12e8b_6275,11595.864797892526
00e12e8b_6276,11595.836220974608
00e12e8b_6277,11595.802772244882
00e12e8b_6278,11595.77643609843
00e12e8b_6279,11595.743079042582
00e12e8b_6280,11595.710492319562
00e12e8b_6281,11595.676489750602
00e12e8b_6282,11595.645582287572
00e12e8b_6283,11595.610255107335
00e12e8b_6284,11595.571956709347
00e12e8b_6285,11595.536184393874
00e12e8b_6286,11595.50387915524
00e12e8b_6287,11595.469163683574
00e12e8b_6288,11595.430410818273
00e12e8b_6289,11595.3898660712
00e12e8b_6290,11595.354315647233
00e12e8b_6291,11595.32044539584
00e12e8b_6292,11595.282703234785
00e12e8b_6293,11595.251787835316
00e12e8b_6294,11595.216812881965
00e12e8b_6295,11595.182109761932
00e12e8b_6296,11595.148803138953
00e12e8b_6297,11595.112081142213
00e12e8b_6298,11595.076682513623
00e12e8b_6299,11595.039495664823
00e12e8b_6300,11595.004004132239
00e12e8b_6301,11594.969354994657
00e12e8b_6302,11594.930118455064
00e12e8b_6303,11594.89342859752
00e12e8b_6304,11594.849913662601
00e12e8b_6305,11594.805770006498
00e12e8b_6306,11594.758559428872
00e12e8b_6307,11594.706880750125
00e12e8b_6308,11594.655138507682
00e12e8b_6309,11594.60952220302
00e12e8b_6310,11594.564686611233
00e12e8b_6311,11594.520689036755
00e12e8b_6312,11594.475878436295
00e12e8b_6313,11594.432278336219
00e12e8b_6314,11594.390602639478
00e12e8b_6315,11594.349927295018
00e12e8b_6316,11594.306296763325
00e12e8b_6317,11594.269733665085
00e12e8b_6318,11594.2363281369
00e12e8b_6319,11594.201651163807
00e12e8b_6320,11594.164283097612
00e12e8b_6321,11594.127205751163
00e12e8b_6322,11594.09574664343
00e12e8b_6323,11594.058236525165
00e12e8b_6324,11594.024620522501
00e12e8b_6325,11593.993865193344
00e12e8b_6326,11593.96365363221
00e12e8b_6327,11593.93417143997
00e12e8b_6328,11593.905022348823
00e12e8b_6329,11593.870676665589
00e12e8b_6330,11593.840123594284
00e12e8b_6331,11593.809904129075
00e12e8b_6332,11593.782943053837
00e12e8b_6333,11593.754136757894
00e12e8b_6334,11593.72596229755
00e12e8b_6335,11593.691366542662
00e12e8b_6336,11593.660070098464
00e12e8b_6337,11593.62946189486
00e12e8b_6338,11593.601605628446
00e12e8b_6339,11593.575147609885
00e12e8b_6340,11593.548937283396
00e12e8b_6341,11593.516311401378
00e12e8b_6342,11593.489861847635
00e12e8b_6343,11593.462061668666
00e12e8b_6344,11593.43520074484
00e12e8b_6345,11593.409611174851
00e12e8b_6346,11593.385156663442
00e12e8b_6347,11593.353792004295
00e12e8b_6348,11593.327249720553
00e12e8b_6349,11593.30580050582
00e12e8b_6350,11593.285912089606
00e12e8b_6351,11593.26050562651
00e12e8b_6352,11593.226544284798
00e12e8b_6353,11593.196648221994
00e12e8b_6354,11593.168258273616
00e12e8b_6355,11593.139204835792
00e12e8b_6356,11593.109569778095
00e12e8b_6357,11593.080653180354
00e12e8b_6358,11593.046803916139
00e12e8b_6359,11593.01829354606
00e12e8b_6360,11592.988785676016
00e12e8b_6361,11592.962840491118
00e12e8b_6362,11592.937558846443
00e12e8b_6363,11592.912639503493
00e12e8b_6364,11592.883080184338
00e12e8b_6365,11592.859292064597
00e12e8b_6366,11592.83575461138
00e12e8b_6367,11592.81371532854
00e12e8b_6368,11592.792681226967
00e12e8b_6369,11592.768111145142
00e12e8b_6370,11592.74984589055
00e12e8b_6371,11592.732536872478
00e12e8b_6372,11592.71482848857
00e12e8b_6373,11592.703025401526
00e12e8b_6374,11592.692783491872
00e12e8b_6375,11592.67959867054
00e12e8b_6376,11592.674603589621
00e12e8b_6377,11592.67154342372
00e12e8b_6378,11592.670256780191
00e12e8b_6379,11592.670582266393
00e12e8b_6380,11592.66725848967
00e12e8b_6381,11592.670324057373
00e12e8b_6382,11592.674517576856
00e12e8b_6383,11592.679677655464
